transaction_id,customer_id,transaction_date,transaction_type,channel,amount,status,merchant_category,risk_flag
TX000001,103,2025-10-16 09:10:00,Purchase,Net Banking,1672.72,Success,Healthcare,0
TX000002,240,2025-10-20 14:30:00,Refund,UPI,975.04,Success,Education,0
TX000003,368,2025-09-19 17:34:00,Transfer,UPI,1901.76,Success,Utilities,0
TX000004,498,2025-04-26 10:13:00,Transfer,UPI,4002.1,Success,Utilities,0
TX000005,394,2025-12-18 19:20:00,Purchase,Debit Card,898.72,Success,Utilities,0
TX000006,156,2025-03-01 22:47:00,Purchase,ATM,898.73,Failed,Dining,0
TX000007,434,2025-01-29 17:05:00,Purchase,Debit Card,4197.86,Success,Dining,0
TX000008,315,2025-07-14 05:36:00,Purchase,Debit Card,2105.52,Success,Utilities,0
TX000009,338,2025-08-16 08:46:00,Withdrawal,Debit Card,735.79,Success,Groceries,0
TX000010,42,2025-01-17 13:15:00,Bill Payment,Net Banking,1739.19,Success,Education,0
TX000011,317,2025-08-21 15:35:00,Purchase,Net Banking,739.59,Success,Dining,0
TX000012,248,2025-03-31 03:46:00,Withdrawal,Credit Card,738.14,Success,Groceries,0
TX000013,81,2025-06-10 01:19:00,Purchase,Debit Card,1347.04,Success,Healthcare,0
TX000014,376,2025-12-26 17:28:00,Bill Payment,ATM,215.66,Success,Travel,0
TX000015,164,2025-03-30 00:20:00,Transfer,UPI,253.11,Success,Dining,0
TX000016,485,2025-05-20 20:45:00,Bill Payment,UPI,679.97,Success,Healthcare,0
TX000017,479,2025-07-30 07:54:00,Withdrawal,UPI,463.63,Reversed,Other,0
TX000018,256,2025-11-17 01:28:00,Purchase,UPI,1432.41,Success,Shopping,0
TX000019,111,2025-08-01 09:20:00,Purchase,UPI,506.83,Success,Other,0
TX000020,147,2025-07-15 09:40:00,Purchase,UPI,330.15,Success,Healthcare,0
TX000021,392,2025-05-27 19:41:00,Purchase,UPI,3811.59,Success,Dining,0
TX000022,38,2025-05-21 15:58:00,Transfer,Credit Card,905.14,Reversed,Travel,0
TX000023,66,2025-12-22 00:24:00,Purchase,UPI,1161.42,Success,Healthcare,0
TX000024,387,2025-02-22 12:37:00,Purchase,Debit Card,326.67,Success,Utilities,0
TX000025,366,2025-05-02 06:09:00,Withdrawal,Debit Card,690.4,Success,Utilities,0
TX000026,168,2025-12-06 02:25:00,Transfer,UPI,1205.06,Success,Dining,0
TX000027,304,2025-05-03 11:16:00,Transfer,Debit Card,412.26,Success,Other,0
TX000028,418,2025-01-07 01:22:00,Purchase,Credit Card,1509.21,Success,Groceries,0
TX000029,306,2025-06-22 19:01:00,Purchase,Credit Card,658.17,Success,Shopping,0
TX000030,370,2025-01-19 16:44:00,Transfer,UPI,855.82,Success,Education,0
TX000031,76,2025-10-27 03:47:00,Transfer,UPI,657.57,Success,Groceries,0
TX000032,226,2025-04-25 05:05:00,Purchase,UPI,5294.57,Success,Other,0
TX000033,447,2025-11-05 21:13:00,Withdrawal,UPI,1084.12,Success,Healthcare,0
TX000034,340,2025-06-24 04:04:00,Transfer,UPI,446.28,Success,Healthcare,0
TX000035,280,2025-05-09 23:48:00,Transfer,Net Banking,2206.5,Success,Dining,0
TX000036,313,2025-06-26 06:49:00,Purchase,UPI,388.5,Success,Dining,0
TX000037,395,2025-04-16 05:21:00,Withdrawal,Credit Card,1309.67,Success,Dining,0
TX000038,148,2025-02-14 08:57:00,Transfer,Debit Card,207.32,Success,Healthcare,0
TX000039,489,2025-10-09 11:08:00,Withdrawal,UPI,354.62,Success,Healthcare,0
TX000040,474,2025-06-11 01:32:00,Transfer,Credit Card,1296.38,Success,Dining,0
TX000041,478,2025-07-24 14:59:00,Transfer,UPI,2054.31,Success,Shopping,0
TX000042,26,2025-09-01 21:05:00,Bill Payment,UPI,1268.59,Success,Healthcare,0
TX000043,368,2025-06-21 23:55:00,Purchase,Net Banking,132552.88,Success,Education,1
TX000044,335,2025-12-07 10:26:00,Bill Payment,Debit Card,849.0,Success,Dining,0
TX000045,165,2025-04-14 21:59:00,Transfer,Net Banking,312.08,Success,Groceries,0
TX000046,468,2025-12-02 11:56:00,Purchase,Net Banking,594.74,Success,Education,0
TX000047,404,2025-06-30 08:43:00,Purchase,Credit Card,741.34,Success,Groceries,0
TX000048,5,2025-04-19 15:23:00,Transfer,UPI,2693.38,Success,Other,0
TX000049,456,2025-12-08 17:16:00,Purchase,Debit Card,1468.62,Success,Healthcare,0
TX000050,84,2025-09-24 04:37:00,Transfer,UPI,245.04,Success,Dining,0
TX000051,291,2025-09-03 13:00:00,Withdrawal,UPI,1444.43,Success,Education,0
TX000052,264,2025-04-30 09:28:00,Purchase,Credit Card,790.51,Success,Healthcare,0
TX000053,480,2025-04-01 07:28:00,Purchase,UPI,616.84,Success,Healthcare,0
TX000054,155,2025-08-01 01:37:00,Withdrawal,UPI,1844.43,Success,Groceries,0
TX000055,342,2025-02-13 01:03:00,Transfer,UPI,2634.24,Success,Dining,0
TX000056,354,2025-02-12 17:59:00,Transfer,ATM,2420.16,Success,Utilities,0
TX000057,245,2025-02-25 18:33:00,Transfer,ATM,537.36,Success,Other,0
TX000058,388,2025-07-15 16:54:00,Withdrawal,Net Banking,843.17,Success,Travel,0
TX000059,270,2025-06-12 15:44:00,Transfer,UPI,1453.27,Success,Shopping,0
TX000060,294,2025-07-15 09:24:00,Purchase,UPI,2512.95,Success,Shopping,0
TX000061,368,2025-08-01 07:37:00,Transfer,Net Banking,729.75,Success,Utilities,0
TX000062,263,2025-06-01 06:02:00,Transfer,UPI,936.54,Success,Groceries,0
TX000063,203,2025-04-03 15:28:00,Withdrawal,Credit Card,428.21,Success,Healthcare,0
TX000064,359,2025-01-24 05:08:00,Transfer,UPI,396.72,Reversed,Other,0
TX000065,17,2025-04-15 12:38:00,Purchase,Credit Card,2187.79,Failed,Education,0
TX000066,192,2025-12-28 11:42:00,Bill Payment,UPI,3473.1,Success,Travel,0
TX000067,350,2025-12-18 00:49:00,Transfer,Debit Card,1031.52,Success,Utilities,0
TX000068,276,2025-05-24 02:35:00,Transfer,Credit Card,2573.45,Success,Groceries,0
TX000069,153,2025-06-18 13:47:00,Transfer,Debit Card,1491.28,Success,Shopping,0
TX000070,236,2025-05-07 00:47:00,Purchase,UPI,633.75,Success,Groceries,0
TX000071,415,2025-08-29 08:53:00,Purchase,Credit Card,1490.98,Success,Shopping,0
TX000072,35,2025-02-06 17:38:00,Transfer,UPI,4053.48,Success,Shopping,0
TX000073,380,2025-01-17 02:32:00,Purchase,UPI,1063.74,Success,Groceries,0
TX000074,72,2025-07-03 11:06:00,Refund,UPI,4146.2,Success,Healthcare,0
TX000075,122,2025-04-20 20:51:00,Bill Payment,ATM,118.3,Success,Dining,0
TX000076,32,2025-07-22 16:40:00,Bill Payment,Net Banking,2205.3,Success,Education,0
TX000077,285,2025-06-30 10:48:00,Purchase,UPI,1180.85,Success,Healthcare,0
TX000078,357,2025-06-01 13:54:00,Purchase,UPI,850.52,Success,Shopping,0
TX000079,435,2025-03-24 01:05:00,Purchase,Credit Card,1185.59,Success,Education,0
TX000080,496,2025-06-01 15:30:00,Transfer,UPI,202.46,Success,Travel,0
TX000081,473,2025-06-13 18:17:00,Bill Payment,UPI,909.85,Success,Dining,0
TX000082,194,2025-09-03 06:38:00,Transfer,UPI,1485.56,Success,Shopping,0
TX000083,246,2025-03-18 01:18:00,Bill Payment,UPI,3851.47,Success,Shopping,0
TX000084,493,2025-09-27 23:06:00,Purchase,ATM,705.9,Success,Shopping,0
TX000085,204,2025-11-30 04:29:00,Purchase,UPI,551.58,Success,Healthcare,0
TX000086,158,2025-04-06 05:33:00,Purchase,Net Banking,715.88,Success,Other,0
TX000087,390,2025-11-02 17:40:00,Purchase,UPI,2387.71,Success,Shopping,0
TX000088,380,2025-02-23 03:05:00,Purchase,Debit Card,1450.17,Success,Dining,0
TX000089,79,2025-03-13 10:20:00,Purchase,UPI,699.04,Success,Healthcare,0
TX000090,132,2025-10-05 22:20:00,Bill Payment,ATM,1696.42,Success,Utilities,0
TX000091,376,2025-10-17 10:36:00,Purchase,UPI,1190.96,Success,Groceries,0
TX000092,269,2025-01-13 07:33:00,Bill Payment,UPI,2498.26,Success,Groceries,0
TX000093,212,2025-02-20 01:25:00,Bill Payment,UPI,603.81,Success,Other,0
TX000094,192,2025-01-23 00:13:00,Transfer,Credit Card,830.05,Success,Other,0
TX000095,9,2025-01-03 09:46:00,Transfer,UPI,158328.91,Success,Dining,1
TX000096,9,2025-07-02 20:25:00,Withdrawal,Credit Card,316.09,Success,Travel,0
TX000097,471,2025-02-05 01:36:00,Transfer,UPI,1410.5,Success,Healthcare,0
TX000098,137,2025-10-17 10:15:00,Purchase,UPI,1369.08,Success,Shopping,0
TX000099,154,2025-09-07 01:14:00,Bill Payment,UPI,1101.41,Success,Groceries,0
TX000100,48,2025-05-28 13:22:00,Purchase,Debit Card,898.39,Success,Utilities,0
TX000101,43,2025-07-01 23:49:00,Bill Payment,Debit Card,329.29,Failed,Travel,0
TX000102,459,2025-07-12 07:07:00,Bill Payment,UPI,766.97,Success,Other,0
TX000103,139,2025-01-17 22:51:00,Bill Payment,Credit Card,819.5,Success,Groceries,0
TX000104,92,2025-12-05 03:41:00,Bill Payment,UPI,554.5,Success,Education,0
TX000105,476,2025-01-29 00:17:00,Purchase,Debit Card,956.14,Success,Healthcare,0
TX000106,197,2025-10-03 02:36:00,Withdrawal,Net Banking,1546.03,Success,Healthcare,0
TX000107,28,2025-02-05 13:35:00,Purchase,Net Banking,5449.38,Success,Education,0
TX000108,497,2025-10-09 15:25:00,Purchase,Debit Card,1272.06,Success,Shopping,0
TX000109,183,2025-07-21 08:31:00,Bill Payment,UPI,1365.01,Success,Travel,0
TX000110,396,2025-08-14 05:32:00,Purchase,UPI,1029.39,Success,Education,0
TX000111,365,2025-10-13 09:44:00,Transfer,Credit Card,214.66,Success,Groceries,0
TX000112,483,2025-04-23 05:40:00,Purchase,Credit Card,1072.19,Success,Education,0
TX000113,230,2025-07-22 19:00:00,Transfer,UPI,1154.24,Success,Travel,0
TX000114,306,2025-08-06 17:47:00,Withdrawal,Net Banking,112071.51,Success,Shopping,1
TX000115,293,2025-07-09 17:28:00,Purchase,UPI,931.22,Success,Other,0
TX000116,75,2025-01-24 00:50:00,Purchase,UPI,1417.03,Success,Healthcare,0
TX000117,129,2025-12-10 18:44:00,Purchase,Debit Card,1064.75,Success,Travel,0
TX000118,70,2025-04-21 22:08:00,Purchase,UPI,406.11,Success,Healthcare,0
TX000119,226,2025-05-02 20:58:00,Purchase,Net Banking,2896.91,Success,Dining,0
TX000120,165,2025-08-08 14:56:00,Bill Payment,UPI,2077.96,Failed,Healthcare,0
TX000121,150,2025-09-25 13:25:00,Transfer,Debit Card,2148.18,Success,Education,0
TX000122,144,2025-10-25 06:38:00,Withdrawal,UPI,506.24,Success,Utilities,0
TX000123,350,2025-10-07 11:32:00,Transfer,ATM,3613.29,Success,Other,0
TX000124,409,2025-04-17 01:41:00,Bill Payment,UPI,333.09,Success,Other,0
TX000125,72,2025-08-19 14:10:00,Purchase,UPI,1805.93,Success,Education,0
TX000126,38,2025-06-13 12:00:00,Refund,Debit Card,7057.79,Success,Education,0
TX000127,279,2025-01-14 09:15:00,Withdrawal,UPI,472.5,Success,Travel,0
TX000128,56,2025-10-07 23:13:00,Purchase,Credit Card,677.66,Success,Education,0
TX000129,496,2025-10-02 01:02:00,Purchase,Net Banking,1193.57,Success,Shopping,0
TX000130,262,2025-09-29 22:06:00,Transfer,Debit Card,714.83,Success,Education,0
TX000131,238,2025-10-09 04:49:00,Transfer,Credit Card,293.52,Reversed,Other,0
TX000132,54,2025-04-18 13:31:00,Purchase,ATM,1162.44,Failed,Utilities,0
TX000133,179,2025-04-24 13:20:00,Purchase,Net Banking,444.54,Success,Travel,0
TX000134,225,2025-09-20 20:52:00,Transfer,UPI,1640.17,Success,Travel,0
TX000135,12,2025-11-06 04:14:00,Purchase,UPI,501.94,Success,Shopping,0
TX000136,265,2025-03-05 12:23:00,Transfer,UPI,4094.68,Success,Education,0
TX000137,323,2025-03-09 03:45:00,Purchase,Credit Card,563.54,Success,Shopping,0
TX000138,231,2025-08-04 14:45:00,Purchase,UPI,834.01,Success,Travel,0
TX000139,296,2025-02-07 01:07:00,Withdrawal,Debit Card,2189.63,Success,Travel,0
TX000140,135,2025-09-02 04:40:00,Bill Payment,Debit Card,385.2,Success,Education,0
TX000141,301,2025-02-11 14:10:00,Purchase,Net Banking,1330.54,Success,Dining,0
TX000142,471,2025-08-12 17:26:00,Transfer,Credit Card,3331.14,Success,Travel,0
TX000143,94,2025-05-16 21:59:00,Transfer,Debit Card,279.68,Success,Education,0
TX000144,217,2025-03-09 15:08:00,Transfer,Debit Card,1282.98,Failed,Utilities,0
TX000145,285,2025-03-02 18:05:00,Transfer,UPI,1367.72,Success,Groceries,0
TX000146,444,2025-05-11 17:19:00,Bill Payment,Debit Card,2131.43,Success,Other,0
TX000147,210,2025-09-07 06:58:00,Transfer,Credit Card,383.21,Success,Groceries,0
TX000148,408,2025-10-05 02:12:00,Purchase,UPI,356.96,Success,Other,0
TX000149,290,2025-09-28 08:13:00,Withdrawal,Debit Card,1708.98,Success,Dining,0
TX000150,397,2025-07-17 17:44:00,Bill Payment,UPI,1411.54,Success,Other,0
TX000151,280,2025-03-21 13:38:00,Refund,UPI,1356.85,Success,Dining,0
TX000152,448,2025-12-30 20:07:00,Purchase,UPI,1472.15,Success,Travel,0
TX000153,398,2025-10-23 14:23:00,Purchase,Net Banking,615.22,Success,Education,0
TX000154,85,2025-08-13 08:00:00,Purchase,UPI,1335.97,Success,Healthcare,0
TX000155,273,2025-04-13 08:09:00,Transfer,UPI,1406.85,Success,Dining,0
TX000156,488,2025-11-09 09:27:00,Transfer,Net Banking,597.53,Success,Education,0
TX000157,471,2025-01-22 14:02:00,Refund,Net Banking,5355.66,Success,Shopping,0
TX000158,75,2025-09-17 00:15:00,Purchase,UPI,1640.5,Success,Utilities,0
TX000159,296,2025-08-19 06:00:00,Purchase,UPI,398.37,Success,Travel,0
TX000160,207,2025-07-07 17:29:00,Withdrawal,Credit Card,1916.14,Success,Other,0
TX000161,168,2025-07-31 21:12:00,Purchase,Net Banking,478.91,Success,Other,0
TX000162,326,2025-08-30 19:22:00,Transfer,Net Banking,2140.99,Success,Education,0
TX000163,423,2025-03-19 03:11:00,Transfer,UPI,2936.01,Success,Utilities,0
TX000164,290,2025-11-07 08:34:00,Transfer,UPI,545.89,Success,Travel,0
TX000165,321,2025-10-13 09:43:00,Bill Payment,UPI,2487.09,Success,Other,0
TX000166,1,2025-12-28 02:48:00,Bill Payment,UPI,1557.54,Success,Dining,0
TX000167,82,2025-11-15 08:49:00,Bill Payment,UPI,2205.59,Success,Healthcare,0
TX000168,341,2025-11-26 01:31:00,Transfer,UPI,5498.74,Success,Shopping,0
TX000169,220,2025-08-27 15:43:00,Purchase,UPI,890.18,Success,Shopping,0
TX000170,266,2025-09-05 13:46:00,Purchase,UPI,577.86,Success,Education,0
TX000171,356,2025-02-18 02:57:00,Transfer,UPI,514.87,Success,Travel,0
TX000172,161,2025-05-14 19:48:00,Bill Payment,UPI,548.16,Success,Utilities,0
TX000173,329,2025-12-28 12:26:00,Transfer,UPI,1027.07,Success,Utilities,0
TX000174,226,2025-05-08 20:43:00,Withdrawal,Debit Card,1465.54,Success,Other,0
TX000175,441,2025-03-21 02:18:00,Purchase,UPI,1387.4,Success,Education,0
TX000176,180,2025-12-17 16:59:00,Purchase,Net Banking,2215.22,Success,Shopping,0
TX000177,284,2025-08-07 19:36:00,Transfer,Debit Card,1108.82,Success,Dining,0
TX000178,106,2025-07-08 12:09:00,Transfer,UPI,3772.54,Success,Shopping,0
TX000179,254,2025-05-21 11:55:00,Purchase,Debit Card,875.72,Success,Groceries,0
TX000180,185,2025-12-07 00:45:00,Purchase,UPI,11071.66,Success,Utilities,0
TX000181,391,2025-06-21 11:47:00,Bill Payment,Net Banking,60129.89,Success,Groceries,1
TX000182,473,2025-01-23 00:23:00,Bill Payment,UPI,529.23,Success,Education,0
TX000183,217,2025-09-13 12:30:00,Purchase,Debit Card,441.31,Success,Travel,0
TX000184,159,2025-01-29 18:30:00,Transfer,UPI,1652.59,Success,Education,0
TX000185,301,2025-08-19 22:32:00,Withdrawal,Debit Card,906.92,Success,Education,0
TX000186,374,2025-12-14 03:10:00,Bill Payment,UPI,2012.03,Success,Other,0
TX000187,314,2025-08-10 16:03:00,Purchase,Credit Card,1639.67,Success,Groceries,0
TX000188,363,2025-02-19 22:58:00,Withdrawal,UPI,1030.81,Success,Dining,0
TX000189,86,2025-05-16 09:26:00,Purchase,Net Banking,533.91,Success,Groceries,0
TX000190,172,2025-10-21 20:36:00,Purchase,Debit Card,302.59,Failed,Travel,0
TX000191,255,2025-06-15 17:34:00,Transfer,UPI,750.29,Success,Utilities,0
TX000192,131,2025-10-09 13:27:00,Purchase,Debit Card,2270.92,Success,Groceries,0
TX000193,23,2025-11-09 15:20:00,Bill Payment,UPI,1315.51,Success,Utilities,0
TX000194,92,2025-12-06 00:36:00,Bill Payment,UPI,380.36,Success,Education,0
TX000195,115,2025-04-28 03:56:00,Purchase,Net Banking,1270.55,Success,Healthcare,0
TX000196,62,2025-07-02 18:54:00,Transfer,UPI,1521.6,Success,Groceries,0
TX000197,489,2025-05-26 23:20:00,Purchase,Debit Card,517.35,Success,Healthcare,0
TX000198,45,2025-07-21 08:59:00,Transfer,UPI,1249.71,Success,Shopping,0
TX000199,238,2025-05-15 02:01:00,Transfer,Debit Card,1152.26,Success,Shopping,0
TX000200,78,2025-01-03 07:43:00,Bill Payment,UPI,415.08,Success,Groceries,0
TX000201,487,2025-05-02 23:25:00,Purchase,Credit Card,1486.41,Success,Travel,0
TX000202,106,2025-07-12 21:35:00,Refund,UPI,1766.34,Failed,Utilities,0
TX000203,365,2025-04-12 21:09:00,Purchase,ATM,2753.4,Success,Healthcare,0
TX000204,235,2025-12-21 19:47:00,Withdrawal,Debit Card,2685.79,Success,Education,0
TX000205,39,2025-08-04 12:03:00,Transfer,UPI,340.01,Success,Dining,0
TX000206,436,2025-04-25 16:35:00,Bill Payment,UPI,494.15,Success,Other,0
TX000207,140,2025-03-27 01:19:00,Purchase,UPI,1698.97,Success,Utilities,0
TX000208,55,2025-03-01 20:19:00,Purchase,UPI,1697.17,Success,Shopping,0
TX000209,232,2025-04-23 06:02:00,Transfer,Net Banking,1698.99,Success,Dining,0
TX000210,424,2025-09-14 13:48:00,Transfer,UPI,28993.35,Success,Travel,0
TX000211,365,2025-04-01 08:58:00,Bill Payment,UPI,1781.58,Success,Utilities,0
TX000212,16,2025-12-13 15:32:00,Purchase,Debit Card,2879.09,Success,Other,0
TX000213,53,2025-10-20 16:33:00,Withdrawal,UPI,2467.35,Success,Shopping,0
TX000214,67,2025-03-14 03:18:00,Bill Payment,UPI,1907.76,Success,Dining,0
TX000215,470,2025-10-23 21:53:00,Purchase,ATM,838.84,Success,Utilities,0
TX000216,48,2025-11-26 12:41:00,Bill Payment,Net Banking,2090.43,Failed,Groceries,0
TX000217,87,2025-12-03 11:11:00,Transfer,Net Banking,568.56,Success,Education,0
TX000218,89,2025-05-09 20:48:00,Purchase,UPI,896.68,Success,Groceries,0
TX000219,315,2025-08-14 10:26:00,Transfer,Debit Card,725.92,Success,Other,0
TX000220,32,2025-02-01 22:31:00,Purchase,UPI,1175.67,Success,Shopping,0
TX000221,323,2025-12-28 22:28:00,Withdrawal,Net Banking,7843.65,Success,Healthcare,0
TX000222,246,2025-07-18 06:04:00,Withdrawal,UPI,224.26,Success,Dining,0
TX000223,93,2025-01-10 11:44:00,Purchase,UPI,1965.14,Success,Groceries,0
TX000224,415,2025-12-28 00:07:00,Transfer,UPI,278.44,Success,Utilities,0
TX000225,52,2025-04-01 05:48:00,Transfer,UPI,734.26,Success,Groceries,0
TX000226,392,2025-12-29 18:36:00,Bill Payment,Debit Card,2767.25,Success,Utilities,0
TX000227,91,2025-03-28 03:00:00,Transfer,Net Banking,1158.22,Success,Groceries,0
TX000228,361,2025-09-13 01:35:00,Purchase,Debit Card,438.74,Failed,Other,0
TX000229,278,2025-04-23 12:32:00,Purchase,UPI,597.04,Success,Groceries,0
TX000230,270,2025-06-24 00:43:00,Purchase,Net Banking,1954.05,Success,Utilities,0
TX000231,471,2025-10-20 03:41:00,Bill Payment,UPI,589.45,Success,Utilities,0
TX000232,397,2025-02-10 09:14:00,Bill Payment,Net Banking,1318.16,Success,Education,0
TX000233,301,2025-02-06 18:49:00,Purchase,UPI,1139.95,Success,Education,0
TX000234,406,2025-08-21 17:59:00,Bill Payment,Debit Card,630.26,Failed,Healthcare,0
TX000235,115,2025-08-31 07:30:00,Transfer,UPI,6784.21,Success,Utilities,0
TX000236,91,2025-09-23 08:37:00,Purchase,Credit Card,1879.63,Success,Groceries,0
TX000237,94,2025-08-08 07:45:00,Purchase,Net Banking,196.1,Success,Travel,0
TX000238,480,2025-06-30 15:43:00,Purchase,Credit Card,1284.96,Reversed,Utilities,0
TX000239,326,2025-11-19 08:02:00,Bill Payment,Net Banking,624.83,Success,Healthcare,0
TX000240,229,2025-01-05 03:34:00,Purchase,UPI,2263.28,Success,Travel,0
TX000241,369,2025-01-01 11:11:00,Purchase,UPI,559.12,Success,Education,0
TX000242,253,2025-11-18 01:01:00,Purchase,Debit Card,994.73,Success,Shopping,0
TX000243,84,2025-06-14 07:24:00,Purchase,Net Banking,1684.53,Success,Travel,0
TX000244,38,2025-05-05 10:45:00,Purchase,UPI,2289.05,Success,Travel,0
TX000245,174,2025-08-05 06:43:00,Refund,Net Banking,395.34,Success,Utilities,0
TX000246,311,2025-11-20 22:46:00,Purchase,UPI,825.24,Failed,Education,0
TX000247,357,2025-07-21 17:54:00,Withdrawal,Credit Card,732.38,Success,Shopping,0
TX000248,50,2025-01-19 01:43:00,Purchase,Debit Card,629.34,Success,Groceries,0
TX000249,219,2025-02-01 21:42:00,Purchase,Credit Card,4917.9,Success,Groceries,0
TX000250,106,2025-03-04 04:45:00,Transfer,ATM,1547.25,Success,Education,0
TX000251,242,2025-06-28 01:47:00,Bill Payment,UPI,375.5,Success,Healthcare,0
TX000252,454,2025-05-19 21:07:00,Purchase,UPI,2392.71,Success,Shopping,0
TX000253,429,2025-04-08 18:43:00,Transfer,UPI,6659.72,Success,Healthcare,0
TX000254,414,2025-07-17 03:15:00,Purchase,Credit Card,2637.52,Success,Education,0
TX000255,420,2025-07-10 06:23:00,Purchase,Debit Card,301.43,Success,Shopping,0
TX000256,244,2025-04-19 19:24:00,Purchase,Net Banking,726.62,Success,Utilities,0
TX000257,62,2025-12-12 14:42:00,Withdrawal,UPI,3219.16,Failed,Shopping,0
TX000258,65,2025-01-16 12:54:00,Purchase,ATM,600.93,Reversed,Utilities,0
TX000259,428,2025-08-05 15:36:00,Purchase,Net Banking,1599.18,Success,Education,0
TX000260,285,2025-05-25 16:08:00,Transfer,Net Banking,2118.45,Success,Groceries,0
TX000261,403,2025-09-13 00:17:00,Transfer,Debit Card,498.75,Success,Utilities,0
TX000262,291,2025-08-03 01:26:00,Transfer,ATM,1042.53,Success,Travel,0
TX000263,403,2025-04-15 03:55:00,Bill Payment,Net Banking,69.75,Success,Other,0
TX000264,293,2025-08-10 17:11:00,Transfer,UPI,459.1,Success,Education,0
TX000265,20,2025-05-25 02:29:00,Bill Payment,UPI,884.76,Success,Dining,0
TX000266,460,2025-05-16 14:26:00,Purchase,Net Banking,379.7,Success,Other,0
TX000267,440,2025-09-11 11:20:00,Transfer,ATM,4392.04,Success,Other,0
TX000268,397,2025-10-28 16:09:00,Purchase,Credit Card,325.18,Success,Other,0
TX000269,109,2025-11-29 13:41:00,Bill Payment,Credit Card,754.43,Success,Groceries,0
TX000270,264,2025-10-16 04:08:00,Purchase,UPI,1225.53,Success,Groceries,0
TX000271,89,2025-03-12 04:23:00,Bill Payment,UPI,3733.43,Success,Groceries,0
TX000272,471,2025-05-12 05:00:00,Withdrawal,UPI,323.6,Success,Travel,0
TX000273,349,2025-01-12 03:03:00,Purchase,Debit Card,2947.43,Failed,Other,0
TX000274,301,2025-07-20 17:37:00,Purchase,UPI,1106.21,Success,Travel,0
TX000275,146,2025-01-10 23:51:00,Purchase,UPI,476.14,Failed,Shopping,0
TX000276,332,2025-03-23 23:03:00,Transfer,UPI,1624.23,Success,Groceries,0
TX000277,243,2025-11-28 20:56:00,Purchase,UPI,1298.81,Success,Dining,0
TX000278,365,2025-12-19 01:59:00,Withdrawal,UPI,658.4,Success,Other,0
TX000279,130,2025-03-21 10:44:00,Transfer,Credit Card,1163.67,Success,Travel,0
TX000280,4,2025-07-06 05:40:00,Refund,ATM,790.36,Success,Dining,0
TX000281,153,2025-09-07 04:29:00,Purchase,UPI,1207.72,Success,Dining,0
TX000282,134,2025-08-27 21:15:00,Withdrawal,Net Banking,1925.25,Success,Shopping,0
TX000283,461,2025-01-21 16:06:00,Withdrawal,Net Banking,4222.21,Success,Utilities,0
TX000284,370,2025-01-10 06:25:00,Transfer,ATM,382.93,Success,Education,0
TX000285,378,2025-01-13 20:37:00,Transfer,ATM,6721.58,Success,Shopping,0
TX000286,352,2025-07-14 15:42:00,Transfer,Debit Card,208.66,Success,Dining,0
TX000287,433,2025-03-03 21:21:00,Bill Payment,Net Banking,963.9,Success,Utilities,0
TX000288,380,2025-04-05 04:08:00,Withdrawal,Debit Card,1808.17,Failed,Healthcare,0
TX000289,336,2025-02-02 12:18:00,Purchase,UPI,1392.48,Success,Healthcare,0
TX000290,191,2025-04-05 20:48:00,Transfer,Debit Card,645.94,Success,Travel,0
TX000291,242,2025-11-20 19:55:00,Purchase,UPI,918.83,Success,Education,0
TX000292,28,2025-11-14 01:35:00,Bill Payment,UPI,721.22,Success,Other,0
TX000293,74,2025-04-26 04:36:00,Bill Payment,UPI,664.5,Success,Utilities,0
TX000294,161,2025-08-20 00:20:00,Purchase,Debit Card,2257.84,Success,Utilities,0
TX000295,251,2025-10-13 21:16:00,Withdrawal,UPI,1485.44,Success,Education,0
TX000296,220,2025-12-18 11:09:00,Transfer,UPI,608.52,Success,Groceries,0
TX000297,457,2025-04-28 07:32:00,Withdrawal,Debit Card,50618.58,Success,Shopping,1
TX000298,356,2025-11-16 07:12:00,Purchase,UPI,1423.97,Success,Utilities,0
TX000299,34,2025-10-27 22:51:00,Purchase,ATM,2188.41,Success,Healthcare,0
TX000300,223,2025-11-20 07:14:00,Transfer,UPI,1872.79,Success,Shopping,0
TX000301,85,2025-12-12 04:29:00,Bill Payment,Net Banking,542.05,Success,Utilities,0
TX000302,109,2025-09-25 06:27:00,Purchase,Debit Card,681.19,Success,Groceries,0
TX000303,193,2025-11-16 03:21:00,Transfer,Net Banking,2069.78,Success,Groceries,0
TX000304,339,2025-02-09 08:42:00,Transfer,UPI,1842.38,Success,Education,0
TX000305,64,2025-07-19 06:13:00,Purchase,Credit Card,1077.32,Success,Groceries,0
TX000306,155,2025-06-03 05:37:00,Transfer,Credit Card,1211.64,Success,Utilities,0
TX000307,215,2025-10-30 10:21:00,Bill Payment,Debit Card,3248.72,Success,Travel,0
TX000308,255,2025-03-14 07:48:00,Transfer,Net Banking,663.26,Failed,Healthcare,0
TX000309,361,2025-05-30 04:30:00,Purchase,UPI,1745.91,Success,Other,0
TX000310,170,2025-03-27 09:08:00,Purchase,Credit Card,923.47,Success,Other,0
TX000311,77,2025-12-12 16:23:00,Purchase,Debit Card,911.39,Success,Dining,0
TX000312,330,2025-03-26 03:54:00,Transfer,ATM,2790.46,Success,Utilities,0
TX000313,448,2025-01-15 08:40:00,Bill Payment,UPI,2211.89,Success,Travel,0
TX000314,49,2025-11-06 22:18:00,Withdrawal,UPI,2189.62,Success,Utilities,0
TX000315,169,2025-05-11 04:07:00,Bill Payment,ATM,3326.44,Success,Healthcare,0
TX000316,418,2025-05-05 18:45:00,Purchase,UPI,1116.39,Success,Education,0
TX000317,354,2025-11-06 17:16:00,Transfer,UPI,1957.96,Success,Utilities,0
TX000318,357,2025-09-22 11:28:00,Purchase,ATM,842.42,Success,Other,0
TX000319,411,2025-07-27 03:30:00,Transfer,UPI,1444.53,Success,Groceries,0
TX000320,442,2025-09-07 04:56:00,Bill Payment,Credit Card,981.79,Success,Other,0
TX000321,58,2025-11-20 03:54:00,Purchase,UPI,1190.88,Success,Shopping,0
TX000322,490,2025-09-01 21:11:00,Bill Payment,Debit Card,1818.71,Success,Education,0
TX000323,339,2025-09-22 13:34:00,Purchase,UPI,547.03,Success,Groceries,0
TX000324,6,2025-08-23 06:06:00,Bill Payment,Debit Card,6493.32,Success,Utilities,0
TX000325,39,2025-10-01 14:05:00,Transfer,UPI,466.33,Success,Shopping,0
TX000326,282,2025-08-23 05:23:00,Purchase,Net Banking,390.7,Success,Other,0
TX000327,46,2025-11-08 20:59:00,Transfer,UPI,2934.8,Success,Groceries,0
TX000328,53,2025-05-27 21:18:00,Purchase,Debit Card,63634.33,Success,Dining,1
TX000329,456,2025-07-05 01:55:00,Transfer,Credit Card,1864.04,Success,Groceries,0
TX000330,419,2025-03-23 03:53:00,Bill Payment,UPI,1870.75,Success,Healthcare,0
TX000331,367,2025-06-14 18:17:00,Purchase,Credit Card,1085.28,Success,Dining,0
TX000332,281,2025-07-10 01:10:00,Purchase,UPI,511.49,Success,Education,0
TX000333,55,2025-04-03 14:00:00,Transfer,UPI,1169.62,Success,Other,0
TX000334,423,2025-10-12 12:09:00,Purchase,UPI,616.72,Success,Travel,0
TX000335,396,2025-11-21 16:16:00,Transfer,Credit Card,2512.04,Success,Other,0
TX000336,3,2025-07-13 02:23:00,Withdrawal,Debit Card,967.78,Success,Utilities,0
TX000337,355,2025-07-30 15:29:00,Purchase,Net Banking,543.66,Success,Healthcare,0
TX000338,259,2025-11-17 21:42:00,Purchase,ATM,834.49,Success,Dining,0
TX000339,204,2025-12-17 20:00:00,Purchase,UPI,1557.74,Success,Dining,0
TX000340,432,2025-09-13 09:45:00,Transfer,UPI,679.14,Success,Shopping,0
TX000341,103,2025-03-18 08:29:00,Transfer,UPI,545.18,Success,Utilities,0
TX000342,258,2025-07-17 12:21:00,Transfer,UPI,1349.02,Success,Other,0
TX000343,299,2025-07-27 18:18:00,Bill Payment,Credit Card,1350.49,Success,Dining,0
TX000344,450,2025-11-05 11:49:00,Purchase,UPI,712.73,Success,Groceries,0
TX000345,344,2025-01-21 14:37:00,Purchase,Credit Card,734.81,Success,Dining,0
TX000346,75,2025-11-02 14:37:00,Purchase,Net Banking,1335.74,Success,Healthcare,0
TX000347,417,2025-06-14 18:49:00,Purchase,Net Banking,320.26,Success,Education,0
TX000348,122,2025-07-06 00:30:00,Withdrawal,Net Banking,331.51,Success,Education,0
TX000349,199,2025-06-01 16:00:00,Bill Payment,ATM,595.45,Success,Groceries,0
TX000350,381,2025-04-02 12:15:00,Purchase,Net Banking,914.68,Success,Shopping,0
TX000351,467,2025-08-19 18:07:00,Withdrawal,Debit Card,1428.34,Success,Shopping,0
TX000352,398,2025-09-21 22:23:00,Bill Payment,UPI,3843.17,Success,Utilities,0
TX000353,493,2025-03-05 06:38:00,Withdrawal,UPI,2273.35,Success,Dining,0
TX000354,67,2025-02-28 14:13:00,Transfer,UPI,957.24,Success,Utilities,0
TX000355,21,2025-02-25 23:04:00,Bill Payment,Debit Card,1079.05,Success,Dining,0
TX000356,252,2025-10-15 14:19:00,Transfer,UPI,467.71,Success,Shopping,0
TX000357,490,2025-03-08 22:40:00,Transfer,Net Banking,1079.51,Success,Education,0
TX000358,48,2025-05-08 05:07:00,Purchase,UPI,858.03,Success,Shopping,0
TX000359,487,2025-10-02 00:48:00,Transfer,Debit Card,1442.76,Success,Groceries,0
TX000360,59,2025-09-01 13:16:00,Purchase,UPI,542.86,Success,Shopping,0
TX000361,491,2025-01-15 12:27:00,Transfer,UPI,1705.21,Failed,Education,0
TX000362,132,2025-07-16 16:39:00,Withdrawal,UPI,4035.27,Success,Other,0
TX000363,250,2025-01-16 23:10:00,Purchase,Credit Card,999.8,Success,Travel,0
TX000364,86,2025-12-20 18:13:00,Bill Payment,Debit Card,59820.77,Success,Shopping,1
TX000365,443,2025-09-07 13:09:00,Purchase,UPI,1971.64,Success,Education,0
TX000366,332,2025-10-25 08:54:00,Bill Payment,Credit Card,779.74,Success,Healthcare,0
TX000367,20,2025-02-01 20:46:00,Purchase,UPI,1326.74,Success,Shopping,0
TX000368,467,2025-04-05 04:06:00,Purchase,Debit Card,1108.43,Success,Education,0
TX000369,345,2025-02-13 01:46:00,Transfer,Debit Card,1191.57,Success,Groceries,0
TX000370,359,2025-11-05 20:07:00,Purchase,ATM,568.47,Success,Dining,0
TX000371,311,2025-02-01 11:53:00,Purchase,ATM,1119.72,Success,Groceries,0
TX000372,243,2025-02-26 21:58:00,Transfer,UPI,1674.55,Success,Dining,0
TX000373,492,2025-08-19 20:22:00,Purchase,Credit Card,3764.88,Success,Healthcare,0
TX000374,491,2025-12-12 16:33:00,Purchase,Net Banking,2478.43,Success,Education,0
TX000375,276,2025-07-19 08:21:00,Bill Payment,UPI,6837.69,Success,Healthcare,0
TX000376,109,2025-05-31 05:49:00,Bill Payment,Net Banking,571.21,Success,Dining,0
TX000377,100,2025-02-11 17:35:00,Purchase,Net Banking,2301.86,Success,Other,0
TX000378,331,2025-07-20 03:02:00,Purchase,Credit Card,1281.57,Success,Other,0
TX000379,488,2025-05-01 11:01:00,Purchase,Credit Card,7053.88,Success,Travel,0
TX000380,461,2025-03-12 10:48:00,Purchase,Debit Card,551.67,Success,Utilities,0
TX000381,290,2025-07-26 09:18:00,Purchase,UPI,537.13,Success,Shopping,0
TX000382,403,2025-03-22 15:43:00,Withdrawal,Debit Card,658.86,Success,Healthcare,0
TX000383,450,2025-06-24 17:54:00,Transfer,UPI,180.31,Success,Utilities,0
TX000384,331,2025-08-09 20:47:00,Purchase,UPI,701.42,Success,Shopping,0
TX000385,135,2025-09-25 01:48:00,Bill Payment,UPI,575.21,Success,Groceries,0
TX000386,417,2025-07-31 20:38:00,Transfer,Credit Card,1246.18,Success,Dining,0
TX000387,279,2025-11-22 11:46:00,Refund,Debit Card,1466.29,Success,Shopping,0
TX000388,457,2025-10-09 03:06:00,Transfer,Net Banking,5403.19,Success,Travel,0
TX000389,204,2025-05-13 11:30:00,Transfer,Credit Card,2459.86,Success,Utilities,0
TX000390,388,2025-07-07 04:35:00,Purchase,UPI,671.58,Success,Utilities,0
TX000391,377,2025-09-24 12:21:00,Transfer,UPI,510.99,Success,Travel,0
TX000392,136,2025-05-15 12:10:00,Purchase,Credit Card,1665.92,Success,Education,0
TX000393,241,2025-12-01 04:44:00,Transfer,UPI,357.02,Success,Dining,0
TX000394,428,2025-09-28 02:54:00,Purchase,Debit Card,5201.7,Success,Healthcare,0
TX000395,301,2025-08-26 20:56:00,Bill Payment,UPI,2988.49,Failed,Shopping,0
TX000396,265,2025-05-28 18:18:00,Purchase,Net Banking,735.98,Success,Groceries,0
TX000397,257,2025-11-18 03:19:00,Purchase,UPI,255.66,Success,Shopping,0
TX000398,77,2025-03-10 01:12:00,Purchase,Debit Card,3466.12,Success,Education,0
TX000399,416,2025-05-01 05:32:00,Withdrawal,Debit Card,994.9,Success,Utilities,0
TX000400,332,2025-10-31 10:03:00,Purchase,UPI,3140.52,Success,Utilities,0
TX000401,323,2025-07-06 15:32:00,Purchase,Debit Card,282.8,Success,Utilities,0
TX000402,265,2025-12-15 21:12:00,Purchase,ATM,658.87,Success,Dining,0
TX000403,485,2025-02-01 05:16:00,Purchase,Debit Card,1101.53,Success,Shopping,0
TX000404,426,2025-05-30 13:20:00,Transfer,Net Banking,1141.31,Success,Dining,0
TX000405,86,2025-09-21 16:02:00,Transfer,ATM,748.03,Success,Education,0
TX000406,198,2025-02-18 03:17:00,Purchase,UPI,1862.03,Success,Education,0
TX000407,424,2025-02-24 10:53:00,Transfer,UPI,442.54,Success,Travel,0
TX000408,48,2025-06-25 13:53:00,Transfer,Net Banking,971.63,Success,Education,0
TX000409,268,2025-06-03 03:59:00,Purchase,UPI,1214.7,Success,Other,0
TX000410,405,2025-10-07 20:45:00,Purchase,Debit Card,1698.11,Success,Travel,0
TX000411,218,2025-02-18 17:53:00,Purchase,Credit Card,2007.96,Success,Education,0
TX000412,132,2025-03-10 19:41:00,Purchase,Credit Card,128381.09,Success,Education,1
TX000413,336,2025-03-16 18:58:00,Transfer,UPI,297.68,Success,Dining,0
TX000414,134,2025-11-08 06:54:00,Transfer,Debit Card,3248.75,Reversed,Education,0
TX000415,387,2025-03-16 03:54:00,Purchase,Net Banking,1454.57,Success,Other,0
TX000416,130,2025-12-26 21:43:00,Purchase,UPI,580.44,Success,Travel,0
TX000417,383,2025-03-25 15:46:00,Purchase,Credit Card,4098.92,Success,Education,0
TX000418,403,2025-05-04 05:18:00,Withdrawal,Debit Card,1209.94,Success,Education,0
TX000419,494,2025-08-20 12:22:00,Purchase,UPI,2988.13,Success,Education,0
TX000420,46,2025-01-24 07:56:00,Purchase,UPI,1161.41,Success,Education,0
TX000421,315,2025-08-27 21:44:00,Transfer,Credit Card,6321.02,Failed,Utilities,0
TX000422,328,2025-06-29 23:51:00,Purchase,UPI,4875.8,Success,Dining,0
TX000423,100,2025-01-13 05:40:00,Withdrawal,Debit Card,887.48,Success,Groceries,0
TX000424,185,2025-03-29 02:39:00,Transfer,ATM,2504.48,Success,Education,0
TX000425,181,2025-09-01 19:35:00,Purchase,Debit Card,1898.03,Success,Travel,0
TX000426,471,2025-02-02 19:52:00,Transfer,Credit Card,3509.88,Success,Healthcare,0
TX000427,494,2025-10-24 22:04:00,Purchase,Debit Card,482.9,Success,Groceries,0
TX000428,134,2025-03-05 17:28:00,Purchase,UPI,1964.8,Success,Travel,0
TX000429,412,2025-07-06 21:10:00,Bill Payment,Net Banking,2696.37,Success,Other,0
TX000430,495,2025-05-18 06:58:00,Transfer,Credit Card,245.94,Failed,Other,0
TX000431,349,2025-06-17 17:50:00,Bill Payment,Net Banking,401.11,Success,Education,0
TX000432,325,2025-10-15 03:22:00,Refund,Credit Card,193.77,Success,Healthcare,0
TX000433,265,2025-07-15 00:35:00,Purchase,Net Banking,872.19,Success,Healthcare,0
TX000434,39,2025-07-21 21:44:00,Bill Payment,Debit Card,2018.1,Success,Dining,0
TX000435,94,2025-12-11 20:02:00,Withdrawal,ATM,3932.39,Success,Shopping,0
TX000436,377,2025-03-30 03:07:00,Bill Payment,UPI,1167.92,Success,Healthcare,0
TX000437,80,2025-10-11 14:28:00,Purchase,ATM,4377.89,Success,Groceries,0
TX000438,392,2025-11-09 01:21:00,Transfer,UPI,339.31,Success,Other,0
TX000439,460,2025-12-25 18:13:00,Bill Payment,Debit Card,257.78,Success,Dining,0
TX000440,204,2025-03-22 20:40:00,Withdrawal,UPI,1046.06,Success,Groceries,0
TX000441,258,2025-05-07 10:39:00,Purchase,Credit Card,1519.98,Failed,Other,0
TX000442,162,2025-09-08 22:24:00,Purchase,Credit Card,1066.58,Success,Healthcare,0
TX000443,314,2025-11-10 18:53:00,Purchase,Debit Card,189.18,Success,Healthcare,0
TX000444,188,2025-03-08 23:03:00,Transfer,UPI,1016.63,Success,Education,0
TX000445,144,2025-06-14 02:31:00,Purchase,UPI,361.84,Success,Travel,0
TX000446,370,2025-04-09 06:51:00,Withdrawal,Debit Card,1937.63,Success,Utilities,0
TX000447,243,2025-10-21 08:02:00,Purchase,UPI,1497.58,Success,Healthcare,0
TX000448,403,2025-06-27 04:09:00,Purchase,Debit Card,493.29,Success,Utilities,0
TX000449,31,2025-03-20 10:46:00,Withdrawal,Debit Card,708.54,Success,Healthcare,0
TX000450,134,2025-05-12 10:08:00,Purchase,Debit Card,445.71,Success,Education,0
TX000451,63,2025-05-08 19:52:00,Bill Payment,ATM,1039.74,Success,Utilities,0
TX000452,400,2025-04-14 14:56:00,Purchase,Credit Card,2469.75,Success,Travel,0
TX000453,196,2025-08-12 10:16:00,Purchase,Debit Card,474.44,Success,Healthcare,0
TX000454,216,2025-08-18 20:09:00,Transfer,UPI,1683.18,Success,Healthcare,0
TX000455,117,2025-04-25 03:14:00,Purchase,UPI,698.74,Success,Dining,0
TX000456,455,2025-06-11 23:34:00,Withdrawal,ATM,558.95,Success,Other,0
TX000457,212,2025-03-02 22:02:00,Purchase,UPI,1001.27,Success,Travel,0
TX000458,108,2025-03-02 18:29:00,Purchase,UPI,454.88,Success,Groceries,0
TX000459,14,2025-10-08 16:31:00,Purchase,Credit Card,684.99,Success,Utilities,0
TX000460,44,2025-08-27 10:00:00,Bill Payment,UPI,396.15,Success,Other,0
TX000461,321,2025-02-16 00:36:00,Purchase,Net Banking,5825.59,Success,Healthcare,0
TX000462,443,2025-06-23 08:42:00,Transfer,Net Banking,1130.0,Success,Utilities,0
TX000463,497,2025-12-12 07:59:00,Transfer,UPI,605.0,Success,Education,0
TX000464,269,2025-08-21 22:32:00,Transfer,UPI,1315.38,Success,Travel,0
TX000465,227,2025-04-23 02:11:00,Purchase,UPI,996.77,Success,Utilities,0
TX000466,177,2025-04-15 09:46:00,Transfer,UPI,908.85,Failed,Other,0
TX000467,154,2025-01-04 07:48:00,Withdrawal,Net Banking,1848.34,Success,Healthcare,0
TX000468,97,2025-05-30 21:48:00,Bill Payment,UPI,2087.83,Success,Education,0
TX000469,425,2025-05-18 18:08:00,Purchase,UPI,698.6,Success,Dining,0
TX000470,146,2025-08-25 02:18:00,Withdrawal,Net Banking,672.2,Success,Utilities,0
TX000471,70,2025-04-16 10:31:00,Purchase,Debit Card,868.01,Success,Other,0
TX000472,97,2025-04-27 17:49:00,Purchase,UPI,154.99,Success,Travel,0
TX000473,145,2025-04-09 00:15:00,Purchase,UPI,63529.55,Success,Shopping,1
TX000474,176,2025-06-03 00:08:00,Purchase,Net Banking,3504.64,Success,Groceries,0
TX000475,170,2025-01-30 05:00:00,Bill Payment,ATM,4439.17,Success,Travel,0
TX000476,279,2025-06-21 04:12:00,Purchase,Net Banking,887.42,Success,Groceries,0
TX000477,63,2025-12-21 20:10:00,Withdrawal,UPI,1790.18,Success,Groceries,0
TX000478,102,2025-06-17 18:50:00,Withdrawal,UPI,1428.76,Success,Education,0
TX000479,349,2025-12-16 23:12:00,Purchase,UPI,15018.66,Success,Travel,0
TX000480,130,2025-06-25 05:02:00,Transfer,UPI,2840.23,Success,Shopping,0
TX000481,499,2025-02-11 02:47:00,Purchase,UPI,169158.56,Success,Education,1
TX000482,405,2025-03-30 12:08:00,Purchase,UPI,486.77,Success,Utilities,0
TX000483,191,2025-10-08 15:19:00,Purchase,UPI,279.92,Success,Groceries,0
TX000484,31,2025-05-10 10:33:00,Transfer,Credit Card,1303.68,Success,Shopping,0
TX000485,163,2025-12-24 10:00:00,Transfer,Debit Card,576.57,Success,Shopping,0
TX000486,11,2025-09-08 22:45:00,Purchase,Credit Card,327.37,Success,Other,0
TX000487,287,2025-04-18 07:15:00,Transfer,Debit Card,632.96,Success,Healthcare,0
TX000488,375,2025-06-20 12:53:00,Purchase,Net Banking,437.33,Success,Travel,0
TX000489,272,2025-02-26 10:37:00,Purchase,Net Banking,4601.19,Success,Education,0
TX000490,376,2025-03-09 13:13:00,Bill Payment,Debit Card,2320.17,Success,Healthcare,0
TX000491,370,2025-01-24 01:29:00,Transfer,Debit Card,1089.23,Success,Other,0
TX000492,393,2025-07-20 18:47:00,Purchase,UPI,3858.19,Success,Travel,0
TX000493,268,2025-08-28 21:28:00,Purchase,Net Banking,1171.18,Success,Shopping,0
TX000494,55,2025-06-26 17:13:00,Purchase,UPI,527.37,Success,Other,0
TX000495,270,2025-08-16 04:20:00,Withdrawal,UPI,4002.42,Success,Travel,0
TX000496,7,2025-12-05 16:18:00,Bill Payment,Credit Card,1733.8,Success,Other,0
TX000497,411,2025-08-21 14:56:00,Purchase,Debit Card,454.11,Success,Healthcare,0
TX000498,407,2025-09-15 22:23:00,Purchase,Debit Card,932.82,Success,Dining,0
TX000499,40,2025-12-10 22:04:00,Purchase,Debit Card,520.99,Success,Education,0
TX000500,98,2025-03-12 07:30:00,Transfer,UPI,338.53,Success,Education,0
TX000501,383,2025-02-08 09:59:00,Withdrawal,Debit Card,2409.68,Success,Education,0
TX000502,453,2025-02-07 21:39:00,Purchase,UPI,5558.06,Success,Utilities,0
TX000503,274,2025-12-30 12:26:00,Transfer,ATM,334.03,Success,Healthcare,0
TX000504,433,2025-05-16 08:08:00,Purchase,Debit Card,1769.63,Success,Shopping,0
TX000505,289,2025-07-18 15:45:00,Purchase,Credit Card,630.78,Success,Other,0
TX000506,230,2025-12-16 11:04:00,Purchase,Credit Card,724.83,Success,Utilities,0
TX000507,456,2025-04-20 21:31:00,Purchase,ATM,662.79,Success,Dining,0
TX000508,471,2025-07-21 13:58:00,Transfer,Debit Card,526.16,Success,Other,0
TX000509,183,2025-02-26 20:05:00,Purchase,UPI,1142.81,Success,Dining,0
TX000510,48,2025-07-27 16:59:00,Purchase,Net Banking,541.15,Success,Other,0
TX000511,89,2025-06-27 18:37:00,Bill Payment,Credit Card,1380.07,Success,Dining,0
TX000512,20,2025-09-24 01:44:00,Withdrawal,UPI,1050.79,Success,Healthcare,0
TX000513,179,2025-11-17 07:44:00,Withdrawal,UPI,895.06,Success,Shopping,0
TX000514,383,2025-08-26 16:04:00,Bill Payment,ATM,507.03,Success,Groceries,0
TX000515,157,2025-07-10 22:07:00,Purchase,Debit Card,671.65,Success,Shopping,0
TX000516,79,2025-01-19 09:26:00,Transfer,ATM,2084.08,Success,Travel,0
TX000517,114,2025-06-07 06:18:00,Purchase,UPI,1678.71,Success,Groceries,0
TX000518,281,2025-05-26 08:11:00,Purchase,UPI,477.75,Success,Utilities,0
TX000519,247,2025-07-23 15:12:00,Purchase,UPI,1193.25,Success,Shopping,0
TX000520,125,2025-01-27 02:02:00,Purchase,UPI,2077.0,Success,Travel,0
TX000521,344,2025-05-31 13:56:00,Purchase,UPI,265.34,Success,Groceries,0
TX000522,395,2025-04-21 23:32:00,Purchase,UPI,1740.38,Success,Utilities,0
TX000523,226,2025-01-17 08:08:00,Bill Payment,UPI,624.39,Success,Travel,0
TX000524,58,2025-09-27 06:33:00,Purchase,ATM,1781.14,Success,Dining,0
TX000525,8,2025-05-05 23:33:00,Transfer,UPI,573.2,Success,Shopping,0
TX000526,379,2025-07-15 21:09:00,Purchase,Debit Card,236.48,Success,Utilities,0
TX000527,356,2025-09-12 09:48:00,Transfer,UPI,274.95,Success,Dining,0
TX000528,88,2025-01-22 21:14:00,Purchase,Net Banking,1142.38,Success,Groceries,0
TX000529,35,2025-05-22 12:01:00,Transfer,Credit Card,1367.53,Success,Travel,0
TX000530,10,2025-04-17 11:51:00,Bill Payment,Debit Card,508.43,Success,Travel,0
TX000531,463,2025-04-25 20:29:00,Transfer,Debit Card,1887.11,Success,Other,0
TX000532,288,2025-12-04 06:34:00,Withdrawal,UPI,267.12,Success,Other,0
TX000533,202,2025-09-29 00:35:00,Purchase,UPI,1036.74,Success,Shopping,0
TX000534,257,2025-04-11 10:39:00,Withdrawal,Debit Card,391.75,Success,Groceries,0
TX000535,484,2025-07-22 01:08:00,Bill Payment,UPI,630.14,Success,Utilities,0
TX000536,45,2025-09-23 17:52:00,Purchase,ATM,1141.72,Success,Shopping,0
TX000537,214,2025-03-29 12:18:00,Transfer,UPI,527.76,Success,Other,0
TX000538,278,2025-02-17 23:26:00,Purchase,UPI,790.87,Success,Utilities,0
TX000539,159,2025-09-08 16:29:00,Withdrawal,Debit Card,2579.49,Reversed,Utilities,0
TX000540,336,2025-12-06 16:56:00,Transfer,UPI,671.59,Success,Travel,0
TX000541,95,2025-04-26 15:12:00,Bill Payment,UPI,2231.3,Success,Education,0
TX000542,493,2025-05-30 17:34:00,Purchase,Credit Card,419.79,Success,Dining,0
TX000543,78,2025-10-11 15:56:00,Purchase,UPI,1720.44,Reversed,Dining,0
TX000544,311,2025-07-26 10:53:00,Transfer,Debit Card,3734.37,Success,Travel,0
TX000545,353,2025-10-11 22:13:00,Transfer,Debit Card,134.17,Success,Healthcare,0
TX000546,95,2025-11-07 06:01:00,Purchase,Debit Card,557.04,Success,Education,0
TX000547,392,2025-12-19 17:38:00,Purchase,UPI,1790.97,Success,Shopping,0
TX000548,388,2025-03-16 11:29:00,Purchase,ATM,922.8,Success,Other,0
TX000549,353,2025-04-29 06:58:00,Bill Payment,Net Banking,1503.38,Success,Education,0
TX000550,369,2025-04-24 22:08:00,Purchase,ATM,656.3,Success,Groceries,0
TX000551,267,2025-02-09 19:13:00,Transfer,Net Banking,1180.39,Reversed,Education,0
TX000552,377,2025-01-15 06:59:00,Transfer,Debit Card,960.71,Success,Dining,0
TX000553,226,2025-05-25 22:07:00,Bill Payment,Net Banking,2959.02,Success,Dining,0
TX000554,314,2025-12-01 14:37:00,Purchase,Debit Card,1361.38,Success,Other,0
TX000555,47,2025-09-21 02:35:00,Transfer,UPI,1461.13,Success,Utilities,0
TX000556,202,2025-05-31 13:44:00,Purchase,UPI,772.71,Success,Shopping,0
TX000557,452,2025-06-15 13:04:00,Purchase,UPI,724.54,Success,Utilities,0
TX000558,368,2025-09-24 23:20:00,Purchase,UPI,759.25,Success,Education,0
TX000559,373,2025-10-16 00:26:00,Refund,Debit Card,1533.46,Success,Groceries,0
TX000560,394,2025-03-04 05:12:00,Bill Payment,Debit Card,766.75,Success,Utilities,0
TX000561,92,2025-10-08 00:59:00,Withdrawal,UPI,1402.92,Success,Other,0
TX000562,148,2025-08-17 02:01:00,Purchase,Net Banking,6400.24,Success,Dining,0
TX000563,7,2025-06-16 23:40:00,Transfer,Debit Card,2299.52,Success,Other,0
TX000564,122,2025-03-20 23:04:00,Transfer,Debit Card,831.21,Success,Groceries,0
TX000565,126,2025-11-18 04:30:00,Transfer,Debit Card,3044.32,Success,Groceries,0
TX000566,95,2025-02-23 23:28:00,Purchase,UPI,775.21,Success,Dining,0
TX000567,170,2025-12-02 02:26:00,Purchase,UPI,193.95,Success,Dining,0
TX000568,313,2025-08-29 15:14:00,Transfer,Debit Card,465.51,Success,Other,0
TX000569,384,2025-07-30 19:05:00,Purchase,UPI,223.59,Success,Education,0
TX000570,420,2025-01-25 15:16:00,Withdrawal,Net Banking,813.39,Success,Travel,0
TX000571,356,2025-11-09 21:37:00,Purchase,Debit Card,1113.94,Success,Groceries,0
TX000572,56,2025-07-28 00:40:00,Withdrawal,Debit Card,4559.52,Success,Dining,0
TX000573,219,2025-08-10 16:09:00,Bill Payment,UPI,1447.93,Success,Utilities,0
TX000574,315,2025-07-24 20:22:00,Transfer,Credit Card,910.29,Success,Shopping,0
TX000575,363,2025-04-16 18:19:00,Refund,UPI,2219.41,Success,Travel,0
TX000576,378,2025-11-05 18:32:00,Purchase,Debit Card,167.42,Success,Healthcare,0
TX000577,287,2025-10-21 11:18:00,Transfer,UPI,1339.8,Success,Travel,0
TX000578,158,2025-04-20 07:55:00,Transfer,UPI,152875.37,Success,Groceries,1
TX000579,427,2025-03-05 22:40:00,Purchase,Net Banking,312.06,Success,Other,0
TX000580,409,2025-01-13 22:42:00,Transfer,Debit Card,2899.2,Success,Healthcare,0
TX000581,237,2025-10-13 10:36:00,Withdrawal,ATM,1462.24,Success,Healthcare,0
TX000582,285,2025-07-15 02:38:00,Purchase,Debit Card,770.47,Success,Healthcare,0
TX000583,34,2025-12-20 00:36:00,Purchase,Net Banking,1877.82,Success,Utilities,0
TX000584,293,2025-08-09 12:35:00,Purchase,Debit Card,7555.94,Success,Healthcare,0
TX000585,364,2025-01-12 12:22:00,Purchase,UPI,1279.96,Success,Dining,0
TX000586,111,2025-07-11 04:23:00,Purchase,UPI,1354.23,Success,Travel,0
TX000587,228,2025-07-04 05:26:00,Purchase,Debit Card,742.14,Success,Other,0
TX000588,376,2025-11-15 04:04:00,Transfer,Net Banking,532.53,Success,Utilities,0
TX000589,106,2025-09-21 19:23:00,Purchase,UPI,2221.16,Success,Dining,0
TX000590,478,2025-01-17 00:44:00,Transfer,Debit Card,529.71,Success,Groceries,0
TX000591,53,2025-07-09 12:52:00,Withdrawal,Credit Card,1165.41,Success,Shopping,0
TX000592,165,2025-03-15 00:28:00,Purchase,UPI,730.69,Success,Travel,0
TX000593,140,2025-02-24 08:47:00,Purchase,UPI,1647.7,Success,Travel,0
TX000594,106,2025-07-17 12:41:00,Purchase,UPI,1456.24,Success,Dining,0
TX000595,294,2025-03-31 03:18:00,Purchase,UPI,2648.92,Success,Groceries,0
TX000596,67,2025-01-11 13:20:00,Transfer,Credit Card,710.87,Success,Education,0
TX000597,201,2025-03-07 03:58:00,Withdrawal,Net Banking,871.84,Success,Other,0
TX000598,316,2025-05-10 11:29:00,Purchase,Net Banking,477.25,Success,Travel,0
TX000599,499,2025-12-02 23:24:00,Withdrawal,Debit Card,751.71,Success,Other,0
TX000600,50,2025-06-15 20:57:00,Purchase,Debit Card,1511.27,Success,Shopping,0
TX000601,74,2025-11-10 12:22:00,Bill Payment,UPI,2086.91,Success,Healthcare,0
TX000602,404,2025-11-10 09:42:00,Bill Payment,Debit Card,500.78,Success,Healthcare,0
TX000603,246,2025-06-17 22:23:00,Bill Payment,UPI,2296.55,Success,Travel,0
TX000604,208,2025-10-25 15:53:00,Withdrawal,UPI,3471.33,Success,Dining,0
TX000605,273,2025-06-17 20:03:00,Purchase,UPI,1558.41,Success,Other,0
TX000606,197,2025-01-25 01:14:00,Purchase,Net Banking,5406.06,Success,Education,0
TX000607,291,2025-10-14 15:45:00,Purchase,Credit Card,568.09,Success,Other,0
TX000608,59,2025-08-04 14:24:00,Transfer,UPI,380.71,Success,Dining,0
TX000609,490,2025-05-28 17:52:00,Purchase,UPI,241.79,Success,Education,0
TX000610,168,2025-06-29 23:13:00,Transfer,UPI,3911.35,Success,Groceries,0
TX000611,388,2025-02-23 10:06:00,Transfer,Debit Card,1912.58,Success,Other,0
TX000612,101,2025-03-16 21:05:00,Transfer,UPI,1046.03,Success,Dining,0
TX000613,471,2025-12-10 10:58:00,Bill Payment,Credit Card,1391.27,Reversed,Groceries,0
TX000614,314,2025-12-26 03:29:00,Transfer,Net Banking,421.3,Success,Groceries,0
TX000615,1,2025-09-14 02:00:00,Transfer,ATM,8768.22,Success,Groceries,0
TX000616,121,2025-06-07 04:23:00,Withdrawal,UPI,1223.95,Success,Education,0
TX000617,223,2025-07-18 11:19:00,Purchase,UPI,1203.5,Success,Healthcare,0
TX000618,431,2025-06-01 21:51:00,Purchase,ATM,2032.26,Success,Travel,0
TX000619,332,2025-01-06 17:15:00,Purchase,Net Banking,1650.54,Failed,Utilities,0
TX000620,44,2025-02-19 23:02:00,Transfer,UPI,1326.5,Success,Education,0
TX000621,320,2025-03-07 11:05:00,Transfer,UPI,560.09,Success,Shopping,0
TX000622,96,2025-06-04 15:42:00,Transfer,Debit Card,1637.21,Success,Dining,0
TX000623,211,2025-12-04 08:26:00,Transfer,UPI,5430.14,Success,Healthcare,0
TX000624,58,2025-07-31 06:27:00,Transfer,Credit Card,3441.31,Success,Dining,0
TX000625,239,2025-07-08 05:10:00,Purchase,Net Banking,4248.02,Success,Travel,0
TX000626,351,2025-08-19 17:14:00,Transfer,Debit Card,710.14,Success,Groceries,0
TX000627,241,2025-06-15 07:24:00,Transfer,Debit Card,472.88,Success,Dining,0
TX000628,149,2025-03-02 23:42:00,Purchase,ATM,985.43,Success,Dining,0
TX000629,32,2025-08-18 02:54:00,Transfer,UPI,1149.83,Reversed,Groceries,0
TX000630,147,2025-06-26 11:53:00,Purchase,Debit Card,2779.6,Success,Utilities,0
TX000631,316,2025-04-13 07:10:00,Purchase,UPI,260.19,Success,Utilities,0
TX000632,338,2025-06-12 14:54:00,Purchase,UPI,4024.35,Success,Utilities,0
TX000633,410,2025-07-12 00:23:00,Bill Payment,UPI,958.81,Success,Utilities,0
TX000634,429,2025-06-30 13:39:00,Withdrawal,UPI,762.92,Success,Utilities,0
TX000635,108,2025-07-30 08:31:00,Withdrawal,UPI,463.92,Success,Travel,0
TX000636,27,2025-03-03 00:30:00,Transfer,Debit Card,268.64,Failed,Shopping,0
TX000637,195,2025-09-06 20:36:00,Withdrawal,Debit Card,2207.67,Success,Groceries,0
TX000638,148,2025-12-04 14:11:00,Withdrawal,UPI,1167.15,Success,Groceries,0
TX000639,50,2025-12-01 03:05:00,Transfer,UPI,366.33,Success,Dining,0
TX000640,172,2025-04-09 10:08:00,Purchase,UPI,364.74,Success,Shopping,0
TX000641,376,2025-09-02 15:03:00,Transfer,UPI,824.34,Success,Utilities,0
TX000642,161,2025-07-19 09:06:00,Purchase,UPI,4530.87,Success,Travel,0
TX000643,351,2025-06-12 08:42:00,Purchase,Credit Card,879.49,Success,Travel,0
TX000644,30,2025-12-08 16:47:00,Transfer,Net Banking,305.62,Success,Travel,0
TX000645,363,2025-12-15 17:20:00,Purchase,Net Banking,889.91,Success,Utilities,0
TX000646,459,2025-02-10 08:34:00,Transfer,UPI,869.73,Failed,Other,0
TX000647,473,2025-12-29 08:36:00,Purchase,UPI,110.79,Success,Healthcare,0
TX000648,132,2025-02-28 23:16:00,Withdrawal,UPI,1047.17,Success,Groceries,0
TX000649,133,2025-12-14 22:12:00,Withdrawal,UPI,901.18,Failed,Shopping,0
TX000650,313,2025-05-23 22:53:00,Purchase,Debit Card,1981.83,Success,Shopping,0
TX000651,315,2025-08-23 05:34:00,Purchase,UPI,5279.64,Success,Travel,0
TX000652,293,2025-09-22 21:23:00,Purchase,UPI,2857.15,Success,Groceries,0
TX000653,478,2025-01-14 18:36:00,Transfer,UPI,872.57,Success,Groceries,0
TX000654,264,2025-09-15 15:09:00,Bill Payment,Debit Card,428.14,Success,Travel,0
TX000655,277,2025-03-24 05:28:00,Purchase,ATM,9772.78,Success,Healthcare,0
TX000656,171,2025-09-06 05:58:00,Purchase,UPI,1153.25,Success,Healthcare,0
TX000657,274,2025-11-07 16:37:00,Bill Payment,UPI,1109.69,Success,Shopping,0
TX000658,91,2025-07-21 21:04:00,Purchase,UPI,1074.37,Success,Travel,0
TX000659,323,2025-09-08 19:11:00,Purchase,UPI,1297.73,Success,Utilities,0
TX000660,19,2025-03-12 07:16:00,Purchase,ATM,970.0,Success,Dining,0
TX000661,256,2025-07-14 09:38:00,Bill Payment,Net Banking,673.43,Success,Healthcare,0
TX000662,29,2025-05-03 23:01:00,Withdrawal,UPI,688.95,Success,Other,0
TX000663,482,2025-09-04 21:08:00,Bill Payment,Debit Card,1066.52,Success,Travel,0
TX000664,19,2025-09-25 18:32:00,Purchase,Credit Card,690.96,Success,Groceries,0
TX000665,125,2025-09-13 08:01:00,Transfer,UPI,598.29,Success,Travel,0
TX000666,234,2025-08-11 12:58:00,Purchase,Debit Card,1200.47,Success,Other,0
TX000667,305,2025-10-18 23:17:00,Transfer,UPI,882.95,Success,Education,0
TX000668,167,2025-02-13 23:35:00,Refund,Debit Card,3937.87,Success,Shopping,0
TX000669,392,2025-01-17 14:20:00,Transfer,UPI,115.2,Success,Education,0
TX000670,87,2025-09-11 12:19:00,Purchase,UPI,2773.27,Success,Utilities,0
TX000671,52,2025-10-16 00:19:00,Bill Payment,Debit Card,3162.67,Success,Other,0
TX000672,42,2025-01-03 07:29:00,Purchase,ATM,188.22,Success,Dining,0
TX000673,214,2025-09-10 11:55:00,Withdrawal,Net Banking,819.52,Success,Dining,0
TX000674,268,2025-06-13 23:49:00,Purchase,ATM,799.73,Success,Utilities,0
TX000675,368,2025-07-02 00:05:00,Transfer,UPI,331.5,Success,Education,0
TX000676,3,2025-07-23 01:20:00,Purchase,UPI,566.15,Success,Healthcare,0
TX000677,442,2025-10-05 02:50:00,Refund,Debit Card,426.67,Success,Shopping,0
TX000678,142,2025-01-20 07:43:00,Purchase,Net Banking,4863.09,Failed,Other,0
TX000679,255,2025-03-06 04:44:00,Purchase,ATM,2429.22,Success,Shopping,0
TX000680,223,2025-04-02 12:36:00,Purchase,Net Banking,3231.89,Success,Groceries,0
TX000681,474,2025-07-15 15:31:00,Purchase,Net Banking,2025.19,Success,Shopping,0
TX000682,370,2025-06-11 22:54:00,Transfer,UPI,420.02,Success,Healthcare,0
TX000683,118,2025-10-11 14:47:00,Purchase,UPI,702.16,Success,Shopping,0
TX000684,193,2025-11-21 12:52:00,Purchase,Debit Card,1662.32,Success,Utilities,0
TX000685,111,2025-12-04 20:00:00,Transfer,UPI,388.07,Success,Shopping,0
TX000686,324,2025-05-11 13:24:00,Refund,UPI,2010.32,Success,Groceries,0
TX000687,144,2025-02-19 16:46:00,Purchase,Debit Card,894.02,Success,Shopping,0
TX000688,454,2025-04-18 11:09:00,Transfer,Net Banking,797.44,Success,Utilities,0
TX000689,296,2025-12-20 05:10:00,Transfer,UPI,2006.84,Success,Shopping,0
TX000690,303,2025-06-22 09:24:00,Bill Payment,UPI,1599.78,Success,Shopping,0
TX000691,127,2025-04-30 03:57:00,Purchase,UPI,806.88,Failed,Groceries,0
TX000692,214,2025-12-23 20:58:00,Purchase,ATM,2937.84,Success,Education,0
TX000693,272,2025-05-24 13:37:00,Transfer,Net Banking,437.51,Success,Shopping,0
TX000694,43,2025-07-23 08:08:00,Withdrawal,Credit Card,1851.12,Success,Healthcare,0
TX000695,152,2025-03-29 00:57:00,Transfer,UPI,1815.54,Success,Other,0
TX000696,440,2025-07-27 16:03:00,Withdrawal,UPI,842.93,Success,Education,0
TX000697,95,2025-10-15 13:53:00,Bill Payment,Debit Card,1446.95,Success,Travel,0
TX000698,198,2025-11-22 06:56:00,Transfer,Debit Card,378.63,Success,Shopping,0
TX000699,404,2025-09-07 06:41:00,Purchase,Net Banking,2405.28,Success,Healthcare,0
TX000700,455,2025-01-19 18:33:00,Purchase,UPI,937.14,Success,Utilities,0
TX000701,332,2025-07-23 10:47:00,Withdrawal,Debit Card,703.23,Success,Healthcare,0
TX000702,123,2025-07-16 11:23:00,Purchase,Debit Card,2674.87,Success,Shopping,0
TX000703,386,2025-09-29 06:03:00,Withdrawal,UPI,602.63,Success,Education,0
TX000704,142,2025-01-20 19:52:00,Purchase,UPI,331.23,Success,Travel,0
TX000705,241,2025-09-16 10:32:00,Transfer,Net Banking,292.03,Success,Healthcare,0
TX000706,410,2025-09-03 03:26:00,Bill Payment,Net Banking,1835.57,Success,Other,0
TX000707,45,2025-01-30 04:32:00,Purchase,UPI,369.31,Success,Utilities,0
TX000708,142,2025-02-10 18:53:00,Transfer,Debit Card,4873.54,Success,Groceries,0
TX000709,151,2025-06-01 15:45:00,Bill Payment,Debit Card,186.86,Success,Other,0
TX000710,378,2025-08-23 17:20:00,Purchase,UPI,4637.77,Success,Healthcare,0
TX000711,211,2025-07-30 16:47:00,Purchase,Debit Card,1312.07,Success,Other,0
TX000712,235,2025-04-21 17:06:00,Transfer,Net Banking,1010.09,Success,Shopping,0
TX000713,248,2025-05-16 09:43:00,Refund,Credit Card,690.09,Success,Other,0
TX000714,490,2025-03-02 13:42:00,Transfer,UPI,1539.58,Success,Utilities,0
TX000715,430,2025-09-15 19:34:00,Transfer,Credit Card,1062.11,Success,Groceries,0
TX000716,163,2025-07-29 04:16:00,Purchase,UPI,2801.21,Success,Groceries,0
TX000717,341,2025-04-26 09:29:00,Refund,UPI,1208.45,Failed,Dining,0
TX000718,63,2025-12-02 02:52:00,Purchase,ATM,1246.08,Failed,Healthcare,0
TX000719,80,2025-01-02 13:31:00,Refund,Debit Card,805.07,Success,Dining,0
TX000720,243,2025-11-23 05:10:00,Purchase,ATM,1044.82,Success,Utilities,0
TX000721,410,2025-07-25 19:04:00,Withdrawal,ATM,1424.58,Success,Other,0
TX000722,461,2025-01-15 14:13:00,Purchase,Debit Card,256.3,Success,Shopping,0
TX000723,229,2025-05-11 02:57:00,Purchase,UPI,348.64,Success,Shopping,0
TX000724,401,2025-12-07 15:57:00,Withdrawal,UPI,2062.71,Success,Travel,0
TX000725,500,2025-07-06 08:04:00,Purchase,Debit Card,1268.05,Success,Groceries,0
TX000726,466,2025-08-31 18:17:00,Purchase,UPI,937.87,Success,Healthcare,0
TX000727,7,2025-04-14 15:18:00,Purchase,UPI,1113.95,Success,Shopping,0
TX000728,373,2025-11-20 05:45:00,Purchase,ATM,1473.57,Success,Education,0
TX000729,374,2025-11-23 09:06:00,Purchase,Net Banking,693.12,Success,Dining,0
TX000730,244,2025-12-26 20:37:00,Bill Payment,ATM,565.91,Failed,Education,0
TX000731,46,2025-01-03 09:50:00,Purchase,Net Banking,1295.26,Success,Utilities,0
TX000732,103,2025-03-09 17:20:00,Bill Payment,UPI,477.41,Success,Dining,0
TX000733,428,2025-08-02 01:37:00,Purchase,Debit Card,1551.56,Success,Groceries,0
TX000734,79,2025-04-06 15:18:00,Purchase,Debit Card,257.96,Success,Dining,0
TX000735,214,2025-03-07 07:22:00,Transfer,Credit Card,2630.11,Success,Dining,0
TX000736,253,2025-12-29 00:36:00,Refund,Debit Card,1638.78,Success,Education,0
TX000737,445,2025-04-04 21:39:00,Transfer,Debit Card,1363.25,Success,Groceries,0
TX000738,433,2025-04-05 11:52:00,Purchase,UPI,2528.26,Success,Utilities,0
TX000739,183,2025-03-01 11:00:00,Purchase,UPI,4517.23,Failed,Groceries,0
TX000740,149,2025-04-17 04:35:00,Transfer,ATM,2597.27,Success,Utilities,0
TX000741,392,2025-02-04 09:49:00,Transfer,UPI,229.35,Success,Dining,0
TX000742,139,2025-09-07 13:29:00,Transfer,UPI,369.58,Success,Utilities,0
TX000743,7,2025-02-19 20:40:00,Transfer,UPI,644.78,Success,Utilities,0
TX000744,53,2025-03-21 07:49:00,Purchase,UPI,1121.23,Success,Travel,0
TX000745,214,2025-06-17 15:50:00,Bill Payment,UPI,1702.77,Success,Healthcare,0
TX000746,160,2025-09-09 14:29:00,Purchase,Net Banking,591.77,Success,Healthcare,0
TX000747,89,2025-09-16 11:09:00,Purchase,Credit Card,1285.31,Success,Utilities,0
TX000748,353,2025-03-24 11:50:00,Purchase,UPI,577.05,Success,Travel,0
TX000749,40,2025-01-07 20:19:00,Withdrawal,Credit Card,652.11,Success,Groceries,0
TX000750,241,2025-02-13 07:09:00,Bill Payment,UPI,331.74,Success,Travel,0
TX000751,401,2025-02-15 01:43:00,Bill Payment,UPI,500.32,Success,Healthcare,0
TX000752,15,2025-02-03 01:14:00,Purchase,Credit Card,347.61,Success,Healthcare,0
TX000753,83,2025-11-08 08:18:00,Transfer,Credit Card,478.43,Success,Travel,0
TX000754,420,2025-07-30 11:48:00,Withdrawal,Debit Card,2685.43,Failed,Utilities,0
TX000755,462,2025-10-02 12:42:00,Transfer,ATM,489.32,Success,Other,0
TX000756,188,2025-09-12 04:22:00,Transfer,UPI,10275.57,Success,Healthcare,0
TX000757,195,2025-06-04 09:46:00,Purchase,UPI,1667.9,Reversed,Travel,0
TX000758,239,2025-02-10 03:57:00,Transfer,Debit Card,1283.2,Success,Groceries,0
TX000759,43,2025-04-30 11:06:00,Transfer,UPI,528.69,Success,Other,0
TX000760,116,2025-07-21 16:11:00,Purchase,ATM,1988.75,Success,Other,0
TX000761,481,2025-09-05 06:20:00,Purchase,UPI,672.3,Success,Education,0
TX000762,225,2025-07-10 07:05:00,Transfer,UPI,1216.47,Success,Travel,0
TX000763,380,2025-12-03 21:18:00,Bill Payment,UPI,9663.12,Success,Shopping,0
TX000764,305,2025-11-04 07:14:00,Refund,UPI,1010.65,Success,Dining,0
TX000765,392,2025-09-17 18:36:00,Withdrawal,Debit Card,2912.84,Success,Education,0
TX000766,183,2025-06-23 05:50:00,Transfer,ATM,603.23,Success,Utilities,0
TX000767,394,2025-06-15 12:39:00,Purchase,UPI,1064.5,Success,Utilities,0
TX000768,16,2025-02-06 06:20:00,Withdrawal,Net Banking,4940.3,Success,Utilities,0
TX000769,196,2025-08-09 02:56:00,Transfer,UPI,643.6,Success,Travel,0
TX000770,339,2025-10-01 15:39:00,Transfer,Debit Card,5118.32,Success,Other,0
TX000771,252,2025-07-03 18:57:00,Purchase,UPI,2001.37,Success,Groceries,0
TX000772,221,2025-11-17 10:39:00,Bill Payment,UPI,679.87,Success,Other,0
TX000773,19,2025-01-12 23:07:00,Purchase,Credit Card,1877.22,Success,Utilities,0
TX000774,252,2025-06-06 19:20:00,Purchase,Credit Card,2506.57,Success,Other,0
TX000775,338,2025-07-21 15:02:00,Transfer,Debit Card,1860.38,Success,Groceries,0
TX000776,201,2025-04-06 21:32:00,Transfer,ATM,288.68,Success,Dining,0
TX000777,165,2025-01-23 08:43:00,Purchase,UPI,591.07,Success,Groceries,0
TX000778,392,2025-11-21 12:40:00,Transfer,UPI,888.57,Reversed,Education,0
TX000779,180,2025-01-21 13:15:00,Transfer,UPI,1029.4,Success,Travel,0
TX000780,445,2025-04-22 00:21:00,Purchase,UPI,1858.59,Success,Education,0
TX000781,291,2025-07-07 10:02:00,Bill Payment,UPI,1275.44,Success,Healthcare,0
TX000782,194,2025-07-27 15:49:00,Purchase,Debit Card,352.47,Success,Shopping,0
TX000783,173,2025-06-30 20:30:00,Transfer,Credit Card,1515.0,Success,Healthcare,0
TX000784,497,2025-06-08 17:44:00,Purchase,Debit Card,1842.72,Success,Shopping,0
TX000785,148,2025-04-07 12:57:00,Purchase,ATM,1764.85,Success,Travel,0
TX000786,368,2025-11-04 08:37:00,Transfer,Debit Card,2748.1,Success,Other,0
TX000787,219,2025-03-18 08:43:00,Purchase,UPI,2227.94,Success,Dining,0
TX000788,222,2025-08-30 13:22:00,Transfer,UPI,1620.2,Success,Other,0
TX000789,344,2025-10-05 23:03:00,Transfer,Net Banking,1033.14,Success,Utilities,0
TX000790,296,2025-07-01 18:06:00,Purchase,ATM,267.25,Success,Education,0
TX000791,479,2025-07-26 02:48:00,Withdrawal,UPI,1579.99,Success,Shopping,0
TX000792,78,2025-09-29 18:26:00,Transfer,UPI,1308.37,Success,Travel,0
TX000793,325,2025-03-16 02:43:00,Bill Payment,UPI,1381.39,Success,Shopping,0
TX000794,208,2025-03-28 19:53:00,Purchase,UPI,370.47,Success,Other,0
TX000795,249,2025-07-23 19:49:00,Refund,UPI,437.51,Success,Dining,0
TX000796,70,2025-01-11 14:38:00,Purchase,Net Banking,2684.31,Success,Groceries,0
TX000797,494,2025-09-21 01:04:00,Transfer,UPI,1060.38,Success,Dining,0
TX000798,444,2025-01-24 03:35:00,Bill Payment,UPI,1957.21,Success,Travel,0
TX000799,204,2025-12-10 09:28:00,Bill Payment,Net Banking,1123.35,Success,Travel,0
TX000800,268,2025-08-30 20:01:00,Bill Payment,ATM,1124.72,Success,Travel,0
TX000801,122,2025-08-07 09:19:00,Purchase,Net Banking,2434.61,Success,Education,0
TX000802,413,2025-09-30 11:23:00,Withdrawal,ATM,707.23,Success,Shopping,0
TX000803,497,2025-04-10 23:01:00,Purchase,UPI,1189.99,Success,Healthcare,0
TX000804,359,2025-12-12 09:57:00,Purchase,Debit Card,740.31,Success,Dining,0
TX000805,451,2025-10-13 13:05:00,Bill Payment,UPI,758.0,Success,Groceries,0
TX000806,331,2025-12-19 00:04:00,Bill Payment,UPI,843.2,Success,Groceries,0
TX000807,354,2025-12-01 00:51:00,Withdrawal,UPI,1324.53,Success,Healthcare,0
TX000808,463,2025-10-23 17:33:00,Transfer,Debit Card,730.01,Success,Groceries,0
TX000809,466,2025-12-16 19:08:00,Purchase,ATM,3188.78,Success,Shopping,0
TX000810,153,2025-03-18 14:23:00,Bill Payment,UPI,512.65,Success,Education,0
TX000811,405,2025-01-13 08:03:00,Purchase,UPI,935.57,Success,Education,0
TX000812,475,2025-11-03 06:11:00,Purchase,UPI,754.63,Success,Utilities,0
TX000813,358,2025-04-06 00:23:00,Transfer,UPI,3751.58,Success,Healthcare,0
TX000814,233,2025-09-11 02:50:00,Purchase,UPI,1296.04,Success,Utilities,0
TX000815,2,2025-05-26 21:02:00,Purchase,UPI,2636.13,Success,Shopping,0
TX000816,265,2025-09-17 19:13:00,Bill Payment,Net Banking,310.22,Success,Education,0
TX000817,406,2025-12-09 00:45:00,Purchase,Debit Card,1376.08,Success,Healthcare,0
TX000818,410,2025-04-13 14:22:00,Purchase,UPI,2335.98,Success,Shopping,0
TX000819,11,2025-12-12 04:42:00,Purchase,Debit Card,1176.08,Success,Travel,0
TX000820,499,2025-06-18 08:43:00,Purchase,Credit Card,2712.59,Success,Education,0
TX000821,308,2025-04-05 17:17:00,Purchase,ATM,706.49,Success,Groceries,0
TX000822,368,2025-07-11 10:50:00,Purchase,Net Banking,3633.48,Success,Travel,0
TX000823,115,2025-09-17 19:12:00,Purchase,ATM,7739.28,Success,Other,0
TX000824,196,2025-02-17 09:41:00,Purchase,UPI,805.6,Success,Shopping,0
TX000825,215,2025-03-07 16:05:00,Purchase,UPI,750.94,Success,Other,0
TX000826,465,2025-04-01 09:50:00,Purchase,Credit Card,3772.06,Success,Utilities,0
TX000827,447,2025-04-28 16:33:00,Refund,UPI,4199.15,Success,Education,0
TX000828,377,2025-08-06 10:22:00,Purchase,UPI,703.15,Success,Shopping,0
TX000829,242,2025-11-27 16:12:00,Purchase,Debit Card,767.27,Success,Groceries,0
TX000830,3,2025-04-03 08:29:00,Transfer,UPI,863.06,Success,Utilities,0
TX000831,496,2025-11-21 20:23:00,Transfer,Debit Card,349.75,Success,Healthcare,0
TX000832,450,2025-06-20 10:11:00,Purchase,UPI,502.27,Success,Travel,0
TX000833,161,2025-01-17 01:53:00,Refund,Debit Card,467.07,Success,Healthcare,0
TX000834,475,2025-06-06 14:08:00,Purchase,Net Banking,570.99,Success,Dining,0
TX000835,265,2025-04-24 23:07:00,Purchase,UPI,1064.77,Success,Utilities,0
TX000836,285,2025-11-07 13:55:00,Bill Payment,Debit Card,1338.2,Success,Groceries,0
TX000837,118,2025-03-08 16:18:00,Purchase,UPI,4096.65,Success,Other,0
TX000838,21,2025-06-10 18:03:00,Purchase,Credit Card,469.37,Success,Utilities,0
TX000839,64,2025-05-08 06:53:00,Purchase,Net Banking,2531.77,Success,Dining,0
TX000840,289,2025-11-21 08:45:00,Transfer,UPI,914.25,Success,Utilities,0
TX000841,214,2025-12-02 02:41:00,Purchase,Credit Card,1051.48,Success,Groceries,0
TX000842,146,2025-09-06 01:23:00,Refund,UPI,1946.13,Success,Travel,0
TX000843,429,2025-04-28 19:07:00,Purchase,UPI,422.29,Success,Other,0
TX000844,322,2025-12-14 18:40:00,Purchase,Credit Card,1517.85,Success,Other,0
TX000845,167,2025-12-11 22:40:00,Withdrawal,Credit Card,1263.3,Success,Shopping,0
TX000846,442,2025-01-18 17:23:00,Withdrawal,UPI,1666.67,Success,Education,0
TX000847,48,2025-05-26 05:16:00,Purchase,UPI,1402.19,Success,Groceries,0
TX000848,437,2025-03-17 19:28:00,Purchase,Net Banking,8839.67,Success,Utilities,0
TX000849,62,2025-04-19 16:44:00,Transfer,UPI,637.73,Success,Utilities,0
TX000850,184,2025-08-31 07:24:00,Purchase,UPI,698.3,Success,Education,0
TX000851,244,2025-04-08 18:00:00,Transfer,UPI,645.7,Success,Utilities,0
TX000852,223,2025-08-18 15:01:00,Purchase,UPI,683.92,Success,Shopping,0
TX000853,332,2025-09-07 20:25:00,Withdrawal,ATM,637.93,Success,Travel,0
TX000854,149,2025-06-20 11:21:00,Purchase,Net Banking,3012.92,Success,Utilities,0
TX000855,351,2025-11-25 17:41:00,Purchase,UPI,3668.1,Success,Travel,0
TX000856,470,2025-01-17 10:02:00,Transfer,Debit Card,675.1,Success,Dining,0
TX000857,182,2025-04-03 19:00:00,Transfer,Credit Card,161077.43,Success,Utilities,1
TX000858,432,2025-05-24 01:42:00,Purchase,UPI,1637.14,Success,Other,0
TX000859,388,2025-09-02 00:49:00,Purchase,Net Banking,685.82,Success,Utilities,0
TX000860,109,2025-03-09 09:19:00,Purchase,ATM,1878.06,Success,Education,0
TX000861,274,2025-01-07 12:32:00,Purchase,UPI,1303.08,Success,Education,0
TX000862,445,2025-08-28 11:13:00,Bill Payment,Debit Card,302.36,Success,Healthcare,0
TX000863,354,2025-09-03 07:46:00,Bill Payment,Credit Card,4086.24,Success,Utilities,0
TX000864,8,2025-03-11 11:15:00,Purchase,UPI,5046.73,Success,Shopping,0
TX000865,247,2025-08-25 03:45:00,Purchase,UPI,651.4,Success,Shopping,0
TX000866,45,2025-04-20 13:27:00,Withdrawal,UPI,788.75,Success,Utilities,0
TX000867,379,2025-09-13 19:23:00,Purchase,Debit Card,1398.26,Success,Shopping,0
TX000868,104,2025-04-18 08:16:00,Transfer,Net Banking,1457.22,Success,Education,0
TX000869,213,2025-11-05 23:19:00,Transfer,Debit Card,1919.39,Reversed,Groceries,0
TX000870,250,2025-05-26 12:27:00,Transfer,Debit Card,6055.21,Success,Other,0
TX000871,119,2025-09-18 01:33:00,Purchase,UPI,943.5,Success,Dining,0
TX000872,458,2025-08-25 00:56:00,Purchase,Debit Card,556.38,Failed,Healthcare,0
TX000873,230,2025-09-11 22:58:00,Purchase,UPI,339.54,Success,Other,0
TX000874,119,2025-07-04 19:47:00,Purchase,Net Banking,589.17,Success,Other,0
TX000875,68,2025-11-18 13:17:00,Purchase,Credit Card,1066.18,Success,Healthcare,0
TX000876,408,2025-06-21 23:14:00,Withdrawal,Net Banking,5041.07,Success,Travel,0
TX000877,342,2025-06-25 19:33:00,Purchase,UPI,706.29,Success,Education,0
TX000878,483,2025-12-28 19:40:00,Transfer,UPI,1326.39,Reversed,Healthcare,0
TX000879,452,2025-04-05 22:58:00,Purchase,UPI,1081.43,Success,Groceries,0
TX000880,414,2025-01-24 04:19:00,Purchase,UPI,3011.32,Success,Other,0
TX000881,133,2025-12-28 18:45:00,Purchase,UPI,9394.62,Success,Dining,0
TX000882,459,2025-02-25 01:01:00,Bill Payment,Net Banking,698.38,Success,Groceries,0
TX000883,475,2025-12-11 12:36:00,Purchase,Debit Card,723.41,Success,Travel,0
TX000884,401,2025-08-11 07:15:00,Transfer,Net Banking,2663.87,Success,Travel,0
TX000885,86,2025-08-18 08:22:00,Purchase,UPI,1957.86,Success,Other,0
TX000886,391,2025-07-04 04:35:00,Transfer,Net Banking,5269.56,Success,Utilities,0
TX000887,63,2025-11-05 23:08:00,Purchase,ATM,1801.44,Success,Other,0
TX000888,175,2025-04-15 09:43:00,Transfer,UPI,808.03,Success,Healthcare,0
TX000889,323,2025-08-31 02:49:00,Purchase,Credit Card,1811.76,Success,Utilities,0
TX000890,411,2025-06-06 03:06:00,Purchase,UPI,2814.1,Success,Healthcare,0
TX000891,484,2025-01-11 20:04:00,Purchase,Net Banking,2202.64,Success,Travel,0
TX000892,44,2025-05-04 04:08:00,Purchase,ATM,1687.8,Success,Groceries,0
TX000893,339,2025-12-02 21:05:00,Transfer,Net Banking,2715.34,Success,Dining,0
TX000894,215,2025-05-27 08:45:00,Bill Payment,Credit Card,2962.83,Success,Healthcare,0
TX000895,466,2025-05-06 07:17:00,Purchase,UPI,3550.47,Success,Education,0
TX000896,229,2025-08-23 10:18:00,Purchase,Debit Card,1903.41,Success,Healthcare,0
TX000897,455,2025-10-23 13:53:00,Withdrawal,UPI,951.41,Success,Groceries,0
TX000898,276,2025-05-02 18:50:00,Purchase,Credit Card,1242.28,Success,Dining,0
TX000899,110,2025-02-03 19:04:00,Transfer,UPI,3058.05,Success,Groceries,0
TX000900,15,2025-11-21 03:43:00,Withdrawal,Debit Card,547.63,Success,Education,0
TX000901,259,2025-02-10 05:03:00,Withdrawal,Net Banking,1500.23,Success,Travel,0
TX000902,25,2025-10-03 10:55:00,Transfer,UPI,784.98,Success,Other,0
TX000903,174,2025-12-24 21:09:00,Purchase,Credit Card,1123.76,Success,Shopping,0
TX000904,180,2025-04-19 22:27:00,Purchase,Net Banking,3250.89,Success,Education,0
TX000905,267,2025-09-26 12:28:00,Purchase,UPI,1290.05,Success,Healthcare,0
TX000906,233,2025-02-05 16:13:00,Purchase,UPI,1140.78,Success,Education,0
TX000907,455,2025-02-17 08:30:00,Transfer,UPI,345.2,Success,Education,0
TX000908,447,2025-04-07 00:11:00,Transfer,Debit Card,2067.96,Success,Other,0
TX000909,375,2025-12-21 08:35:00,Purchase,UPI,1898.2,Success,Other,0
TX000910,67,2025-12-19 10:47:00,Withdrawal,Net Banking,6896.48,Success,Other,0
TX000911,17,2025-09-29 18:59:00,Purchase,Debit Card,844.2,Success,Education,0
TX000912,57,2025-02-14 00:08:00,Purchase,UPI,1321.18,Success,Dining,0
TX000913,192,2025-04-21 09:55:00,Purchase,UPI,1355.57,Success,Education,0
TX000914,25,2025-12-08 02:03:00,Bill Payment,Net Banking,4191.59,Success,Other,0
TX000915,2,2025-02-14 12:55:00,Transfer,UPI,1011.31,Success,Dining,0
TX000916,290,2025-06-14 16:54:00,Bill Payment,Net Banking,1390.15,Success,Utilities,0
TX000917,391,2025-02-20 10:25:00,Transfer,Debit Card,1838.51,Success,Healthcare,0
TX000918,46,2025-10-19 04:51:00,Transfer,Debit Card,1285.13,Success,Healthcare,0
TX000919,277,2025-01-17 16:22:00,Bill Payment,Net Banking,750.34,Success,Utilities,0
TX000920,363,2025-01-10 00:44:00,Transfer,Net Banking,1293.33,Success,Travel,0
TX000921,330,2025-07-23 15:41:00,Purchase,ATM,2731.45,Success,Shopping,0
TX000922,385,2025-06-23 05:54:00,Transfer,UPI,458.27,Success,Groceries,0
TX000923,141,2025-10-14 10:47:00,Purchase,Net Banking,1227.86,Success,Travel,0
TX000924,414,2025-07-14 06:10:00,Transfer,UPI,604.8,Success,Groceries,0
TX000925,175,2025-06-09 02:42:00,Purchase,UPI,3028.4,Success,Travel,0
TX000926,59,2025-12-23 17:30:00,Purchase,UPI,300.45,Success,Travel,0
TX000927,79,2025-04-22 16:48:00,Bill Payment,Credit Card,681.92,Failed,Utilities,0
TX000928,14,2025-09-17 16:54:00,Purchase,UPI,1511.16,Success,Healthcare,0
TX000929,133,2025-05-17 17:17:00,Bill Payment,Net Banking,4149.3,Success,Shopping,0
TX000930,253,2025-07-05 04:24:00,Withdrawal,UPI,1037.03,Success,Other,0
TX000931,284,2025-05-29 05:05:00,Purchase,UPI,684.08,Success,Groceries,0
TX000932,138,2025-07-21 17:35:00,Bill Payment,Credit Card,5426.14,Success,Utilities,0
TX000933,156,2025-07-26 21:24:00,Purchase,UPI,320.28,Success,Utilities,0
TX000934,192,2025-07-16 18:26:00,Refund,Net Banking,169.19,Success,Other,0
TX000935,22,2025-01-01 08:44:00,Withdrawal,ATM,1594.02,Success,Utilities,0
TX000936,1,2025-01-22 21:49:00,Bill Payment,Debit Card,715.69,Success,Education,0
TX000937,180,2025-11-03 17:20:00,Transfer,Debit Card,460.33,Success,Travel,0
TX000938,154,2025-02-02 15:56:00,Purchase,UPI,2002.4,Success,Dining,0
TX000939,450,2025-06-07 06:32:00,Purchase,Debit Card,1349.15,Success,Healthcare,0
TX000940,326,2025-04-06 03:48:00,Refund,Credit Card,678.94,Success,Healthcare,0
TX000941,175,2025-03-18 16:27:00,Transfer,Debit Card,153776.76,Success,Groceries,1
TX000942,312,2025-06-23 11:58:00,Purchase,UPI,2302.13,Success,Other,0
TX000943,391,2025-05-24 00:15:00,Transfer,Net Banking,1905.83,Success,Groceries,0
TX000944,457,2025-10-30 22:51:00,Withdrawal,UPI,1007.98,Failed,Education,0
TX000945,424,2025-08-07 22:20:00,Purchase,UPI,5269.24,Success,Groceries,0
TX000946,64,2025-06-18 11:04:00,Purchase,UPI,161471.67,Success,Healthcare,1
TX000947,99,2025-02-02 18:08:00,Withdrawal,Debit Card,299.86,Success,Other,0
TX000948,496,2025-05-13 03:56:00,Purchase,Debit Card,609.04,Success,Groceries,0
TX000949,101,2025-12-25 08:37:00,Bill Payment,UPI,1054.95,Success,Other,0
TX000950,88,2025-07-20 21:34:00,Purchase,Credit Card,1348.62,Success,Utilities,0
TX000951,34,2025-08-03 03:27:00,Purchase,UPI,893.32,Success,Shopping,0
TX000952,452,2025-07-10 10:44:00,Withdrawal,UPI,1479.19,Success,Dining,0
TX000953,349,2025-07-23 22:22:00,Bill Payment,UPI,378.49,Success,Groceries,0
TX000954,438,2025-12-08 19:00:00,Purchase,Net Banking,3741.34,Success,Other,0
TX000955,254,2025-05-12 14:35:00,Transfer,UPI,1022.67,Success,Education,0
TX000956,273,2025-06-13 10:12:00,Purchase,UPI,2834.73,Success,Groceries,0
TX000957,378,2025-03-24 03:34:00,Refund,UPI,1467.5,Success,Utilities,0
TX000958,169,2025-04-24 03:51:00,Purchase,Debit Card,1616.86,Success,Groceries,0
TX000959,304,2025-10-18 06:13:00,Transfer,UPI,1779.88,Success,Shopping,0
TX000960,491,2025-05-05 01:58:00,Bill Payment,Net Banking,1604.48,Success,Travel,0
TX000961,398,2025-08-07 10:34:00,Transfer,Credit Card,1893.75,Success,Travel,0
TX000962,499,2025-01-23 02:17:00,Bill Payment,UPI,3394.05,Success,Utilities,0
TX000963,32,2025-12-01 15:21:00,Withdrawal,UPI,1296.01,Success,Travel,0
TX000964,347,2025-01-21 07:30:00,Transfer,UPI,2003.5,Success,Education,0
TX000965,120,2025-11-11 18:50:00,Transfer,Credit Card,107588.0,Success,Travel,1
TX000966,174,2025-08-25 23:50:00,Bill Payment,Net Banking,3729.76,Success,Shopping,0
TX000967,56,2025-02-07 09:18:00,Purchase,Credit Card,617.12,Success,Utilities,0
TX000968,327,2025-07-05 06:49:00,Purchase,UPI,5068.5,Success,Shopping,0
TX000969,71,2025-10-18 04:30:00,Purchase,UPI,1059.83,Success,Healthcare,0
TX000970,160,2025-08-01 12:09:00,Bill Payment,Net Banking,325.01,Success,Healthcare,0
TX000971,150,2025-05-15 06:53:00,Refund,Debit Card,1222.79,Success,Shopping,0
TX000972,260,2025-10-26 06:08:00,Bill Payment,Net Banking,614.68,Success,Shopping,0
TX000973,328,2025-11-27 18:35:00,Purchase,UPI,2240.71,Success,Other,0
TX000974,308,2025-09-10 02:24:00,Purchase,Debit Card,629.72,Success,Education,0
TX000975,169,2025-03-01 02:01:00,Purchase,Net Banking,750.5,Success,Groceries,0
TX000976,328,2025-03-23 04:49:00,Transfer,Debit Card,220.06,Success,Healthcare,0
TX000977,414,2025-09-27 10:55:00,Purchase,UPI,746.61,Success,Groceries,0
TX000978,38,2025-05-11 07:15:00,Purchase,UPI,139.73,Success,Healthcare,0
TX000979,23,2025-12-22 02:22:00,Purchase,UPI,285.34,Success,Utilities,0
TX000980,174,2025-11-05 13:52:00,Transfer,UPI,2093.0,Success,Travel,0
TX000981,11,2025-10-30 17:17:00,Transfer,UPI,2138.65,Success,Shopping,0
TX000982,157,2025-06-16 02:22:00,Purchase,Net Banking,1574.41,Failed,Education,0
TX000983,450,2025-09-16 20:18:00,Purchase,UPI,482.06,Success,Shopping,0
TX000984,273,2025-05-18 16:43:00,Transfer,UPI,1053.05,Success,Groceries,0
TX000985,391,2025-08-13 06:56:00,Transfer,Net Banking,1093.28,Success,Shopping,0
TX000986,28,2025-08-18 04:17:00,Withdrawal,Net Banking,409.69,Failed,Other,0
TX000987,108,2025-09-22 19:13:00,Purchase,Debit Card,3935.88,Success,Education,0
TX000988,385,2025-11-18 06:43:00,Transfer,Debit Card,2311.75,Success,Healthcare,0
TX000989,365,2025-05-17 03:00:00,Transfer,Debit Card,908.85,Success,Education,0
TX000990,327,2025-12-02 09:26:00,Withdrawal,Debit Card,1121.98,Success,Other,0
TX000991,442,2025-03-27 08:05:00,Purchase,UPI,1309.14,Success,Healthcare,0
TX000992,131,2025-07-20 10:47:00,Purchase,Credit Card,193.35,Success,Shopping,0
TX000993,299,2025-01-15 23:30:00,Transfer,Debit Card,888.82,Success,Education,0
TX000994,189,2025-10-20 21:52:00,Transfer,UPI,614.2,Success,Dining,0
TX000995,331,2025-01-28 15:07:00,Purchase,UPI,468.07,Success,Travel,0
TX000996,403,2025-04-11 15:26:00,Bill Payment,UPI,863.56,Success,Shopping,0
TX000997,171,2025-03-13 14:19:00,Transfer,UPI,5054.5,Success,Dining,0
TX000998,98,2025-09-14 21:59:00,Transfer,UPI,1890.73,Success,Dining,0
TX000999,5,2025-10-08 09:01:00,Purchase,Net Banking,674.86,Success,Education,0
TX001000,421,2025-07-31 03:42:00,Withdrawal,UPI,1784.15,Reversed,Utilities,0
TX001001,444,2025-05-25 17:27:00,Purchase,Credit Card,3602.75,Success,Other,0
TX001002,370,2025-10-24 12:18:00,Transfer,Net Banking,2406.52,Success,Education,0
TX001003,108,2025-06-09 17:15:00,Purchase,Debit Card,1153.65,Success,Utilities,0
TX001004,157,2025-12-10 11:09:00,Withdrawal,Debit Card,632.77,Success,Shopping,0
TX001005,215,2025-06-04 23:59:00,Transfer,UPI,1985.23,Success,Healthcare,0
TX001006,301,2025-01-09 11:04:00,Transfer,UPI,1532.2,Failed,Healthcare,0
TX001007,291,2025-08-18 07:37:00,Withdrawal,Net Banking,2347.05,Success,Education,0
TX001008,105,2025-12-12 09:48:00,Purchase,Debit Card,1881.63,Success,Other,0
TX001009,328,2025-11-22 18:23:00,Purchase,UPI,2676.11,Success,Other,0
TX001010,14,2025-03-09 23:20:00,Purchase,Net Banking,695.79,Success,Dining,0
TX001011,338,2025-07-10 22:14:00,Purchase,UPI,3360.3,Success,Education,0
TX001012,201,2025-02-27 04:11:00,Refund,UPI,1297.2,Success,Education,0
TX001013,490,2025-11-25 23:40:00,Bill Payment,UPI,6399.48,Success,Other,0
TX001014,82,2025-08-08 19:17:00,Transfer,UPI,610.45,Success,Other,0
TX001015,142,2025-03-15 10:30:00,Purchase,UPI,4796.15,Success,Shopping,0
TX001016,270,2025-04-30 17:53:00,Bill Payment,Net Banking,1297.54,Success,Travel,0
TX001017,148,2025-08-24 07:26:00,Bill Payment,Debit Card,630.36,Success,Dining,0
TX001018,201,2025-08-12 04:42:00,Bill Payment,Net Banking,726.83,Success,Education,0
TX001019,235,2025-05-21 01:15:00,Bill Payment,UPI,835.23,Success,Groceries,0
TX001020,123,2025-11-19 09:58:00,Bill Payment,UPI,1572.69,Success,Travel,0
TX001021,358,2025-09-22 12:35:00,Withdrawal,UPI,1710.28,Reversed,Travel,0
TX001022,189,2025-01-28 20:45:00,Withdrawal,Debit Card,673.41,Success,Utilities,0
TX001023,130,2025-03-17 12:02:00,Transfer,Debit Card,1074.16,Success,Other,0
TX001024,196,2025-05-06 02:55:00,Withdrawal,Net Banking,6774.56,Success,Travel,0
TX001025,364,2025-11-30 22:03:00,Purchase,Credit Card,4761.95,Success,Travel,0
TX001026,281,2025-08-28 05:09:00,Purchase,ATM,1589.02,Success,Utilities,0
TX001027,88,2025-11-02 06:53:00,Purchase,UPI,1132.64,Success,Education,0
TX001028,87,2025-01-29 05:57:00,Transfer,UPI,1214.43,Success,Utilities,0
TX001029,111,2025-09-18 02:37:00,Purchase,Credit Card,1847.32,Success,Travel,0
TX001030,200,2025-09-09 08:20:00,Purchase,UPI,165861.45,Success,Shopping,1
TX001031,192,2025-11-27 20:50:00,Purchase,UPI,881.15,Reversed,Healthcare,0
TX001032,421,2025-03-11 23:02:00,Transfer,UPI,265.52,Success,Utilities,0
TX001033,371,2025-03-02 19:40:00,Purchase,Debit Card,1539.7,Success,Shopping,0
TX001034,320,2025-03-17 09:50:00,Bill Payment,UPI,1900.96,Success,Travel,0
TX001035,183,2025-04-28 17:37:00,Purchase,UPI,727.27,Success,Other,0
TX001036,113,2025-01-25 00:51:00,Transfer,UPI,4179.26,Success,Shopping,0
TX001037,211,2025-04-20 18:50:00,Withdrawal,Debit Card,386.87,Success,Utilities,0
TX001038,129,2025-12-16 04:10:00,Purchase,UPI,315.85,Success,Utilities,0
TX001039,171,2025-03-05 20:03:00,Transfer,Net Banking,1327.14,Success,Other,0
TX001040,35,2025-05-03 00:11:00,Purchase,Net Banking,2670.53,Success,Shopping,0
TX001041,258,2025-08-02 21:22:00,Withdrawal,UPI,4588.64,Success,Travel,0
TX001042,159,2025-03-28 01:39:00,Withdrawal,Credit Card,742.44,Success,Healthcare,0
TX001043,256,2025-04-18 23:51:00,Purchase,UPI,2743.2,Success,Other,0
TX001044,379,2025-11-16 10:14:00,Purchase,UPI,1061.32,Success,Education,0
TX001045,332,2025-10-23 21:34:00,Purchase,UPI,946.97,Success,Shopping,0
TX001046,106,2025-07-16 08:34:00,Purchase,Net Banking,2324.15,Success,Shopping,0
TX001047,312,2025-11-14 17:49:00,Purchase,UPI,1909.27,Success,Other,0
TX001048,36,2025-12-14 05:13:00,Purchase,Debit Card,287.17,Success,Travel,0
TX001049,89,2025-08-04 18:29:00,Transfer,Net Banking,3847.04,Success,Education,0
TX001050,372,2025-06-20 01:21:00,Purchase,Credit Card,3544.24,Success,Shopping,0
TX001051,156,2025-04-14 21:27:00,Transfer,ATM,644.37,Success,Other,0
TX001052,41,2025-12-13 06:04:00,Refund,UPI,1535.23,Success,Education,0
TX001053,390,2025-02-26 18:05:00,Withdrawal,Net Banking,1668.91,Success,Travel,0
TX001054,389,2025-11-27 00:44:00,Bill Payment,Debit Card,1368.64,Success,Dining,0
TX001055,195,2025-06-18 19:26:00,Purchase,UPI,686.94,Success,Healthcare,0
TX001056,70,2025-09-18 06:34:00,Transfer,UPI,619.63,Success,Healthcare,0
TX001057,252,2025-05-28 07:03:00,Bill Payment,ATM,1073.07,Success,Other,0
TX001058,158,2025-08-22 09:34:00,Refund,UPI,2971.49,Reversed,Travel,0
TX001059,198,2025-12-06 09:04:00,Transfer,UPI,1740.73,Success,Healthcare,0
TX001060,261,2025-09-16 04:27:00,Transfer,Credit Card,800.29,Success,Education,0
TX001061,377,2025-03-31 20:29:00,Purchase,UPI,2113.17,Success,Groceries,0
TX001062,358,2025-08-31 08:45:00,Transfer,UPI,97.39,Success,Dining,0
TX001063,127,2025-08-08 05:39:00,Transfer,Credit Card,2911.58,Success,Travel,0
TX001064,330,2025-09-17 02:08:00,Bill Payment,UPI,249.95,Success,Shopping,0
TX001065,449,2025-06-03 23:44:00,Purchase,UPI,805.87,Success,Education,0
TX001066,301,2025-04-23 03:09:00,Withdrawal,Credit Card,423.38,Success,Travel,0
TX001067,326,2025-07-28 11:33:00,Withdrawal,UPI,364.86,Success,Education,0
TX001068,358,2025-04-23 04:13:00,Purchase,UPI,2941.58,Success,Education,0
TX001069,269,2025-06-01 18:25:00,Transfer,Credit Card,736.9,Success,Utilities,0
TX001070,102,2025-06-27 02:51:00,Purchase,ATM,1472.22,Success,Utilities,0
TX001071,103,2025-01-22 11:23:00,Withdrawal,Net Banking,1053.76,Reversed,Education,0
TX001072,226,2025-08-17 05:23:00,Bill Payment,UPI,1644.98,Success,Travel,0
TX001073,194,2025-02-15 09:29:00,Purchase,UPI,1170.63,Success,Travel,0
TX001074,5,2025-01-23 05:31:00,Purchase,ATM,368.51,Success,Groceries,0
TX001075,50,2025-03-18 20:20:00,Transfer,UPI,2557.61,Reversed,Dining,0
TX001076,478,2025-06-26 22:05:00,Transfer,UPI,720.76,Success,Healthcare,0
TX001077,162,2025-10-25 09:43:00,Purchase,UPI,292.04,Success,Healthcare,0
TX001078,448,2025-05-01 05:48:00,Withdrawal,UPI,762.12,Success,Utilities,0
TX001079,14,2025-08-08 03:33:00,Purchase,Debit Card,3927.06,Success,Shopping,0
TX001080,189,2025-06-14 12:55:00,Transfer,Credit Card,2259.02,Success,Shopping,0
TX001081,2,2025-12-26 01:23:00,Transfer,ATM,815.37,Success,Groceries,0
TX001082,497,2025-10-22 00:32:00,Withdrawal,Credit Card,814.95,Success,Travel,0
TX001083,179,2025-06-05 19:11:00,Bill Payment,ATM,834.31,Success,Travel,0
TX001084,376,2025-05-21 02:56:00,Purchase,UPI,6407.57,Success,Groceries,0
TX001085,66,2025-07-01 06:56:00,Withdrawal,UPI,1517.24,Success,Other,0
TX001086,87,2025-11-23 08:56:00,Purchase,UPI,1580.56,Success,Shopping,0
TX001087,88,2025-10-02 06:01:00,Bill Payment,Credit Card,2632.64,Reversed,Groceries,0
TX001088,83,2025-12-05 05:45:00,Bill Payment,Net Banking,1343.42,Success,Dining,0
TX001089,341,2025-06-23 09:59:00,Bill Payment,Credit Card,879.91,Success,Other,0
TX001090,47,2025-10-17 15:32:00,Transfer,Net Banking,928.07,Success,Travel,0
TX001091,330,2025-05-05 23:09:00,Purchase,Credit Card,1031.88,Success,Education,0
TX001092,414,2025-03-26 23:11:00,Purchase,UPI,1062.48,Success,Shopping,0
TX001093,382,2025-12-09 23:23:00,Purchase,UPI,2035.48,Failed,Groceries,0
TX001094,160,2025-01-23 12:45:00,Transfer,UPI,1146.14,Success,Healthcare,0
TX001095,409,2025-09-05 07:49:00,Bill Payment,UPI,2044.16,Success,Travel,0
TX001096,203,2025-01-04 08:17:00,Transfer,Debit Card,1023.92,Failed,Shopping,0
TX001097,256,2025-09-05 13:45:00,Transfer,Debit Card,1172.44,Success,Groceries,0
TX001098,307,2025-04-27 13:25:00,Purchase,ATM,200.64,Reversed,Other,0
TX001099,324,2025-10-29 17:10:00,Purchase,UPI,2389.59,Success,Healthcare,0
TX001100,79,2025-10-29 10:10:00,Withdrawal,Net Banking,1472.2,Success,Groceries,0
TX001101,473,2025-11-12 02:15:00,Withdrawal,Net Banking,2561.4,Success,Utilities,0
TX001102,12,2025-07-19 11:59:00,Purchase,UPI,93.52,Success,Education,0
TX001103,201,2025-01-27 03:36:00,Transfer,UPI,6471.21,Success,Education,0
TX001104,50,2025-02-17 15:49:00,Purchase,Net Banking,973.94,Success,Dining,0
TX001105,235,2025-08-27 08:16:00,Purchase,UPI,2812.86,Success,Utilities,0
TX001106,108,2025-03-21 10:06:00,Withdrawal,UPI,453.09,Success,Travel,0
TX001107,348,2025-10-13 23:47:00,Refund,UPI,1846.15,Success,Utilities,0
TX001108,475,2025-01-21 12:13:00,Purchase,ATM,447.91,Success,Healthcare,0
TX001109,304,2025-06-07 22:47:00,Bill Payment,Debit Card,645.35,Success,Shopping,0
TX001110,204,2025-06-27 21:40:00,Purchase,Debit Card,5579.9,Success,Travel,0
TX001111,399,2025-06-18 19:38:00,Bill Payment,Credit Card,932.55,Success,Healthcare,0
TX001112,6,2025-02-13 16:34:00,Purchase,UPI,1319.25,Success,Shopping,0
TX001113,12,2025-08-02 15:58:00,Transfer,Debit Card,2297.46,Success,Utilities,0
TX001114,197,2025-06-26 06:55:00,Refund,Credit Card,1671.25,Success,Healthcare,0
TX001115,33,2025-09-17 21:00:00,Bill Payment,Net Banking,1246.2,Success,Groceries,0
TX001116,202,2025-07-22 10:55:00,Withdrawal,Net Banking,1495.5,Success,Travel,0
TX001117,386,2025-10-02 03:42:00,Purchase,Credit Card,8458.3,Success,Utilities,0
TX001118,3,2025-07-21 23:13:00,Purchase,UPI,1044.22,Success,Utilities,0
TX001119,45,2025-07-24 19:10:00,Purchase,Credit Card,1301.06,Success,Dining,0
TX001120,187,2025-12-18 19:26:00,Transfer,UPI,2678.62,Success,Dining,0
TX001121,24,2025-12-11 12:08:00,Bill Payment,Net Banking,2806.51,Success,Utilities,0
TX001122,296,2025-06-28 13:33:00,Transfer,Debit Card,3007.83,Success,Shopping,0
TX001123,353,2025-02-06 01:09:00,Transfer,UPI,1887.33,Success,Shopping,0
TX001124,491,2025-02-18 20:43:00,Transfer,UPI,415.07,Success,Education,0
TX001125,39,2025-07-20 04:39:00,Purchase,UPI,4395.85,Success,Travel,0
TX001126,484,2025-04-03 13:03:00,Transfer,ATM,413.89,Success,Dining,0
TX001127,325,2025-09-11 16:45:00,Transfer,Credit Card,1418.34,Success,Utilities,0
TX001128,215,2025-10-27 02:58:00,Purchase,ATM,577.59,Success,Shopping,0
TX001129,40,2025-04-09 08:23:00,Purchase,UPI,1038.45,Success,Travel,0
TX001130,186,2025-11-28 01:06:00,Purchase,UPI,1450.19,Success,Groceries,0
TX001131,51,2025-05-18 07:38:00,Refund,UPI,1441.09,Success,Travel,0
TX001132,90,2025-07-11 16:24:00,Withdrawal,UPI,1569.69,Success,Healthcare,0
TX001133,359,2025-07-28 07:35:00,Bill Payment,Debit Card,4322.78,Success,Utilities,0
TX001134,163,2025-12-11 14:43:00,Withdrawal,UPI,1612.44,Success,Education,0
TX001135,245,2025-08-04 15:41:00,Purchase,UPI,891.11,Success,Utilities,0
TX001136,74,2025-05-18 22:00:00,Transfer,UPI,2488.6,Success,Healthcare,0
TX001137,363,2025-10-11 02:08:00,Purchase,Debit Card,3014.08,Success,Healthcare,0
TX001138,409,2025-06-20 15:15:00,Transfer,UPI,386.27,Failed,Shopping,0
TX001139,157,2025-08-20 10:15:00,Bill Payment,ATM,1822.18,Success,Travel,0
TX001140,325,2025-01-29 22:27:00,Purchase,UPI,1990.21,Success,Travel,0
TX001141,381,2025-04-15 01:48:00,Transfer,Debit Card,851.56,Failed,Education,0
TX001142,347,2025-07-05 04:56:00,Bill Payment,UPI,3531.05,Success,Travel,0
TX001143,208,2025-01-06 01:27:00,Transfer,Net Banking,965.31,Success,Healthcare,0
TX001144,126,2025-12-28 23:38:00,Withdrawal,ATM,1220.16,Success,Groceries,0
TX001145,311,2025-06-13 08:22:00,Bill Payment,Credit Card,946.61,Success,Shopping,0
TX001146,90,2025-01-28 08:25:00,Purchase,UPI,1111.25,Success,Other,0
TX001147,195,2025-03-04 01:42:00,Purchase,UPI,431.89,Success,Travel,0
TX001148,149,2025-04-19 22:15:00,Transfer,UPI,144676.47,Success,Dining,1
TX001149,476,2025-12-06 17:39:00,Bill Payment,Debit Card,4252.78,Failed,Other,0
TX001150,30,2025-05-10 12:32:00,Purchase,Debit Card,533.83,Success,Healthcare,0
TX001151,456,2025-09-21 00:43:00,Purchase,UPI,472.16,Success,Travel,0
TX001152,271,2025-07-07 06:11:00,Bill Payment,UPI,175.85,Success,Dining,0
TX001153,116,2025-06-21 09:01:00,Purchase,UPI,637.07,Success,Dining,0
TX001154,56,2025-12-27 05:14:00,Purchase,Net Banking,356.16,Success,Education,0
TX001155,3,2025-05-11 19:03:00,Bill Payment,Credit Card,4428.04,Success,Utilities,0
TX001156,203,2025-06-03 07:14:00,Withdrawal,Net Banking,2587.23,Success,Other,0
TX001157,492,2025-08-31 04:58:00,Refund,UPI,610.98,Success,Utilities,0
TX001158,167,2025-10-01 11:07:00,Withdrawal,Net Banking,7439.59,Success,Education,0
TX001159,68,2025-02-09 22:51:00,Bill Payment,Net Banking,2526.27,Success,Groceries,0
TX001160,393,2025-09-07 04:42:00,Purchase,Credit Card,832.05,Failed,Groceries,0
TX001161,223,2025-06-24 19:59:00,Purchase,Debit Card,131.04,Success,Utilities,0
TX001162,374,2025-07-06 03:16:00,Purchase,UPI,7687.12,Success,Shopping,0
TX001163,342,2025-10-26 18:35:00,Purchase,Debit Card,336.59,Success,Utilities,0
TX001164,97,2025-12-28 09:02:00,Bill Payment,Debit Card,270.81,Success,Education,0
TX001165,20,2025-04-10 17:02:00,Refund,ATM,2615.43,Success,Travel,0
TX001166,443,2025-01-19 13:15:00,Purchase,Debit Card,8723.62,Reversed,Shopping,0
TX001167,173,2025-06-05 03:06:00,Transfer,Debit Card,3556.85,Success,Dining,0
TX001168,187,2025-04-13 03:32:00,Bill Payment,Credit Card,1771.04,Success,Utilities,0
TX001169,21,2025-01-01 04:40:00,Purchase,Credit Card,1818.09,Success,Travel,0
TX001170,221,2025-03-09 07:09:00,Purchase,Debit Card,2265.17,Success,Groceries,0
TX001171,350,2025-07-20 21:25:00,Withdrawal,UPI,2090.36,Success,Healthcare,0
TX001172,122,2025-08-25 17:57:00,Purchase,Debit Card,1392.72,Success,Travel,0
TX001173,22,2025-08-02 13:27:00,Bill Payment,Net Banking,1198.19,Success,Other,0
TX001174,474,2025-02-05 21:54:00,Purchase,Debit Card,1039.81,Success,Shopping,0
TX001175,274,2025-09-20 10:10:00,Purchase,UPI,577.74,Success,Healthcare,0
TX001176,459,2025-05-14 06:15:00,Purchase,Credit Card,863.87,Success,Education,0
TX001177,269,2025-12-06 02:06:00,Bill Payment,Net Banking,260.08,Success,Utilities,0
TX001178,149,2025-01-17 13:06:00,Bill Payment,UPI,1008.69,Success,Education,0
TX001179,254,2025-09-07 06:56:00,Transfer,Debit Card,473.28,Success,Education,0
TX001180,288,2025-10-11 18:15:00,Purchase,Debit Card,429.21,Success,Shopping,0
TX001181,304,2025-09-11 16:02:00,Purchase,ATM,1277.82,Success,Dining,0
TX001182,156,2025-11-07 09:02:00,Purchase,Credit Card,3580.3,Success,Groceries,0
TX001183,274,2025-03-28 17:34:00,Purchase,Debit Card,2393.64,Success,Utilities,0
TX001184,139,2025-11-14 23:44:00,Withdrawal,Debit Card,288.61,Success,Travel,0
TX001185,1,2025-08-25 03:57:00,Purchase,Debit Card,472.87,Success,Dining,0
TX001186,370,2025-02-18 15:30:00,Purchase,Debit Card,2439.76,Success,Groceries,0
TX001187,422,2025-05-10 10:15:00,Purchase,ATM,475.75,Failed,Travel,0
TX001188,370,2025-09-29 12:38:00,Transfer,ATM,906.02,Success,Shopping,0
TX001189,419,2025-06-10 23:52:00,Purchase,UPI,1750.3,Success,Education,0
TX001190,80,2025-06-12 09:41:00,Purchase,Credit Card,481.5,Success,Travel,0
TX001191,254,2025-03-08 02:05:00,Transfer,Net Banking,1199.39,Success,Utilities,0
TX001192,332,2025-04-13 16:32:00,Purchase,UPI,352.86,Success,Shopping,0
TX001193,36,2025-02-22 06:07:00,Purchase,UPI,657.76,Failed,Travel,0
TX001194,371,2025-07-11 19:03:00,Purchase,Credit Card,64959.49,Success,Travel,1
TX001195,424,2025-01-05 22:25:00,Withdrawal,Debit Card,283.14,Success,Travel,0
TX001196,138,2025-02-21 22:22:00,Bill Payment,Debit Card,1594.64,Success,Travel,0
TX001197,278,2025-09-26 00:24:00,Withdrawal,Net Banking,1078.48,Success,Other,0
TX001198,418,2025-03-01 09:34:00,Purchase,Debit Card,1753.93,Success,Dining,0
TX001199,322,2025-07-17 22:09:00,Purchase,Net Banking,1326.54,Success,Education,0
TX001200,73,2025-01-01 10:34:00,Bill Payment,UPI,3496.51,Success,Dining,0
TX001201,116,2025-12-02 13:51:00,Bill Payment,UPI,1219.8,Success,Travel,0
TX001202,252,2025-03-03 17:37:00,Refund,UPI,761.28,Success,Travel,0
TX001203,316,2025-05-02 12:07:00,Purchase,ATM,1216.77,Success,Utilities,0
TX001204,92,2025-06-06 01:24:00,Transfer,Debit Card,1740.28,Success,Dining,0
TX001205,320,2025-10-25 15:58:00,Purchase,Net Banking,1143.14,Success,Healthcare,0
TX001206,478,2025-04-07 15:06:00,Withdrawal,Credit Card,1135.13,Success,Utilities,0
TX001207,399,2025-08-27 18:56:00,Purchase,UPI,603.84,Success,Other,0
TX001208,418,2025-01-25 12:11:00,Purchase,UPI,624.24,Success,Healthcare,0
TX001209,66,2025-03-08 05:13:00,Withdrawal,UPI,332.88,Success,Education,0
TX001210,309,2025-10-16 21:43:00,Transfer,UPI,4851.97,Success,Education,0
TX001211,215,2025-07-20 00:11:00,Transfer,Debit Card,380.97,Success,Education,0
TX001212,43,2025-07-31 12:32:00,Withdrawal,Debit Card,608.52,Success,Shopping,0
TX001213,360,2025-02-01 18:24:00,Purchase,UPI,595.47,Success,Other,0
TX001214,491,2025-02-18 15:21:00,Bill Payment,UPI,2346.51,Success,Utilities,0
TX001215,151,2025-06-17 14:56:00,Purchase,Net Banking,853.45,Success,Shopping,0
TX001216,108,2025-10-29 09:37:00,Purchase,Credit Card,3167.13,Success,Utilities,0
TX001217,194,2025-09-24 21:45:00,Purchase,ATM,618.65,Success,Travel,0
TX001218,245,2025-11-01 21:38:00,Transfer,UPI,1390.12,Success,Shopping,0
TX001219,40,2025-01-05 13:01:00,Transfer,Net Banking,539.13,Success,Utilities,0
TX001220,384,2025-07-12 00:55:00,Transfer,UPI,6791.16,Success,Groceries,0
TX001221,147,2025-02-10 12:15:00,Purchase,Net Banking,399.63,Success,Utilities,0
TX001222,6,2025-05-25 07:42:00,Bill Payment,Credit Card,1427.03,Success,Dining,0
TX001223,471,2025-07-28 06:46:00,Transfer,Credit Card,1879.4,Success,Travel,0
TX001224,268,2025-05-18 11:10:00,Refund,UPI,1558.89,Success,Shopping,0
TX001225,201,2025-03-08 21:08:00,Bill Payment,ATM,936.83,Success,Other,0
TX001226,245,2025-04-25 00:41:00,Transfer,UPI,982.06,Success,Healthcare,0
TX001227,332,2025-06-04 10:54:00,Purchase,UPI,1138.24,Success,Healthcare,0
TX001228,15,2025-03-29 05:02:00,Purchase,Debit Card,967.82,Success,Dining,0
TX001229,97,2025-07-20 20:45:00,Purchase,ATM,2488.16,Success,Groceries,0
TX001230,289,2025-12-26 04:06:00,Withdrawal,UPI,7179.21,Failed,Groceries,0
TX001231,183,2025-10-01 16:16:00,Purchase,UPI,682.75,Success,Healthcare,0
TX001232,499,2025-02-17 03:44:00,Withdrawal,UPI,342.29,Success,Travel,0
TX001233,258,2025-10-21 23:59:00,Withdrawal,UPI,1017.35,Success,Groceries,0
TX001234,149,2025-02-28 16:47:00,Purchase,Debit Card,9825.66,Success,Shopping,0
TX001235,453,2025-03-20 12:21:00,Withdrawal,Credit Card,553.84,Success,Healthcare,0
TX001236,230,2025-10-13 22:30:00,Purchase,UPI,4417.15,Failed,Groceries,0
TX001237,457,2025-09-17 12:12:00,Withdrawal,UPI,4564.42,Success,Travel,0
TX001238,491,2025-02-25 11:42:00,Transfer,ATM,685.02,Success,Dining,0
TX001239,281,2025-11-12 20:37:00,Bill Payment,Net Banking,1778.7,Success,Healthcare,0
TX001240,87,2025-12-07 01:54:00,Purchase,UPI,4377.08,Success,Travel,0
TX001241,92,2025-09-16 17:47:00,Withdrawal,UPI,794.52,Success,Other,0
TX001242,333,2025-12-03 11:26:00,Purchase,UPI,922.38,Success,Dining,0
TX001243,206,2025-05-29 22:11:00,Bill Payment,Net Banking,668.86,Success,Healthcare,0
TX001244,192,2025-01-31 09:33:00,Transfer,Debit Card,462.87,Success,Groceries,0
TX001245,318,2025-12-22 20:55:00,Transfer,Credit Card,631.51,Success,Groceries,0
TX001246,80,2025-11-07 14:09:00,Purchase,UPI,387.47,Success,Shopping,0
TX001247,199,2025-11-15 06:31:00,Transfer,UPI,1128.87,Success,Other,0
TX001248,56,2025-02-01 05:55:00,Purchase,UPI,569.94,Success,Education,0
TX001249,103,2025-05-27 04:32:00,Purchase,UPI,1337.71,Success,Other,0
TX001250,59,2025-04-12 08:28:00,Transfer,Debit Card,292.21,Success,Shopping,0
TX001251,164,2025-07-26 21:03:00,Purchase,Debit Card,1452.8,Failed,Healthcare,0
TX001252,405,2025-06-06 14:21:00,Refund,UPI,2227.2,Success,Education,0
TX001253,139,2025-04-02 18:37:00,Transfer,UPI,201.41,Success,Dining,0
TX001254,448,2025-09-17 07:21:00,Transfer,UPI,1507.11,Success,Utilities,0
TX001255,426,2025-01-20 13:36:00,Purchase,Net Banking,3113.55,Success,Utilities,0
TX001256,102,2025-05-08 04:01:00,Bill Payment,Debit Card,392.21,Success,Education,0
TX001257,182,2025-11-29 06:24:00,Transfer,UPI,167460.86,Success,Travel,1
TX001258,371,2025-09-01 04:44:00,Transfer,UPI,1565.82,Success,Healthcare,0
TX001259,8,2025-02-24 19:08:00,Bill Payment,ATM,602.29,Success,Education,0
TX001260,135,2025-07-09 13:52:00,Withdrawal,ATM,1045.86,Success,Other,0
TX001261,328,2025-12-19 23:14:00,Transfer,UPI,1762.66,Success,Utilities,0
TX001262,308,2025-05-18 11:08:00,Purchase,UPI,1169.82,Success,Groceries,0
TX001263,190,2025-10-24 06:54:00,Purchase,UPI,1733.58,Success,Travel,0
TX001264,359,2025-07-01 17:28:00,Transfer,Debit Card,501.41,Success,Education,0
TX001265,268,2025-12-21 15:33:00,Withdrawal,UPI,1266.43,Success,Utilities,0
TX001266,284,2025-08-05 14:14:00,Purchase,UPI,329.75,Success,Education,0
TX001267,325,2025-04-14 03:03:00,Withdrawal,ATM,997.71,Success,Travel,0
TX001268,413,2025-11-01 19:52:00,Purchase,Debit Card,508.61,Success,Other,0
TX001269,384,2025-10-01 16:41:00,Transfer,Debit Card,586.87,Success,Groceries,0
TX001270,342,2025-04-16 13:13:00,Bill Payment,UPI,3135.92,Success,Travel,0
TX001271,101,2025-11-08 18:50:00,Transfer,UPI,2772.8,Success,Education,0
TX001272,465,2025-10-26 16:55:00,Transfer,Net Banking,1840.45,Failed,Shopping,0
TX001273,260,2025-04-14 06:10:00,Purchase,Credit Card,433.34,Success,Education,0
TX001274,345,2025-03-29 22:44:00,Purchase,Net Banking,838.03,Success,Healthcare,0
TX001275,431,2025-10-25 08:29:00,Transfer,Credit Card,3075.22,Success,Education,0
TX001276,124,2025-07-22 08:07:00,Refund,UPI,1237.02,Success,Education,0
TX001277,66,2025-12-09 00:31:00,Transfer,ATM,7874.86,Success,Utilities,0
TX001278,224,2025-03-26 02:14:00,Purchase,Net Banking,1531.99,Success,Education,0
TX001279,432,2025-10-05 11:57:00,Transfer,UPI,1291.09,Failed,Shopping,0
TX001280,48,2025-02-03 22:57:00,Purchase,UPI,843.24,Success,Travel,0
TX001281,293,2025-05-20 05:30:00,Purchase,Credit Card,1228.45,Success,Healthcare,0
TX001282,96,2025-03-29 06:43:00,Transfer,UPI,963.33,Success,Education,0
TX001283,395,2025-04-05 20:06:00,Transfer,UPI,2001.98,Success,Travel,0
TX001284,57,2025-06-17 03:55:00,Bill Payment,UPI,2473.02,Success,Utilities,0
TX001285,48,2025-01-29 04:10:00,Transfer,UPI,562.23,Success,Other,0
TX001286,408,2025-01-08 23:51:00,Purchase,Debit Card,353.7,Success,Education,0
TX001287,193,2025-11-20 22:26:00,Purchase,Net Banking,230.26,Success,Groceries,0
TX001288,463,2025-03-07 01:18:00,Transfer,Debit Card,1688.83,Success,Healthcare,0
TX001289,178,2025-06-26 04:28:00,Refund,Debit Card,128262.28,Success,Travel,1
TX001290,99,2025-08-09 16:16:00,Purchase,UPI,175.92,Success,Healthcare,0
TX001291,59,2025-11-24 03:50:00,Purchase,UPI,1525.83,Success,Utilities,0
TX001292,138,2025-04-10 15:20:00,Transfer,ATM,9127.52,Success,Dining,0
TX001293,240,2025-09-29 07:36:00,Withdrawal,UPI,1090.99,Success,Dining,0
TX001294,89,2025-03-14 01:04:00,Transfer,Net Banking,2236.61,Success,Dining,0
TX001295,85,2025-10-17 02:56:00,Purchase,Credit Card,1175.62,Success,Dining,0
TX001296,418,2025-04-27 01:16:00,Transfer,Debit Card,1008.22,Success,Healthcare,0
TX001297,460,2025-08-19 08:36:00,Withdrawal,UPI,2395.18,Failed,Dining,0
TX001298,301,2025-05-30 04:57:00,Purchase,Net Banking,856.85,Failed,Healthcare,0
TX001299,204,2025-01-11 21:37:00,Purchase,Net Banking,1376.48,Success,Shopping,0
TX001300,38,2025-03-20 08:18:00,Transfer,UPI,1441.51,Success,Healthcare,0
TX001301,353,2025-01-04 23:15:00,Withdrawal,UPI,621.49,Success,Shopping,0
TX001302,288,2025-01-25 02:46:00,Purchase,Debit Card,2548.44,Success,Dining,0
TX001303,367,2025-08-10 07:56:00,Bill Payment,Net Banking,945.09,Success,Education,0
TX001304,350,2025-10-03 07:47:00,Purchase,Net Banking,576.87,Success,Other,0
TX001305,256,2025-01-18 00:52:00,Refund,UPI,1730.27,Success,Healthcare,0
TX001306,303,2025-05-20 09:27:00,Purchase,UPI,167495.85,Success,Groceries,1
TX001307,467,2025-06-18 03:01:00,Purchase,Net Banking,1123.22,Success,Groceries,0
TX001308,173,2025-08-23 18:08:00,Purchase,Debit Card,1088.17,Success,Dining,0
TX001309,141,2025-04-26 11:38:00,Withdrawal,UPI,2760.07,Success,Groceries,0
TX001310,202,2025-04-19 15:50:00,Transfer,Debit Card,1641.71,Failed,Travel,0
TX001311,432,2025-05-17 03:14:00,Bill Payment,UPI,1073.55,Success,Utilities,0
TX001312,54,2025-12-28 17:41:00,Purchase,Credit Card,2197.56,Success,Shopping,0
TX001313,371,2025-11-25 12:12:00,Withdrawal,Net Banking,3574.84,Success,Groceries,0
TX001314,133,2025-11-18 14:33:00,Withdrawal,UPI,1761.88,Success,Healthcare,0
TX001315,353,2025-08-12 02:17:00,Withdrawal,UPI,1106.33,Success,Other,0
TX001316,62,2025-02-15 23:31:00,Purchase,UPI,359.58,Success,Education,0
TX001317,327,2025-06-12 16:01:00,Transfer,Debit Card,443.48,Success,Other,0
TX001318,500,2025-04-13 03:24:00,Purchase,Credit Card,846.03,Success,Dining,0
TX001319,365,2025-01-31 03:28:00,Purchase,Net Banking,653.22,Success,Shopping,0
TX001320,356,2025-01-29 09:43:00,Purchase,Debit Card,935.49,Success,Other,0
TX001321,420,2025-05-21 04:42:00,Purchase,UPI,1150.73,Success,Healthcare,0
TX001322,390,2025-12-10 20:07:00,Purchase,Debit Card,1720.27,Success,Utilities,0
TX001323,113,2025-11-30 18:13:00,Purchase,ATM,1032.85,Success,Education,0
TX001324,97,2025-01-25 23:46:00,Purchase,UPI,1658.26,Success,Travel,0
TX001325,76,2025-06-17 19:52:00,Bill Payment,Credit Card,1158.41,Success,Utilities,0
TX001326,137,2025-01-11 09:47:00,Transfer,Debit Card,204.56,Success,Travel,0
TX001327,182,2025-06-07 02:16:00,Purchase,UPI,493.52,Success,Other,0
TX001328,140,2025-05-15 15:11:00,Purchase,Debit Card,970.22,Success,Dining,0
TX001329,97,2025-05-27 14:46:00,Purchase,UPI,392.2,Success,Travel,0
TX001330,349,2025-01-19 03:47:00,Transfer,ATM,1826.1,Success,Groceries,0
TX001331,295,2025-04-07 21:54:00,Purchase,Debit Card,4028.46,Success,Education,0
TX001332,201,2025-05-24 01:05:00,Purchase,Credit Card,3090.07,Success,Shopping,0
TX001333,88,2025-10-14 01:47:00,Purchase,Debit Card,914.68,Success,Groceries,0
TX001334,49,2025-03-09 09:14:00,Transfer,Credit Card,3893.71,Success,Shopping,0
TX001335,88,2025-04-25 17:29:00,Transfer,UPI,1244.35,Success,Groceries,0
TX001336,342,2025-06-22 19:07:00,Purchase,UPI,823.43,Success,Utilities,0
TX001337,348,2025-10-04 19:15:00,Bill Payment,Debit Card,651.06,Success,Other,0
TX001338,448,2025-04-01 02:46:00,Transfer,UPI,152006.94,Success,Shopping,1
TX001339,269,2025-07-03 04:33:00,Purchase,UPI,788.43,Success,Healthcare,0
TX001340,232,2025-06-28 15:28:00,Withdrawal,ATM,1267.57,Success,Healthcare,0
TX001341,235,2025-01-05 22:29:00,Bill Payment,UPI,1257.01,Success,Other,0
TX001342,58,2025-04-09 06:44:00,Transfer,Credit Card,1099.48,Failed,Shopping,0
TX001343,338,2025-12-28 22:27:00,Purchase,Debit Card,1589.85,Success,Education,0
TX001344,185,2025-03-17 02:44:00,Withdrawal,UPI,3017.09,Success,Dining,0
TX001345,450,2025-08-17 05:51:00,Transfer,Net Banking,2458.04,Failed,Utilities,0
TX001346,136,2025-11-28 10:33:00,Transfer,Net Banking,310.39,Success,Dining,0
TX001347,159,2025-03-11 09:14:00,Purchase,Debit Card,125.11,Success,Education,0
TX001348,408,2025-06-15 16:05:00,Transfer,Net Banking,2426.42,Success,Groceries,0
TX001349,256,2025-12-04 14:17:00,Transfer,Debit Card,343.15,Failed,Utilities,0
TX001350,156,2025-06-27 05:56:00,Purchase,Net Banking,56142.96,Success,Travel,1
TX001351,28,2025-06-27 19:24:00,Purchase,UPI,405.61,Success,Dining,0
TX001352,71,2025-05-08 12:15:00,Bill Payment,Net Banking,237.06,Failed,Utilities,0
TX001353,489,2025-02-01 07:30:00,Withdrawal,UPI,1737.57,Success,Travel,0
TX001354,149,2025-03-21 16:24:00,Purchase,ATM,2090.76,Success,Education,0
TX001355,217,2025-05-26 07:30:00,Bill Payment,UPI,671.8,Success,Dining,0
TX001356,89,2025-07-25 07:29:00,Purchase,Net Banking,121.22,Success,Shopping,0
TX001357,129,2025-02-19 09:41:00,Purchase,UPI,689.31,Success,Other,0
TX001358,280,2025-03-08 18:19:00,Purchase,Net Banking,1530.02,Success,Other,0
TX001359,356,2025-04-25 01:18:00,Transfer,Credit Card,311.98,Success,Other,0
TX001360,216,2025-12-17 01:15:00,Purchase,UPI,1281.59,Failed,Education,0
TX001361,46,2025-10-03 04:46:00,Purchase,Net Banking,1082.45,Success,Healthcare,0
TX001362,66,2025-08-15 01:25:00,Transfer,Debit Card,1794.35,Success,Education,0
TX001363,65,2025-05-27 16:57:00,Transfer,Debit Card,1213.96,Success,Groceries,0
TX001364,44,2025-01-20 21:54:00,Purchase,ATM,479.57,Success,Dining,0
TX001365,290,2025-06-25 07:07:00,Transfer,Net Banking,3032.33,Success,Groceries,0
TX001366,360,2025-03-16 15:52:00,Transfer,Debit Card,958.39,Success,Utilities,0
TX001367,155,2025-08-17 17:38:00,Purchase,ATM,122743.27,Success,Travel,1
TX001368,35,2025-01-01 00:18:00,Purchase,Net Banking,496.07,Success,Travel,0
TX001369,243,2025-01-09 23:27:00,Bill Payment,UPI,752.36,Success,Education,0
TX001370,248,2025-12-24 18:55:00,Purchase,UPI,516.94,Success,Other,0
TX001371,440,2025-08-28 15:05:00,Transfer,UPI,946.71,Success,Shopping,0
TX001372,88,2025-07-06 05:41:00,Withdrawal,Debit Card,4698.28,Success,Travel,0
TX001373,492,2025-08-03 08:41:00,Transfer,Credit Card,341.68,Success,Travel,0
TX001374,238,2025-06-01 18:53:00,Withdrawal,UPI,278.24,Success,Education,0
TX001375,6,2025-07-31 08:49:00,Purchase,Debit Card,3829.52,Success,Groceries,0
TX001376,465,2025-11-27 05:59:00,Purchase,UPI,917.89,Success,Groceries,0
TX001377,82,2025-05-11 06:02:00,Transfer,Net Banking,620.97,Success,Education,0
TX001378,263,2025-01-23 20:27:00,Purchase,UPI,2654.25,Success,Other,0
TX001379,367,2025-11-09 15:07:00,Withdrawal,UPI,655.39,Success,Education,0
TX001380,35,2025-11-30 13:31:00,Bill Payment,Debit Card,5177.66,Success,Utilities,0
TX001381,295,2025-09-15 22:58:00,Bill Payment,Net Banking,1951.27,Success,Healthcare,0
TX001382,302,2025-12-14 18:37:00,Transfer,Debit Card,724.35,Success,Groceries,0
TX001383,437,2025-09-24 19:58:00,Purchase,UPI,6861.71,Failed,Other,0
TX001384,166,2025-10-04 16:11:00,Purchase,Net Banking,655.33,Success,Travel,0
TX001385,461,2025-11-17 16:09:00,Purchase,Net Banking,2060.66,Success,Travel,0
TX001386,32,2025-08-11 18:53:00,Purchase,UPI,1414.31,Success,Healthcare,0
TX001387,311,2025-08-18 20:19:00,Bill Payment,ATM,3315.89,Success,Education,0
TX001388,69,2025-12-27 00:53:00,Transfer,Debit Card,4135.17,Success,Dining,0
TX001389,116,2025-03-15 06:02:00,Withdrawal,UPI,1126.87,Success,Travel,0
TX001390,299,2025-01-09 19:50:00,Transfer,Credit Card,578.01,Success,Groceries,0
TX001391,185,2025-10-09 22:41:00,Purchase,Debit Card,1621.29,Success,Other,0
TX001392,98,2025-10-31 01:38:00,Purchase,Net Banking,616.43,Success,Utilities,0
TX001393,411,2025-01-25 10:48:00,Purchase,Debit Card,6071.61,Success,Utilities,0
TX001394,401,2025-07-08 07:46:00,Purchase,UPI,1231.58,Success,Healthcare,0
TX001395,12,2025-03-23 13:31:00,Bill Payment,UPI,803.9,Success,Healthcare,0
TX001396,35,2025-11-14 15:31:00,Bill Payment,ATM,1283.03,Success,Dining,0
TX001397,205,2025-08-14 05:48:00,Purchase,Credit Card,348.95,Success,Dining,0
TX001398,335,2025-01-11 21:57:00,Purchase,UPI,480.16,Success,Groceries,0
TX001399,72,2025-03-16 08:37:00,Transfer,Credit Card,3042.25,Success,Groceries,0
TX001400,121,2025-06-29 16:45:00,Purchase,ATM,627.43,Success,Groceries,0
TX001401,178,2025-12-24 04:35:00,Purchase,UPI,450.4,Success,Other,0
TX001402,485,2025-02-17 03:16:00,Purchase,UPI,1730.48,Success,Healthcare,0
TX001403,221,2025-06-23 21:16:00,Purchase,Net Banking,3004.45,Success,Groceries,0
TX001404,14,2025-10-09 15:56:00,Withdrawal,UPI,2020.52,Success,Groceries,0
TX001405,283,2025-06-25 13:17:00,Purchase,Credit Card,2557.13,Success,Education,0
TX001406,282,2025-02-20 03:51:00,Purchase,UPI,576.36,Success,Healthcare,0
TX001407,100,2025-05-05 22:16:00,Purchase,UPI,327.49,Success,Shopping,0
TX001408,212,2025-09-30 03:32:00,Withdrawal,Net Banking,3928.97,Success,Groceries,0
TX001409,448,2025-09-20 01:56:00,Purchase,UPI,833.57,Success,Dining,0
TX001410,23,2025-04-25 08:52:00,Purchase,Credit Card,886.07,Success,Education,0
TX001411,246,2025-08-28 10:02:00,Purchase,UPI,3391.29,Success,Other,0
TX001412,362,2025-09-25 16:26:00,Withdrawal,Net Banking,1759.52,Success,Dining,0
TX001413,483,2025-05-14 14:18:00,Withdrawal,UPI,1615.67,Success,Dining,0
TX001414,164,2025-09-12 01:13:00,Transfer,UPI,6906.73,Success,Other,0
TX001415,144,2025-01-29 13:28:00,Purchase,UPI,634.61,Success,Shopping,0
TX001416,63,2025-05-16 13:59:00,Withdrawal,Net Banking,2413.09,Success,Other,0
TX001417,333,2025-10-06 05:36:00,Transfer,UPI,1151.09,Success,Dining,0
TX001418,302,2025-05-20 20:59:00,Purchase,ATM,1377.88,Success,Education,0
TX001419,254,2025-01-07 20:42:00,Bill Payment,UPI,4020.65,Success,Utilities,0
TX001420,338,2025-06-06 22:52:00,Transfer,Credit Card,1688.61,Success,Groceries,0
TX001421,466,2025-08-10 15:14:00,Withdrawal,UPI,1732.9,Success,Shopping,0
TX001422,388,2025-01-10 22:56:00,Purchase,Net Banking,2728.84,Success,Groceries,0
TX001423,414,2025-02-09 18:17:00,Transfer,ATM,804.15,Success,Other,0
TX001424,218,2025-07-28 11:28:00,Withdrawal,Credit Card,537.36,Failed,Other,0
TX001425,382,2025-12-28 09:35:00,Bill Payment,UPI,169938.34,Failed,Travel,1
TX001426,128,2025-10-08 20:03:00,Transfer,UPI,206.15,Success,Healthcare,0
TX001427,138,2025-08-29 00:26:00,Purchase,Credit Card,6296.67,Success,Dining,0
TX001428,292,2025-08-29 13:57:00,Purchase,UPI,429.35,Success,Other,0
TX001429,5,2025-06-19 19:48:00,Purchase,UPI,908.63,Success,Education,0
TX001430,30,2025-07-31 00:21:00,Bill Payment,UPI,866.71,Success,Travel,0
TX001431,226,2025-03-07 11:09:00,Purchase,Net Banking,1424.1,Success,Shopping,0
TX001432,323,2025-03-05 12:45:00,Purchase,Debit Card,2193.77,Success,Groceries,0
TX001433,95,2025-09-07 04:44:00,Transfer,UPI,2278.8,Success,Shopping,0
TX001434,32,2025-12-13 12:06:00,Withdrawal,UPI,668.06,Success,Healthcare,0
TX001435,277,2025-09-19 12:46:00,Purchase,UPI,951.41,Success,Travel,0
TX001436,262,2025-01-29 04:46:00,Purchase,UPI,1394.36,Success,Education,0
TX001437,37,2025-08-22 16:53:00,Purchase,UPI,887.68,Success,Healthcare,0
TX001438,172,2025-12-22 00:32:00,Purchase,Credit Card,4299.46,Failed,Groceries,0
TX001439,83,2025-05-15 02:16:00,Purchase,ATM,1664.58,Success,Shopping,0
TX001440,414,2025-04-24 23:57:00,Transfer,Net Banking,2048.06,Success,Healthcare,0
TX001441,482,2025-03-20 05:33:00,Purchase,Debit Card,1926.48,Success,Travel,0
TX001442,490,2025-01-29 03:33:00,Bill Payment,ATM,2973.37,Reversed,Education,0
TX001443,276,2025-09-24 21:27:00,Purchase,Net Banking,1279.04,Success,Other,0
TX001444,163,2025-04-09 00:09:00,Purchase,Debit Card,364.2,Success,Healthcare,0
TX001445,119,2025-06-15 23:01:00,Purchase,ATM,1540.3,Success,Education,0
TX001446,186,2025-01-30 00:20:00,Purchase,Debit Card,630.4,Success,Shopping,0
TX001447,230,2025-10-14 06:49:00,Purchase,Debit Card,699.72,Success,Shopping,0
TX001448,398,2025-11-28 01:17:00,Purchase,Debit Card,1805.17,Success,Dining,0
TX001449,175,2025-04-25 06:24:00,Purchase,UPI,3141.77,Success,Other,0
TX001450,324,2025-11-17 22:09:00,Withdrawal,Net Banking,1116.64,Success,Travel,0
TX001451,215,2025-04-06 21:24:00,Withdrawal,Credit Card,1425.83,Success,Groceries,0
TX001452,427,2025-06-07 01:48:00,Purchase,UPI,4660.52,Success,Education,0
TX001453,463,2025-06-03 18:37:00,Purchase,UPI,1345.66,Success,Travel,0
TX001454,173,2025-11-23 17:49:00,Bill Payment,UPI,10010.91,Success,Groceries,0
TX001455,38,2025-09-26 23:16:00,Bill Payment,ATM,1773.45,Success,Education,0
TX001456,149,2025-10-03 20:32:00,Transfer,UPI,245.51,Success,Travel,0
TX001457,78,2025-11-23 01:51:00,Purchase,Debit Card,2080.45,Success,Healthcare,0
TX001458,225,2025-03-06 08:13:00,Transfer,Debit Card,1516.23,Success,Dining,0
TX001459,253,2025-05-05 04:43:00,Purchase,Debit Card,3282.27,Success,Education,0
TX001460,147,2025-04-28 12:40:00,Purchase,Credit Card,1943.42,Success,Shopping,0
TX001461,221,2025-07-09 00:16:00,Purchase,Net Banking,974.88,Success,Utilities,0
TX001462,61,2025-04-15 19:12:00,Purchase,UPI,387.36,Success,Dining,0
TX001463,311,2025-10-02 07:54:00,Purchase,UPI,918.12,Success,Utilities,0
TX001464,15,2025-08-06 20:49:00,Bill Payment,ATM,532.22,Success,Groceries,0
TX001465,251,2025-10-31 02:32:00,Bill Payment,UPI,669.52,Failed,Education,0
TX001466,375,2025-06-11 22:56:00,Transfer,Net Banking,1808.57,Success,Travel,0
TX001467,228,2025-11-20 15:08:00,Purchase,UPI,4534.27,Reversed,Travel,0
TX001468,496,2025-05-09 18:51:00,Withdrawal,Credit Card,1533.75,Success,Utilities,0
TX001469,260,2025-05-03 02:13:00,Purchase,Debit Card,396.83,Success,Healthcare,0
TX001470,457,2025-12-03 16:24:00,Purchase,UPI,1600.25,Success,Shopping,0
TX001471,431,2025-07-23 05:21:00,Transfer,Net Banking,3032.48,Success,Groceries,0
TX001472,126,2025-02-19 20:01:00,Transfer,Net Banking,653.07,Success,Other,0
TX001473,78,2025-06-26 09:41:00,Withdrawal,Credit Card,978.56,Success,Travel,0
TX001474,487,2025-07-07 23:33:00,Bill Payment,Credit Card,60089.19,Success,Shopping,1
TX001475,364,2025-03-06 20:23:00,Purchase,Credit Card,562.75,Success,Shopping,0
TX001476,327,2025-05-07 23:01:00,Transfer,Credit Card,1902.72,Success,Shopping,0
TX001477,449,2025-04-17 08:32:00,Transfer,Debit Card,989.49,Success,Other,0
TX001478,152,2025-02-05 03:31:00,Purchase,ATM,1566.51,Success,Education,0
TX001479,497,2025-06-12 19:27:00,Purchase,Credit Card,515.75,Success,Healthcare,0
TX001480,339,2025-02-11 08:05:00,Purchase,UPI,756.09,Success,Other,0
TX001481,308,2025-05-31 00:08:00,Transfer,UPI,2026.42,Success,Education,0
TX001482,32,2025-07-24 17:04:00,Withdrawal,UPI,798.78,Success,Other,0
TX001483,218,2025-05-26 03:42:00,Purchase,UPI,4759.6,Success,Groceries,0
TX001484,158,2025-06-12 23:30:00,Purchase,Debit Card,780.79,Success,Travel,0
TX001485,486,2025-12-19 12:44:00,Transfer,UPI,1327.41,Success,Groceries,0
TX001486,411,2025-05-19 01:23:00,Purchase,Credit Card,2422.86,Success,Travel,0
TX001487,336,2025-01-18 22:02:00,Transfer,UPI,328.45,Success,Education,0
TX001488,441,2025-09-19 08:24:00,Purchase,Net Banking,245.5,Success,Shopping,0
TX001489,284,2025-09-24 23:58:00,Purchase,UPI,299.82,Success,Travel,0
TX001490,257,2025-05-25 21:13:00,Withdrawal,UPI,3207.34,Success,Shopping,0
TX001491,18,2025-04-10 04:46:00,Withdrawal,Net Banking,686.03,Success,Dining,0
TX001492,442,2025-01-31 22:00:00,Purchase,Debit Card,9647.65,Success,Groceries,0
TX001493,8,2025-09-28 09:23:00,Bill Payment,Debit Card,678.84,Success,Education,0
TX001494,100,2025-10-30 17:30:00,Transfer,UPI,1282.89,Success,Groceries,0
TX001495,155,2025-04-10 18:40:00,Transfer,UPI,4067.54,Success,Education,0
TX001496,150,2025-06-06 09:19:00,Purchase,ATM,6034.08,Success,Shopping,0
TX001497,196,2025-01-07 06:24:00,Refund,Credit Card,6325.08,Success,Travel,0
TX001498,232,2025-03-23 13:52:00,Transfer,UPI,3062.88,Success,Other,0
TX001499,289,2025-02-09 16:00:00,Transfer,UPI,2618.75,Failed,Travel,0
TX001500,288,2025-03-03 14:58:00,Purchase,ATM,1814.65,Success,Education,0
TX001501,316,2025-11-02 03:10:00,Transfer,Credit Card,2125.17,Success,Other,0
TX001502,130,2025-05-30 22:52:00,Purchase,UPI,686.42,Success,Education,0
TX001503,447,2025-01-03 00:41:00,Purchase,UPI,547.04,Success,Other,0
TX001504,161,2025-12-16 08:01:00,Transfer,UPI,1093.49,Success,Travel,0
TX001505,472,2025-02-08 05:53:00,Purchase,UPI,948.94,Success,Travel,0
TX001506,86,2025-03-13 20:37:00,Purchase,ATM,746.02,Success,Utilities,0
TX001507,321,2025-10-20 10:03:00,Transfer,UPI,1982.13,Success,Groceries,0
TX001508,152,2025-02-12 19:27:00,Purchase,UPI,2470.09,Success,Healthcare,0
TX001509,315,2025-11-20 20:57:00,Purchase,Credit Card,1182.22,Success,Shopping,0
TX001510,412,2025-08-12 13:12:00,Bill Payment,UPI,3850.28,Success,Shopping,0
TX001511,480,2025-05-01 05:07:00,Bill Payment,Credit Card,415.53,Success,Other,0
TX001512,6,2025-04-26 16:00:00,Purchase,UPI,930.19,Failed,Dining,0
TX001513,360,2025-03-10 07:55:00,Purchase,UPI,596.27,Success,Other,0
TX001514,305,2025-02-26 23:06:00,Purchase,Debit Card,224.4,Success,Groceries,0
TX001515,476,2025-03-12 03:19:00,Purchase,Net Banking,1022.21,Success,Dining,0
TX001516,189,2025-08-16 08:58:00,Withdrawal,ATM,988.82,Success,Shopping,0
TX001517,40,2025-08-04 18:33:00,Purchase,Credit Card,3969.65,Success,Travel,0
TX001518,65,2025-10-18 03:16:00,Transfer,Debit Card,1874.67,Success,Dining,0
TX001519,495,2025-10-21 22:17:00,Withdrawal,Debit Card,459.18,Success,Groceries,0
TX001520,402,2025-03-26 09:46:00,Refund,UPI,5302.74,Success,Utilities,0
TX001521,244,2025-11-15 10:29:00,Purchase,UPI,3096.04,Success,Other,0
TX001522,218,2025-08-31 01:28:00,Transfer,UPI,1798.63,Success,Education,0
TX001523,194,2025-10-09 18:36:00,Purchase,Debit Card,904.6,Success,Travel,0
TX001524,453,2025-08-09 09:53:00,Bill Payment,ATM,485.16,Success,Utilities,0
TX001525,431,2025-06-09 04:41:00,Transfer,Debit Card,799.21,Success,Education,0
TX001526,334,2025-05-07 18:26:00,Purchase,Net Banking,2766.77,Success,Healthcare,0
TX001527,373,2025-06-04 09:38:00,Purchase,Debit Card,5441.98,Failed,Education,0
TX001528,192,2025-03-07 04:10:00,Bill Payment,ATM,4071.46,Success,Shopping,0
TX001529,3,2025-08-02 10:11:00,Purchase,UPI,723.77,Success,Groceries,0
TX001530,311,2025-04-10 09:45:00,Purchase,UPI,423.4,Success,Dining,0
TX001531,141,2025-08-16 15:41:00,Purchase,Debit Card,1236.15,Success,Other,0
TX001532,312,2025-08-19 04:35:00,Transfer,UPI,243.92,Success,Travel,0
TX001533,20,2025-05-15 13:02:00,Purchase,Net Banking,1443.31,Success,Utilities,0
TX001534,43,2025-06-02 18:16:00,Bill Payment,UPI,967.33,Success,Healthcare,0
TX001535,50,2025-11-09 08:21:00,Transfer,ATM,737.94,Success,Groceries,0
TX001536,171,2025-11-01 20:12:00,Transfer,Net Banking,282.73,Success,Healthcare,0
TX001537,265,2025-01-06 03:49:00,Bill Payment,UPI,1696.9,Success,Travel,0
TX001538,99,2025-10-28 09:22:00,Withdrawal,UPI,697.29,Success,Groceries,0
TX001539,142,2025-08-10 13:24:00,Purchase,Debit Card,405.68,Success,Groceries,0
TX001540,160,2025-04-10 16:10:00,Transfer,UPI,95.45,Success,Travel,0
TX001541,290,2025-12-05 16:50:00,Transfer,UPI,1071.28,Success,Utilities,0
TX001542,163,2025-08-04 05:32:00,Transfer,UPI,4946.39,Success,Healthcare,0
TX001543,236,2025-01-30 14:11:00,Bill Payment,ATM,4501.07,Success,Shopping,0
TX001544,383,2025-10-03 04:33:00,Withdrawal,UPI,743.57,Success,Dining,0
TX001545,72,2025-07-25 17:23:00,Purchase,UPI,657.29,Success,Utilities,0
TX001546,152,2025-04-05 10:16:00,Transfer,UPI,1633.46,Success,Healthcare,0
TX001547,396,2025-08-22 16:21:00,Transfer,Net Banking,469.36,Success,Education,0
TX001548,80,2025-07-15 20:40:00,Transfer,ATM,1417.32,Success,Dining,0
TX001549,107,2025-05-05 14:01:00,Transfer,Debit Card,2103.1,Success,Travel,0
TX001550,263,2025-10-09 14:09:00,Purchase,UPI,3111.6,Success,Utilities,0
TX001551,244,2025-02-20 21:43:00,Transfer,UPI,1007.14,Success,Groceries,0
TX001552,166,2025-09-13 07:57:00,Purchase,UPI,922.31,Success,Other,0
TX001553,172,2025-05-03 13:53:00,Transfer,UPI,519.94,Success,Other,0
TX001554,280,2025-03-09 18:41:00,Withdrawal,UPI,543.02,Success,Education,0
TX001555,375,2025-05-26 09:25:00,Transfer,UPI,904.6,Success,Other,0
TX001556,348,2025-05-27 01:19:00,Purchase,ATM,1498.56,Success,Travel,0
TX001557,216,2025-06-05 01:31:00,Withdrawal,ATM,2384.03,Success,Utilities,0
TX001558,473,2025-04-20 10:31:00,Bill Payment,ATM,554.07,Success,Utilities,0
TX001559,67,2025-08-30 12:56:00,Purchase,ATM,3900.21,Success,Utilities,0
TX001560,411,2025-05-07 00:17:00,Transfer,UPI,72123.65,Success,Dining,1
TX001561,158,2025-01-30 06:19:00,Purchase,Net Banking,1076.9,Success,Utilities,0
TX001562,351,2025-07-22 04:42:00,Bill Payment,UPI,581.07,Success,Other,0
TX001563,282,2025-09-08 01:13:00,Purchase,UPI,139.69,Success,Other,0
TX001564,362,2025-03-30 09:06:00,Withdrawal,UPI,2324.91,Success,Utilities,0
TX001565,205,2025-10-09 12:51:00,Purchase,UPI,2051.48,Success,Education,0
TX001566,274,2025-01-27 02:08:00,Purchase,Credit Card,863.39,Success,Utilities,0
TX001567,394,2025-03-27 14:50:00,Purchase,UPI,1160.89,Success,Education,0
TX001568,469,2025-01-29 03:11:00,Transfer,UPI,1700.28,Success,Education,0
TX001569,48,2025-05-04 15:21:00,Purchase,UPI,290.57,Success,Other,0
TX001570,18,2025-04-06 00:49:00,Bill Payment,UPI,699.46,Success,Travel,0
TX001571,239,2025-10-21 12:56:00,Purchase,Credit Card,2154.09,Success,Groceries,0
TX001572,83,2025-04-27 03:41:00,Purchase,Debit Card,377.61,Success,Education,0
TX001573,217,2025-10-08 20:14:00,Purchase,UPI,1407.44,Success,Other,0
TX001574,258,2025-05-16 17:47:00,Withdrawal,Credit Card,346.16,Failed,Travel,0
TX001575,403,2025-03-07 02:43:00,Refund,Debit Card,1630.21,Success,Utilities,0
TX001576,4,2025-05-03 17:45:00,Bill Payment,Credit Card,1063.91,Success,Other,0
TX001577,223,2025-01-18 16:10:00,Transfer,UPI,277.87,Success,Groceries,0
TX001578,456,2025-08-07 05:00:00,Transfer,UPI,2951.38,Success,Groceries,0
TX001579,278,2025-04-08 07:08:00,Purchase,UPI,98694.88,Success,Travel,1
TX001580,183,2025-09-24 11:28:00,Purchase,Credit Card,550.75,Success,Travel,0
TX001581,65,2025-09-22 14:45:00,Purchase,Debit Card,1300.47,Success,Other,0
TX001582,353,2025-08-13 17:32:00,Purchase,Net Banking,2911.26,Success,Other,0
TX001583,21,2025-01-28 20:46:00,Purchase,UPI,462.46,Success,Travel,0
TX001584,196,2025-07-06 15:26:00,Refund,UPI,1155.66,Success,Education,0
TX001585,206,2025-01-09 03:35:00,Purchase,Credit Card,1578.92,Success,Travel,0
TX001586,429,2025-11-29 04:12:00,Purchase,UPI,1976.61,Success,Dining,0
TX001587,316,2025-07-07 03:44:00,Transfer,Net Banking,1274.07,Success,Other,0
TX001588,111,2025-10-04 23:15:00,Bill Payment,UPI,802.74,Success,Groceries,0
TX001589,310,2025-05-26 03:38:00,Bill Payment,Credit Card,542.7,Success,Groceries,0
TX001590,401,2025-05-31 20:25:00,Transfer,UPI,1179.94,Success,Healthcare,0
TX001591,50,2025-03-22 13:57:00,Purchase,Credit Card,440.84,Success,Other,0
TX001592,302,2025-06-03 04:41:00,Transfer,UPI,91.55,Success,Groceries,0
TX001593,176,2025-05-05 00:10:00,Purchase,Net Banking,1589.34,Success,Other,0
TX001594,108,2025-07-13 18:47:00,Transfer,Credit Card,2364.55,Success,Travel,0
TX001595,324,2025-06-27 03:26:00,Transfer,UPI,147.16,Reversed,Healthcare,0
TX001596,156,2025-04-17 05:59:00,Withdrawal,Debit Card,464.86,Success,Utilities,0
TX001597,320,2025-05-09 00:33:00,Transfer,UPI,1856.19,Success,Dining,0
TX001598,285,2025-09-28 21:37:00,Transfer,UPI,6303.57,Success,Travel,0
TX001599,50,2025-05-25 02:06:00,Purchase,ATM,1116.19,Success,Utilities,0
TX001600,393,2025-10-11 02:06:00,Refund,ATM,590.63,Success,Shopping,0
TX001601,215,2025-11-24 20:19:00,Transfer,UPI,938.74,Success,Healthcare,0
TX001602,258,2025-07-15 00:22:00,Transfer,UPI,3528.56,Success,Dining,0
TX001603,423,2025-12-03 14:50:00,Purchase,ATM,633.29,Success,Healthcare,0
TX001604,391,2025-06-18 22:40:00,Transfer,Credit Card,555.95,Success,Education,0
TX001605,499,2025-06-02 06:53:00,Purchase,Debit Card,727.54,Success,Travel,0
TX001606,307,2025-07-27 17:50:00,Withdrawal,ATM,487.69,Success,Other,0
TX001607,351,2025-02-03 02:52:00,Bill Payment,UPI,1217.15,Success,Education,0
TX001608,283,2025-07-06 04:07:00,Bill Payment,Net Banking,4363.27,Success,Shopping,0
TX001609,90,2025-06-21 21:52:00,Bill Payment,ATM,1443.2,Success,Groceries,0
TX001610,106,2025-07-30 07:09:00,Transfer,UPI,884.92,Reversed,Utilities,0
TX001611,499,2025-06-17 23:49:00,Transfer,UPI,855.73,Success,Utilities,0
TX001612,126,2025-06-18 06:52:00,Withdrawal,UPI,290.41,Success,Education,0
TX001613,444,2025-07-09 05:47:00,Refund,Net Banking,2323.07,Success,Dining,0
TX001614,453,2025-09-18 16:17:00,Transfer,Credit Card,1026.43,Reversed,Groceries,0
TX001615,225,2025-06-25 01:21:00,Bill Payment,UPI,940.67,Success,Groceries,0
TX001616,187,2025-05-26 10:16:00,Withdrawal,Debit Card,16550.0,Success,Travel,0
TX001617,54,2025-02-23 03:37:00,Bill Payment,Credit Card,1413.66,Success,Utilities,0
TX001618,188,2025-05-31 07:54:00,Transfer,UPI,578.81,Success,Dining,0
TX001619,50,2025-05-01 03:48:00,Transfer,UPI,763.26,Success,Shopping,0
TX001620,388,2025-04-05 15:54:00,Purchase,Credit Card,2910.79,Success,Dining,0
TX001621,291,2025-04-11 05:35:00,Transfer,Credit Card,1207.47,Success,Shopping,0
TX001622,451,2025-05-16 00:32:00,Transfer,Credit Card,322.94,Success,Dining,0
TX001623,244,2025-09-17 14:58:00,Purchase,UPI,2395.49,Success,Utilities,0
TX001624,312,2025-04-17 10:26:00,Bill Payment,UPI,621.46,Success,Dining,0
TX001625,76,2025-08-01 17:07:00,Purchase,UPI,5390.01,Success,Education,0
TX001626,245,2025-08-14 04:11:00,Bill Payment,ATM,2746.39,Success,Healthcare,0
TX001627,268,2025-05-17 07:13:00,Purchase,ATM,749.78,Success,Other,0
TX001628,90,2025-06-26 05:14:00,Bill Payment,UPI,3257.98,Success,Dining,0
TX001629,106,2025-03-23 16:03:00,Purchase,Debit Card,1161.74,Success,Shopping,0
TX001630,183,2025-07-01 14:29:00,Transfer,Net Banking,2263.93,Success,Shopping,0
TX001631,380,2025-03-15 17:44:00,Purchase,UPI,1655.77,Failed,Travel,0
TX001632,139,2025-07-21 10:40:00,Bill Payment,Net Banking,534.11,Success,Groceries,0
TX001633,229,2025-07-26 07:55:00,Transfer,UPI,634.59,Success,Shopping,0
TX001634,117,2025-09-09 02:08:00,Withdrawal,UPI,2631.91,Success,Dining,0
TX001635,47,2025-09-28 13:23:00,Purchase,Net Banking,825.05,Success,Dining,0
TX001636,32,2025-03-17 15:11:00,Purchase,Debit Card,778.13,Success,Groceries,0
TX001637,164,2025-10-15 15:15:00,Transfer,UPI,486.94,Success,Shopping,0
TX001638,52,2025-07-17 11:17:00,Transfer,Debit Card,1571.93,Success,Education,0
TX001639,441,2025-11-26 11:54:00,Purchase,Net Banking,6330.57,Success,Other,0
TX001640,1,2025-04-02 15:48:00,Withdrawal,Debit Card,442.57,Success,Other,0
TX001641,264,2025-04-14 07:29:00,Bill Payment,UPI,1119.44,Success,Dining,0
TX001642,348,2025-07-24 08:24:00,Transfer,Debit Card,3642.36,Success,Utilities,0
TX001643,250,2025-01-03 08:56:00,Purchase,ATM,1024.85,Success,Travel,0
TX001644,390,2025-06-07 07:00:00,Transfer,UPI,1610.85,Success,Utilities,0
TX001645,100,2025-10-11 13:11:00,Purchase,UPI,444.51,Success,Other,0
TX001646,53,2025-09-07 07:24:00,Purchase,Debit Card,1578.23,Success,Utilities,0
TX001647,99,2025-10-07 00:52:00,Purchase,UPI,935.36,Success,Healthcare,0
TX001648,490,2025-07-08 00:57:00,Refund,Credit Card,2534.8,Success,Dining,0
TX001649,118,2025-12-06 15:18:00,Purchase,ATM,3008.74,Success,Dining,0
TX001650,171,2025-09-22 14:05:00,Purchase,Credit Card,9908.31,Success,Education,0
TX001651,391,2025-06-01 20:52:00,Purchase,ATM,1794.87,Success,Utilities,0
TX001652,500,2025-06-16 08:21:00,Withdrawal,UPI,1446.54,Success,Dining,0
TX001653,151,2025-10-31 02:56:00,Purchase,UPI,1293.65,Success,Shopping,0
TX001654,409,2025-03-20 06:31:00,Transfer,UPI,812.25,Success,Utilities,0
TX001655,167,2025-09-21 04:21:00,Transfer,Credit Card,1462.22,Failed,Groceries,0
TX001656,400,2025-08-29 02:05:00,Purchase,ATM,853.13,Success,Education,0
TX001657,31,2025-02-06 22:23:00,Purchase,UPI,1265.46,Success,Dining,0
TX001658,57,2025-06-21 19:00:00,Purchase,Credit Card,3360.88,Success,Education,0
TX001659,423,2025-02-25 06:12:00,Bill Payment,Debit Card,466.12,Success,Other,0
TX001660,126,2025-04-30 08:43:00,Transfer,Credit Card,2889.67,Success,Dining,0
TX001661,354,2025-01-08 22:56:00,Purchase,Credit Card,3359.5,Success,Healthcare,0
TX001662,491,2025-11-07 17:24:00,Purchase,Net Banking,991.92,Success,Healthcare,0
TX001663,240,2025-03-24 21:31:00,Transfer,UPI,180.63,Success,Dining,0
TX001664,310,2025-09-30 05:04:00,Bill Payment,UPI,654.16,Success,Other,0
TX001665,409,2025-01-18 11:42:00,Bill Payment,UPI,3302.53,Success,Education,0
TX001666,17,2025-12-16 10:45:00,Transfer,Net Banking,1075.52,Success,Healthcare,0
TX001667,325,2025-01-25 10:24:00,Withdrawal,Debit Card,469.0,Success,Utilities,0
TX001668,409,2025-07-06 23:02:00,Bill Payment,UPI,714.04,Success,Shopping,0
TX001669,385,2025-01-27 14:36:00,Withdrawal,UPI,2240.66,Success,Utilities,0
TX001670,334,2025-05-01 07:20:00,Purchase,Debit Card,1745.37,Success,Education,0
TX001671,456,2025-01-08 19:43:00,Purchase,UPI,895.08,Success,Groceries,0
TX001672,116,2025-04-28 09:02:00,Purchase,UPI,802.88,Success,Healthcare,0
TX001673,273,2025-06-16 15:54:00,Transfer,UPI,786.04,Success,Utilities,0
TX001674,97,2025-10-09 10:30:00,Purchase,UPI,500.67,Success,Groceries,0
TX001675,400,2025-02-16 08:34:00,Transfer,ATM,4328.9,Success,Shopping,0
TX001676,337,2025-03-18 00:35:00,Purchase,UPI,833.83,Success,Shopping,0
TX001677,396,2025-05-10 09:02:00,Purchase,Net Banking,3085.86,Success,Education,0
TX001678,14,2025-06-11 15:18:00,Bill Payment,Net Banking,3996.28,Success,Other,0
TX001679,205,2025-03-14 07:43:00,Purchase,UPI,2562.05,Success,Utilities,0
TX001680,260,2025-11-29 12:23:00,Transfer,Debit Card,759.85,Success,Other,0
TX001681,380,2025-08-09 05:14:00,Purchase,ATM,1545.6,Success,Travel,0
TX001682,410,2025-07-04 13:26:00,Purchase,UPI,1074.31,Success,Groceries,0
TX001683,195,2025-10-20 12:19:00,Purchase,ATM,508.7,Success,Dining,0
TX001684,429,2025-01-24 18:38:00,Purchase,Net Banking,1444.77,Reversed,Travel,0
TX001685,334,2025-08-23 07:42:00,Withdrawal,Net Banking,194635.17,Success,Healthcare,1
TX001686,24,2025-02-21 05:46:00,Bill Payment,UPI,127793.3,Success,Other,1
TX001687,391,2025-01-15 04:42:00,Purchase,Net Banking,738.84,Success,Healthcare,0
TX001688,317,2025-06-01 01:14:00,Bill Payment,UPI,1301.13,Success,Utilities,0
TX001689,380,2025-10-22 16:47:00,Withdrawal,UPI,1395.2,Success,Utilities,0
TX001690,16,2025-07-01 03:42:00,Purchase,UPI,880.01,Success,Healthcare,0
TX001691,15,2025-10-13 04:18:00,Purchase,UPI,1805.67,Success,Utilities,0
TX001692,468,2025-05-29 10:08:00,Purchase,UPI,732.4,Success,Utilities,0
TX001693,52,2025-01-06 10:32:00,Purchase,UPI,2299.86,Success,Other,0
TX001694,238,2025-12-25 00:48:00,Purchase,Net Banking,349.3,Success,Groceries,0
TX001695,160,2025-06-23 09:28:00,Transfer,Net Banking,1221.0,Success,Healthcare,0
TX001696,490,2025-08-12 09:48:00,Transfer,UPI,5699.25,Success,Shopping,0
TX001697,65,2025-03-21 20:22:00,Transfer,Net Banking,468.59,Success,Travel,0
TX001698,368,2025-05-28 00:47:00,Purchase,Debit Card,616.41,Success,Dining,0
TX001699,169,2025-09-16 16:05:00,Refund,Credit Card,1697.35,Success,Dining,0
TX001700,390,2025-11-24 12:13:00,Purchase,UPI,1277.48,Success,Groceries,0
TX001701,383,2025-11-26 20:52:00,Withdrawal,Debit Card,1477.39,Failed,Groceries,0
TX001702,74,2025-08-20 01:29:00,Purchase,Net Banking,1662.05,Success,Other,0
TX001703,248,2025-11-09 06:31:00,Purchase,Debit Card,1880.91,Success,Other,0
TX001704,110,2025-06-15 00:03:00,Transfer,Debit Card,2816.48,Success,Healthcare,0
TX001705,173,2025-12-29 21:10:00,Bill Payment,UPI,1553.62,Success,Other,0
TX001706,340,2025-02-05 03:15:00,Transfer,UPI,893.31,Success,Healthcare,0
TX001707,219,2025-08-22 20:26:00,Purchase,Debit Card,1942.42,Failed,Travel,0
TX001708,62,2025-07-20 10:02:00,Withdrawal,UPI,5513.2,Success,Travel,0
TX001709,495,2025-11-12 15:40:00,Refund,UPI,979.71,Success,Shopping,0
TX001710,73,2025-11-02 20:08:00,Transfer,Net Banking,478.98,Success,Utilities,0
TX001711,289,2025-11-10 02:08:00,Transfer,UPI,2810.22,Success,Utilities,0
TX001712,192,2025-02-27 19:10:00,Purchase,UPI,989.97,Success,Utilities,0
TX001713,277,2025-12-10 00:59:00,Bill Payment,UPI,172.99,Success,Education,0
TX001714,152,2025-05-22 21:52:00,Bill Payment,ATM,2253.65,Success,Utilities,0
TX001715,370,2025-12-08 13:37:00,Purchase,UPI,695.74,Success,Shopping,0
TX001716,473,2025-09-25 01:04:00,Transfer,ATM,1015.41,Success,Utilities,0
TX001717,247,2025-10-27 10:36:00,Purchase,ATM,1454.16,Failed,Education,0
TX001718,403,2025-02-28 01:14:00,Transfer,UPI,1289.39,Success,Travel,0
TX001719,116,2025-12-17 17:56:00,Bill Payment,UPI,2004.27,Success,Utilities,0
TX001720,106,2025-06-11 10:19:00,Purchase,UPI,757.36,Success,Dining,0
TX001721,269,2025-02-07 08:38:00,Withdrawal,Debit Card,1696.19,Success,Travel,0
TX001722,278,2025-09-28 11:39:00,Transfer,UPI,879.53,Success,Healthcare,0
TX001723,449,2025-04-10 01:40:00,Bill Payment,UPI,2054.91,Success,Other,0
TX001724,219,2025-08-01 23:37:00,Purchase,Credit Card,1850.22,Success,Dining,0
TX001725,116,2025-07-10 08:38:00,Purchase,ATM,495.16,Success,Healthcare,0
TX001726,124,2025-11-13 12:35:00,Bill Payment,Debit Card,2760.27,Success,Groceries,0
TX001727,327,2025-02-08 07:09:00,Bill Payment,UPI,695.36,Success,Dining,0
TX001728,328,2025-07-04 21:25:00,Purchase,Credit Card,2179.5,Success,Groceries,0
TX001729,52,2025-09-17 15:07:00,Withdrawal,UPI,1498.46,Success,Dining,0
TX001730,54,2025-12-30 02:33:00,Withdrawal,Credit Card,5231.51,Success,Education,0
TX001731,311,2025-07-08 22:48:00,Bill Payment,Credit Card,906.92,Success,Travel,0
TX001732,295,2025-02-04 13:22:00,Purchase,Credit Card,814.91,Success,Education,0
TX001733,418,2025-05-24 08:35:00,Withdrawal,UPI,1078.68,Success,Other,0
TX001734,294,2025-11-11 08:36:00,Transfer,ATM,847.51,Success,Education,0
TX001735,343,2025-11-27 14:56:00,Purchase,Debit Card,2164.51,Failed,Travel,0
TX001736,150,2025-12-02 04:56:00,Purchase,UPI,277.59,Success,Healthcare,0
TX001737,420,2025-09-06 16:14:00,Purchase,ATM,447.81,Success,Groceries,0
TX001738,167,2025-06-16 19:51:00,Transfer,Debit Card,442.47,Success,Healthcare,0
TX001739,380,2025-05-27 02:47:00,Withdrawal,Net Banking,2459.62,Success,Travel,0
TX001740,171,2025-05-09 02:06:00,Transfer,Credit Card,4693.91,Success,Dining,0
TX001741,52,2025-11-29 20:09:00,Withdrawal,Debit Card,1003.47,Success,Utilities,0
TX001742,388,2025-05-20 08:03:00,Purchase,Net Banking,950.04,Success,Other,0
TX001743,459,2025-05-12 14:30:00,Withdrawal,ATM,1163.91,Success,Dining,0
TX001744,466,2025-07-04 06:32:00,Withdrawal,Debit Card,2944.21,Success,Education,0
TX001745,317,2025-09-11 06:33:00,Purchase,UPI,498.57,Success,Education,0
TX001746,437,2025-04-06 21:21:00,Purchase,UPI,1342.94,Success,Education,0
TX001747,54,2025-11-04 15:48:00,Bill Payment,Net Banking,2512.21,Success,Travel,0
TX001748,166,2025-12-30 21:13:00,Purchase,Net Banking,1678.96,Success,Dining,0
TX001749,14,2025-06-30 00:56:00,Purchase,Credit Card,1288.38,Success,Other,0
TX001750,332,2025-10-23 11:12:00,Purchase,UPI,2568.02,Success,Other,0
TX001751,430,2025-06-09 19:36:00,Purchase,Debit Card,110.2,Success,Education,0
TX001752,322,2025-07-29 12:25:00,Bill Payment,ATM,1951.19,Success,Healthcare,0
TX001753,412,2025-10-19 21:34:00,Purchase,UPI,628.94,Failed,Healthcare,0
TX001754,277,2025-05-11 00:09:00,Purchase,Credit Card,231.36,Success,Shopping,0
TX001755,408,2025-07-15 23:31:00,Transfer,UPI,1693.45,Reversed,Other,0
TX001756,275,2025-04-25 03:16:00,Purchase,Net Banking,3524.91,Success,Shopping,0
TX001757,239,2025-04-08 23:43:00,Transfer,UPI,975.71,Success,Education,0
TX001758,34,2025-12-14 00:52:00,Refund,UPI,2464.99,Success,Healthcare,0
TX001759,245,2025-11-12 21:00:00,Withdrawal,UPI,4317.52,Failed,Dining,0
TX001760,292,2025-04-02 18:06:00,Bill Payment,Credit Card,3353.22,Success,Utilities,0
TX001761,203,2025-03-20 08:28:00,Transfer,UPI,4420.33,Success,Shopping,0
TX001762,292,2025-10-18 16:40:00,Bill Payment,ATM,2060.72,Success,Healthcare,0
TX001763,442,2025-01-03 11:12:00,Refund,UPI,1169.25,Success,Travel,0
TX001764,315,2025-01-24 03:59:00,Transfer,Credit Card,280.99,Success,Utilities,0
TX001765,428,2025-03-07 23:40:00,Purchase,ATM,889.67,Success,Travel,0
TX001766,485,2025-05-27 22:19:00,Transfer,ATM,535.52,Success,Other,0
TX001767,71,2025-11-05 11:31:00,Purchase,UPI,6941.7,Success,Dining,0
TX001768,256,2025-02-03 00:51:00,Purchase,UPI,944.35,Reversed,Travel,0
TX001769,174,2025-06-14 11:15:00,Withdrawal,Debit Card,1217.71,Success,Groceries,0
TX001770,350,2025-05-16 20:36:00,Purchase,UPI,1752.44,Success,Healthcare,0
TX001771,197,2025-04-22 12:10:00,Purchase,Net Banking,1138.04,Success,Utilities,0
TX001772,97,2025-08-20 17:39:00,Transfer,UPI,4632.23,Success,Utilities,0
TX001773,308,2025-05-17 05:31:00,Transfer,Net Banking,645.97,Success,Utilities,0
TX001774,260,2025-02-24 04:40:00,Withdrawal,UPI,1293.9,Failed,Travel,0
TX001775,414,2025-12-07 03:34:00,Purchase,UPI,583.42,Success,Utilities,0
TX001776,461,2025-02-06 07:22:00,Transfer,Debit Card,357.09,Success,Other,0
TX001777,476,2025-08-28 17:57:00,Transfer,UPI,651.97,Success,Travel,0
TX001778,174,2025-03-31 15:31:00,Purchase,UPI,1062.65,Success,Education,0
TX001779,22,2025-05-11 11:03:00,Purchase,ATM,761.35,Success,Travel,0
TX001780,435,2025-07-09 06:27:00,Purchase,Credit Card,608.77,Success,Education,0
TX001781,388,2025-07-18 22:21:00,Transfer,UPI,331.83,Success,Dining,0
TX001782,484,2025-08-17 01:02:00,Purchase,UPI,1021.84,Success,Travel,0
TX001783,165,2025-07-24 08:18:00,Transfer,UPI,305.21,Success,Dining,0
TX001784,395,2025-09-07 01:20:00,Transfer,Debit Card,2092.36,Failed,Dining,0
TX001785,457,2025-08-02 21:23:00,Withdrawal,Debit Card,1176.23,Success,Groceries,0
TX001786,274,2025-01-11 04:20:00,Purchase,UPI,317.69,Failed,Groceries,0
TX001787,422,2025-10-28 12:24:00,Transfer,UPI,843.17,Success,Healthcare,0
TX001788,349,2025-09-12 13:33:00,Purchase,UPI,578.63,Success,Shopping,0
TX001789,365,2025-04-27 14:54:00,Purchase,UPI,1438.42,Success,Groceries,0
TX001790,24,2025-12-02 17:18:00,Purchase,Net Banking,3426.8,Success,Shopping,0
TX001791,338,2025-10-24 05:40:00,Bill Payment,UPI,222.76,Success,Shopping,0
TX001792,191,2025-12-01 01:58:00,Bill Payment,UPI,1209.27,Success,Dining,0
TX001793,452,2025-12-02 18:06:00,Purchase,Debit Card,957.08,Success,Shopping,0
TX001794,482,2025-11-16 22:01:00,Transfer,Net Banking,1940.38,Success,Education,0
TX001795,194,2025-04-12 05:57:00,Bill Payment,UPI,1314.51,Success,Groceries,0
TX001796,321,2025-09-10 03:21:00,Purchase,Credit Card,578.72,Success,Shopping,0
TX001797,37,2025-08-21 03:24:00,Purchase,UPI,836.15,Success,Healthcare,0
TX001798,86,2025-12-10 12:27:00,Withdrawal,ATM,557.45,Success,Dining,0
TX001799,275,2025-04-15 06:56:00,Purchase,Debit Card,2736.97,Success,Shopping,0
TX001800,487,2025-02-01 11:52:00,Transfer,Debit Card,1116.68,Reversed,Other,0
TX001801,246,2025-02-09 19:27:00,Purchase,UPI,5519.33,Success,Travel,0
TX001802,124,2025-06-08 17:22:00,Transfer,UPI,1041.52,Success,Groceries,0
TX001803,340,2025-12-06 22:03:00,Transfer,ATM,600.56,Success,Groceries,0
TX001804,292,2025-01-06 04:10:00,Bill Payment,UPI,302.88,Success,Healthcare,0
TX001805,237,2025-03-15 01:18:00,Bill Payment,UPI,236.83,Failed,Travel,0
TX001806,116,2025-03-08 23:29:00,Transfer,UPI,285.28,Success,Other,0
TX001807,36,2025-11-04 01:56:00,Purchase,Debit Card,1376.17,Success,Healthcare,0
TX001808,30,2025-02-10 13:07:00,Transfer,UPI,1689.89,Success,Utilities,0
TX001809,371,2025-12-06 14:56:00,Purchase,UPI,286.0,Success,Groceries,0
TX001810,196,2025-01-02 05:53:00,Transfer,Net Banking,2346.74,Success,Shopping,0
TX001811,391,2025-08-17 18:03:00,Purchase,Debit Card,727.34,Success,Other,0
TX001812,480,2025-07-28 01:46:00,Transfer,UPI,1242.37,Success,Shopping,0
TX001813,350,2025-06-28 14:35:00,Transfer,UPI,4317.31,Success,Utilities,0
TX001814,233,2025-07-15 07:36:00,Bill Payment,UPI,2350.34,Success,Education,0
TX001815,132,2025-11-18 02:29:00,Purchase,Credit Card,872.84,Success,Groceries,0
TX001816,236,2025-05-30 09:52:00,Withdrawal,Debit Card,514.14,Success,Healthcare,0
TX001817,107,2025-12-09 22:16:00,Purchase,Net Banking,176.08,Success,Education,0
TX001818,238,2025-05-13 08:50:00,Purchase,Credit Card,595.09,Success,Shopping,0
TX001819,112,2025-09-17 10:42:00,Purchase,UPI,916.48,Success,Healthcare,0
TX001820,461,2025-06-18 17:02:00,Transfer,Credit Card,473.85,Success,Shopping,0
TX001821,202,2025-02-21 10:58:00,Transfer,Debit Card,980.86,Success,Education,0
TX001822,27,2025-03-14 14:28:00,Purchase,Debit Card,1170.66,Success,Education,0
TX001823,93,2025-12-10 09:48:00,Purchase,Credit Card,905.85,Success,Dining,0
TX001824,382,2025-09-05 19:26:00,Transfer,UPI,631.12,Success,Shopping,0
TX001825,78,2025-05-30 17:54:00,Purchase,UPI,1265.67,Success,Other,0
TX001826,162,2025-08-11 05:23:00,Bill Payment,Debit Card,1596.63,Success,Travel,0
TX001827,403,2025-01-24 19:06:00,Purchase,UPI,434.05,Success,Travel,0
TX001828,161,2025-12-06 04:07:00,Bill Payment,UPI,3638.38,Success,Travel,0
TX001829,186,2025-08-15 21:52:00,Bill Payment,Debit Card,1008.48,Success,Utilities,0
TX001830,149,2025-04-21 09:45:00,Purchase,Debit Card,1114.35,Success,Education,0
TX001831,61,2025-07-13 19:21:00,Bill Payment,UPI,2002.16,Success,Dining,0
TX001832,354,2025-11-05 17:53:00,Bill Payment,ATM,1337.07,Success,Other,0
TX001833,50,2025-10-03 03:10:00,Purchase,Net Banking,2465.54,Success,Groceries,0
TX001834,301,2025-09-08 12:53:00,Refund,UPI,1399.76,Success,Other,0
TX001835,458,2025-01-08 05:30:00,Refund,ATM,651.6,Success,Travel,0
TX001836,454,2025-05-15 16:49:00,Purchase,UPI,1491.11,Success,Utilities,0
TX001837,57,2025-12-28 12:03:00,Bill Payment,ATM,414.82,Success,Dining,0
TX001838,365,2025-10-16 15:26:00,Bill Payment,UPI,1202.64,Success,Groceries,0
TX001839,319,2025-11-21 10:05:00,Transfer,ATM,1066.09,Success,Dining,0
TX001840,267,2025-11-26 05:43:00,Bill Payment,Debit Card,918.83,Success,Shopping,0
TX001841,359,2025-04-22 15:25:00,Purchase,ATM,983.13,Success,Other,0
TX001842,338,2025-01-30 05:11:00,Purchase,UPI,221.5,Success,Groceries,0
TX001843,377,2025-07-28 20:39:00,Purchase,UPI,687.86,Success,Groceries,0
TX001844,356,2025-09-02 15:11:00,Purchase,UPI,1186.68,Success,Education,0
TX001845,209,2025-09-15 12:18:00,Purchase,ATM,1256.24,Success,Other,0
TX001846,145,2025-04-08 02:13:00,Purchase,UPI,457.82,Success,Healthcare,0
TX001847,442,2025-07-05 05:53:00,Bill Payment,UPI,3215.87,Success,Shopping,0
TX001848,39,2025-03-06 11:35:00,Purchase,UPI,525.19,Success,Travel,0
TX001849,5,2025-09-21 06:36:00,Purchase,Net Banking,2499.98,Success,Utilities,0
TX001850,299,2025-08-16 23:10:00,Bill Payment,ATM,1576.74,Success,Travel,0
TX001851,314,2025-02-14 09:51:00,Purchase,UPI,633.15,Success,Utilities,0
TX001852,47,2025-09-19 12:12:00,Bill Payment,UPI,4959.27,Success,Groceries,0
TX001853,368,2025-01-29 21:54:00,Purchase,Debit Card,397.58,Success,Other,0
TX001854,310,2025-09-15 03:30:00,Purchase,UPI,2395.34,Success,Groceries,0
TX001855,227,2025-03-09 07:55:00,Transfer,UPI,2567.0,Success,Shopping,0
TX001856,359,2025-02-15 03:37:00,Withdrawal,UPI,620.16,Success,Shopping,0
TX001857,84,2025-05-24 16:39:00,Transfer,Debit Card,3581.71,Success,Dining,0
TX001858,112,2025-06-05 07:01:00,Purchase,UPI,886.66,Success,Dining,0
TX001859,145,2025-10-02 15:08:00,Purchase,UPI,1401.63,Success,Groceries,0
TX001860,318,2025-10-03 02:58:00,Withdrawal,UPI,1368.23,Success,Groceries,0
TX001861,382,2025-09-03 13:52:00,Purchase,Debit Card,978.32,Success,Travel,0
TX001862,292,2025-04-06 13:12:00,Withdrawal,UPI,2184.6,Success,Healthcare,0
TX001863,256,2025-04-20 07:35:00,Withdrawal,UPI,2152.67,Success,Utilities,0
TX001864,22,2025-09-09 12:52:00,Purchase,Debit Card,248.08,Success,Education,0
TX001865,238,2025-11-13 06:39:00,Bill Payment,Debit Card,3323.22,Success,Education,0
TX001866,487,2025-01-09 21:54:00,Bill Payment,Net Banking,266.9,Success,Utilities,0
TX001867,205,2025-05-14 03:37:00,Purchase,Net Banking,2637.7,Success,Utilities,0
TX001868,112,2025-02-04 12:46:00,Purchase,Debit Card,2857.49,Success,Other,0
TX001869,201,2025-02-27 15:23:00,Purchase,ATM,433.84,Success,Other,0
TX001870,311,2025-09-21 12:02:00,Transfer,UPI,773.41,Success,Groceries,0
TX001871,181,2025-12-17 01:11:00,Purchase,ATM,428.44,Success,Utilities,0
TX001872,121,2025-07-08 21:01:00,Bill Payment,Net Banking,913.53,Success,Dining,0
TX001873,324,2025-02-27 17:53:00,Purchase,UPI,844.02,Success,Utilities,0
TX001874,272,2025-04-13 15:15:00,Purchase,UPI,2127.52,Success,Other,0
TX001875,33,2025-01-07 10:45:00,Purchase,UPI,3340.12,Success,Shopping,0
TX001876,466,2025-11-14 10:32:00,Bill Payment,Debit Card,3591.52,Success,Dining,0
TX001877,285,2025-05-05 01:34:00,Transfer,UPI,680.04,Success,Healthcare,0
TX001878,401,2025-08-19 08:27:00,Transfer,Net Banking,917.97,Success,Shopping,0
TX001879,251,2025-07-25 02:10:00,Transfer,UPI,262.19,Success,Utilities,0
TX001880,320,2025-04-28 02:39:00,Purchase,Debit Card,552.81,Success,Dining,0
TX001881,35,2025-06-13 15:39:00,Purchase,UPI,2490.21,Success,Healthcare,0
TX001882,435,2025-10-11 04:09:00,Purchase,UPI,4329.66,Success,Other,0
TX001883,288,2025-02-23 04:49:00,Withdrawal,ATM,384.06,Success,Shopping,0
TX001884,422,2025-10-23 04:15:00,Transfer,ATM,662.75,Success,Groceries,0
TX001885,377,2025-11-19 03:15:00,Purchase,Net Banking,1072.29,Success,Education,0
TX001886,359,2025-10-26 00:55:00,Bill Payment,UPI,1391.5,Success,Groceries,0
TX001887,334,2025-08-23 11:15:00,Withdrawal,UPI,551.06,Success,Utilities,0
TX001888,229,2025-08-16 21:06:00,Purchase,UPI,1572.55,Success,Dining,0
TX001889,234,2025-04-11 11:16:00,Purchase,Debit Card,733.07,Success,Healthcare,0
TX001890,490,2025-01-07 04:09:00,Purchase,Net Banking,1083.24,Success,Healthcare,0
TX001891,426,2025-09-20 07:50:00,Purchase,UPI,1744.71,Success,Utilities,0
TX001892,168,2025-08-12 05:11:00,Bill Payment,UPI,1102.64,Success,Groceries,0
TX001893,453,2025-07-06 07:22:00,Purchase,Credit Card,756.78,Success,Travel,0
TX001894,72,2025-02-25 04:26:00,Purchase,UPI,999.08,Success,Healthcare,0
TX001895,498,2025-05-11 00:13:00,Purchase,UPI,1017.28,Success,Groceries,0
TX001896,269,2025-06-01 14:08:00,Transfer,UPI,800.7,Success,Shopping,0
TX001897,230,2025-02-27 21:53:00,Purchase,Net Banking,880.09,Success,Groceries,0
TX001898,27,2025-08-23 01:46:00,Bill Payment,UPI,4267.78,Success,Shopping,0
TX001899,487,2025-02-25 13:42:00,Bill Payment,UPI,1766.55,Success,Education,0
TX001900,10,2025-07-05 18:36:00,Withdrawal,Debit Card,853.07,Success,Travel,0
TX001901,21,2025-03-14 20:42:00,Transfer,UPI,1983.09,Success,Travel,0
TX001902,298,2025-11-17 23:56:00,Purchase,Net Banking,825.72,Success,Groceries,0
TX001903,469,2025-08-17 12:44:00,Withdrawal,UPI,2972.49,Success,Utilities,0
TX001904,428,2025-03-15 09:29:00,Withdrawal,UPI,1501.46,Success,Education,0
TX001905,62,2025-08-25 19:49:00,Purchase,UPI,1001.04,Success,Education,0
TX001906,105,2025-03-09 07:05:00,Purchase,UPI,1604.49,Failed,Shopping,0
TX001907,103,2025-10-04 14:52:00,Transfer,Credit Card,288.52,Success,Dining,0
TX001908,185,2025-06-18 20:34:00,Purchase,Debit Card,420.84,Success,Dining,0
TX001909,112,2025-07-06 02:03:00,Purchase,UPI,397.49,Success,Shopping,0
TX001910,256,2025-12-11 17:13:00,Withdrawal,Credit Card,1238.31,Success,Utilities,0
TX001911,472,2025-06-29 00:23:00,Transfer,Debit Card,4782.11,Success,Shopping,0
TX001912,40,2025-08-13 09:55:00,Purchase,UPI,7307.12,Success,Groceries,0
TX001913,485,2025-04-10 20:16:00,Bill Payment,UPI,1886.25,Success,Utilities,0
TX001914,50,2025-01-20 11:49:00,Purchase,Debit Card,1678.6,Success,Healthcare,0
TX001915,39,2025-04-12 22:29:00,Purchase,UPI,237.25,Success,Dining,0
TX001916,73,2025-04-06 15:43:00,Transfer,ATM,691.41,Success,Travel,0
TX001917,471,2025-08-20 19:39:00,Withdrawal,Credit Card,561.37,Failed,Other,0
TX001918,90,2025-01-06 05:20:00,Purchase,Credit Card,646.96,Success,Dining,0
TX001919,139,2025-01-09 05:07:00,Withdrawal,Debit Card,950.59,Success,Travel,0
TX001920,204,2025-09-04 20:37:00,Purchase,UPI,734.16,Success,Utilities,0
TX001921,499,2025-01-05 19:56:00,Transfer,UPI,203.89,Success,Dining,0
TX001922,364,2025-04-13 12:23:00,Withdrawal,UPI,2070.87,Success,Shopping,0
TX001923,121,2025-09-09 02:28:00,Purchase,UPI,440.61,Success,Education,0
TX001924,287,2025-12-13 15:58:00,Withdrawal,Net Banking,1343.94,Success,Dining,0
TX001925,187,2025-02-02 04:35:00,Transfer,Debit Card,6393.07,Success,Healthcare,0
TX001926,372,2025-07-20 14:55:00,Transfer,UPI,501.96,Success,Education,0
TX001927,191,2025-06-20 04:56:00,Refund,Credit Card,127.65,Success,Other,0
TX001928,346,2025-07-17 10:24:00,Purchase,ATM,859.97,Success,Utilities,0
TX001929,171,2025-12-03 16:19:00,Purchase,Debit Card,2795.64,Success,Utilities,0
TX001930,456,2025-01-16 13:36:00,Purchase,Net Banking,5794.1,Success,Healthcare,0
TX001931,277,2025-08-19 08:35:00,Bill Payment,UPI,385.63,Success,Shopping,0
TX001932,423,2025-09-10 09:24:00,Purchase,Net Banking,1672.7,Reversed,Groceries,0
TX001933,267,2025-02-07 19:09:00,Transfer,UPI,738.4,Failed,Shopping,0
TX001934,351,2025-09-16 09:54:00,Withdrawal,Debit Card,1002.19,Success,Healthcare,0
TX001935,281,2025-12-08 03:00:00,Purchase,Credit Card,10380.58,Success,Education,0
TX001936,353,2025-10-01 15:16:00,Refund,UPI,305.66,Success,Shopping,0
TX001937,367,2025-01-01 05:12:00,Bill Payment,ATM,1360.6,Success,Travel,0
TX001938,356,2025-12-12 22:11:00,Purchase,Credit Card,1631.96,Success,Travel,0
TX001939,488,2025-10-24 13:09:00,Purchase,UPI,2759.81,Success,Travel,0
TX001940,35,2025-04-03 06:32:00,Transfer,UPI,1191.88,Success,Groceries,0
TX001941,358,2025-08-06 13:33:00,Purchase,UPI,1424.88,Success,Other,0
TX001942,326,2025-08-12 20:13:00,Transfer,Credit Card,786.11,Success,Healthcare,0
TX001943,16,2025-04-04 03:03:00,Withdrawal,Net Banking,1378.51,Success,Travel,0
TX001944,217,2025-09-08 17:00:00,Transfer,Net Banking,819.17,Success,Groceries,0
TX001945,195,2025-01-15 01:55:00,Bill Payment,Credit Card,1860.01,Success,Travel,0
TX001946,43,2025-03-31 08:14:00,Withdrawal,Credit Card,800.98,Success,Healthcare,0
TX001947,124,2025-08-08 18:24:00,Refund,UPI,1511.01,Success,Other,0
TX001948,111,2025-08-12 10:44:00,Purchase,UPI,1069.69,Success,Groceries,0
TX001949,479,2025-07-04 08:04:00,Purchase,Debit Card,2855.9,Success,Education,0
TX001950,411,2025-12-03 18:36:00,Transfer,Credit Card,1049.76,Success,Other,0
TX001951,90,2025-11-25 12:05:00,Transfer,Net Banking,242.97,Success,Education,0
TX001952,57,2025-09-08 01:24:00,Purchase,Net Banking,3205.53,Success,Groceries,0
TX001953,199,2025-10-10 10:31:00,Withdrawal,Credit Card,507.82,Success,Dining,0
TX001954,94,2025-03-23 08:17:00,Purchase,Credit Card,629.11,Success,Other,0
TX001955,414,2025-09-13 03:30:00,Bill Payment,UPI,660.96,Success,Groceries,0
TX001956,225,2025-06-30 15:23:00,Purchase,Credit Card,3527.24,Success,Healthcare,0
TX001957,326,2025-07-17 21:02:00,Purchase,Debit Card,178.52,Success,Education,0
TX001958,35,2025-01-24 17:30:00,Purchase,Net Banking,15789.28,Success,Shopping,0
TX001959,465,2025-12-04 19:49:00,Bill Payment,UPI,2690.95,Success,Shopping,0
TX001960,229,2025-08-29 05:57:00,Refund,UPI,1325.78,Success,Utilities,0
TX001961,299,2025-05-31 11:05:00,Purchase,UPI,1046.64,Success,Education,0
TX001962,6,2025-05-16 09:20:00,Purchase,Net Banking,1397.89,Success,Groceries,0
TX001963,156,2025-11-17 12:55:00,Withdrawal,UPI,1707.79,Success,Shopping,0
TX001964,97,2025-08-30 18:26:00,Transfer,Debit Card,1897.77,Success,Travel,0
TX001965,75,2025-08-31 21:03:00,Purchase,Debit Card,1758.58,Success,Travel,0
TX001966,290,2025-03-01 23:27:00,Purchase,Credit Card,1183.4,Success,Shopping,0
TX001967,424,2025-04-06 13:29:00,Purchase,Credit Card,927.29,Success,Education,0
TX001968,15,2025-03-12 03:00:00,Transfer,ATM,964.31,Success,Shopping,0
TX001969,384,2025-11-27 09:55:00,Purchase,Debit Card,929.2,Success,Utilities,0
TX001970,124,2025-08-07 01:57:00,Transfer,Debit Card,2874.7,Success,Education,0
TX001971,34,2025-07-24 12:05:00,Purchase,Net Banking,1816.24,Success,Healthcare,0
TX001972,143,2025-05-24 04:25:00,Purchase,Credit Card,90.08,Success,Healthcare,0
TX001973,471,2025-04-23 04:35:00,Bill Payment,Debit Card,1915.08,Success,Utilities,0
TX001974,241,2025-05-03 17:24:00,Purchase,Debit Card,1294.04,Success,Travel,0
TX001975,129,2025-08-18 01:20:00,Purchase,UPI,1079.33,Success,Healthcare,0
TX001976,475,2025-11-26 19:05:00,Purchase,UPI,788.21,Failed,Shopping,0
TX001977,423,2025-05-02 23:15:00,Transfer,UPI,2851.2,Success,Shopping,0
TX001978,394,2025-08-12 04:56:00,Bill Payment,UPI,2453.81,Success,Healthcare,0
TX001979,365,2025-07-17 14:50:00,Transfer,UPI,568.53,Success,Travel,0
TX001980,371,2025-09-21 03:25:00,Bill Payment,Debit Card,1549.98,Success,Healthcare,0
TX001981,94,2025-11-20 01:06:00,Transfer,Debit Card,480.15,Success,Dining,0
TX001982,478,2025-07-26 20:54:00,Transfer,UPI,339.45,Success,Travel,0
TX001983,495,2025-05-18 02:26:00,Withdrawal,ATM,78339.21,Failed,Other,1
TX001984,233,2025-12-07 07:58:00,Refund,Debit Card,2282.52,Success,Shopping,0
TX001985,137,2025-01-19 13:35:00,Refund,Debit Card,2465.52,Success,Education,0
TX001986,199,2025-04-25 00:16:00,Purchase,UPI,1696.16,Success,Groceries,0
TX001987,22,2025-11-05 10:43:00,Purchase,UPI,2031.1,Success,Travel,0
TX001988,474,2025-09-28 12:38:00,Transfer,UPI,1700.63,Success,Groceries,0
TX001989,58,2025-05-03 22:02:00,Refund,Credit Card,635.71,Success,Shopping,0
TX001990,317,2025-08-08 18:52:00,Transfer,UPI,1583.09,Success,Utilities,0
TX001991,12,2025-07-21 14:23:00,Transfer,Credit Card,2165.37,Failed,Education,0
TX001992,105,2025-07-17 05:32:00,Transfer,ATM,2082.13,Success,Dining,0
TX001993,415,2025-06-27 00:58:00,Purchase,UPI,3012.65,Success,Utilities,0
TX001994,457,2025-03-05 04:26:00,Bill Payment,UPI,150674.24,Success,Education,1
TX001995,229,2025-03-19 16:36:00,Purchase,Net Banking,1478.42,Success,Utilities,0
TX001996,379,2025-11-20 08:29:00,Purchase,Debit Card,2723.38,Success,Dining,0
TX001997,106,2025-11-18 01:20:00,Transfer,UPI,1072.19,Success,Groceries,0
TX001998,256,2025-07-04 19:07:00,Transfer,Net Banking,518.22,Success,Travel,0
TX001999,308,2025-11-01 17:17:00,Transfer,UPI,954.7,Success,Healthcare,0
TX002000,181,2025-05-28 11:50:00,Purchase,Credit Card,582.21,Success,Other,0
TX002001,492,2025-01-09 20:07:00,Transfer,Debit Card,617.76,Success,Groceries,0
TX002002,200,2025-07-28 03:12:00,Purchase,UPI,969.87,Success,Education,0
TX002003,46,2025-06-09 05:43:00,Purchase,UPI,559.16,Reversed,Other,0
TX002004,81,2025-03-03 08:44:00,Purchase,Debit Card,844.07,Success,Shopping,0
TX002005,434,2025-01-14 05:08:00,Refund,UPI,219.3,Success,Utilities,0
TX002006,48,2025-08-13 01:53:00,Transfer,UPI,1314.62,Failed,Other,0
TX002007,77,2025-04-17 17:36:00,Purchase,UPI,1097.76,Success,Education,0
TX002008,160,2025-03-02 16:01:00,Transfer,UPI,547.56,Success,Utilities,0
TX002009,148,2025-07-19 11:57:00,Transfer,UPI,1920.53,Success,Shopping,0
TX002010,309,2025-09-17 10:10:00,Purchase,Net Banking,2433.13,Success,Travel,0
TX002011,399,2025-06-18 09:42:00,Transfer,UPI,279.66,Success,Utilities,0
TX002012,126,2025-10-14 12:06:00,Purchase,Net Banking,573.46,Success,Groceries,0
TX002013,257,2025-07-03 16:28:00,Bill Payment,UPI,570.34,Success,Utilities,0
TX002014,124,2025-11-10 17:32:00,Transfer,UPI,493.28,Success,Other,0
TX002015,90,2025-09-16 13:54:00,Purchase,UPI,2219.54,Success,Travel,0
TX002016,194,2025-02-19 11:32:00,Purchase,Debit Card,930.06,Success,Education,0
TX002017,282,2025-07-17 03:25:00,Withdrawal,Net Banking,875.82,Success,Healthcare,0
TX002018,403,2025-08-09 11:05:00,Transfer,Net Banking,199.68,Success,Education,0
TX002019,86,2025-07-03 04:36:00,Bill Payment,UPI,1882.03,Success,Healthcare,0
TX002020,432,2025-04-19 15:49:00,Purchase,Net Banking,382.46,Success,Groceries,0
TX002021,162,2025-06-27 09:24:00,Purchase,UPI,1153.95,Success,Utilities,0
TX002022,231,2025-11-12 00:12:00,Transfer,Credit Card,1388.21,Success,Education,0
TX002023,126,2025-02-21 19:34:00,Purchase,UPI,3486.17,Success,Other,0
TX002024,365,2025-06-19 09:01:00,Purchase,UPI,360.5,Failed,Shopping,0
TX002025,486,2025-02-22 23:43:00,Bill Payment,ATM,84.22,Success,Other,0
TX002026,466,2025-05-21 17:47:00,Bill Payment,Net Banking,1282.12,Success,Other,0
TX002027,21,2025-12-07 01:13:00,Refund,Net Banking,5066.65,Success,Dining,0
TX002028,473,2025-07-04 11:45:00,Purchase,ATM,3143.54,Success,Dining,0
TX002029,31,2025-01-09 23:41:00,Transfer,Debit Card,1310.56,Success,Healthcare,0
TX002030,409,2025-08-12 03:49:00,Transfer,Debit Card,722.06,Success,Travel,0
TX002031,453,2025-06-09 14:46:00,Withdrawal,UPI,2177.76,Success,Travel,0
TX002032,496,2025-02-25 19:49:00,Bill Payment,UPI,479.38,Success,Dining,0
TX002033,74,2025-02-21 18:39:00,Withdrawal,UPI,1644.03,Success,Shopping,0
TX002034,22,2025-01-17 00:35:00,Purchase,ATM,1685.22,Success,Education,0
TX002035,410,2025-10-28 17:01:00,Bill Payment,UPI,2700.46,Reversed,Shopping,0
TX002036,1,2025-12-27 19:43:00,Purchase,Net Banking,11449.61,Success,Travel,0
TX002037,113,2025-06-20 12:07:00,Bill Payment,UPI,1530.81,Success,Other,0
TX002038,416,2025-11-24 11:07:00,Purchase,Credit Card,711.5,Success,Dining,0
TX002039,296,2025-07-23 08:50:00,Transfer,Net Banking,1073.05,Success,Healthcare,0
TX002040,270,2025-02-26 15:38:00,Transfer,Net Banking,243.78,Success,Shopping,0
TX002041,116,2025-10-24 16:58:00,Purchase,Debit Card,607.59,Success,Other,0
TX002042,499,2025-09-21 16:49:00,Refund,UPI,774.42,Success,Dining,0
TX002043,55,2025-10-28 00:49:00,Purchase,UPI,702.42,Success,Shopping,0
TX002044,238,2025-11-26 13:32:00,Purchase,UPI,1248.25,Success,Education,0
TX002045,215,2025-07-26 06:47:00,Purchase,UPI,545.09,Success,Travel,0
TX002046,397,2025-04-25 07:23:00,Bill Payment,UPI,2843.74,Success,Education,0
TX002047,243,2025-12-23 05:01:00,Purchase,ATM,1096.83,Success,Other,0
TX002048,476,2025-12-15 21:31:00,Purchase,UPI,1088.0,Success,Shopping,0
TX002049,313,2025-10-20 22:05:00,Purchase,UPI,829.89,Success,Travel,0
TX002050,52,2025-01-30 21:21:00,Purchase,Credit Card,1251.27,Success,Travel,0
TX002051,479,2025-12-20 04:30:00,Withdrawal,Credit Card,2211.29,Success,Other,0
TX002052,91,2025-01-12 21:36:00,Purchase,ATM,524.76,Success,Healthcare,0
TX002053,342,2025-07-28 06:11:00,Purchase,UPI,626.78,Success,Travel,0
TX002054,21,2025-08-12 16:23:00,Purchase,ATM,847.11,Success,Other,0
TX002055,56,2025-04-08 07:58:00,Transfer,Debit Card,349.33,Success,Dining,0
TX002056,71,2025-01-24 15:28:00,Transfer,Net Banking,546.55,Success,Travel,0
TX002057,255,2025-08-09 19:32:00,Purchase,UPI,731.58,Success,Utilities,0
TX002058,356,2025-06-22 02:10:00,Withdrawal,UPI,2305.91,Success,Education,0
TX002059,215,2025-10-21 19:22:00,Bill Payment,Net Banking,1370.84,Success,Shopping,0
TX002060,124,2025-06-17 22:47:00,Purchase,UPI,1292.78,Success,Travel,0
TX002061,76,2025-02-09 04:52:00,Refund,UPI,2260.32,Success,Healthcare,0
TX002062,353,2025-04-27 11:46:00,Transfer,Credit Card,975.78,Success,Dining,0
TX002063,480,2025-09-16 04:18:00,Purchase,Debit Card,1528.28,Success,Shopping,0
TX002064,177,2025-01-25 01:12:00,Purchase,Net Banking,1004.52,Success,Other,0
TX002065,238,2025-08-28 16:34:00,Bill Payment,Net Banking,1374.11,Success,Healthcare,0
TX002066,382,2025-12-18 23:07:00,Withdrawal,Credit Card,668.25,Success,Utilities,0
TX002067,4,2025-11-13 10:57:00,Withdrawal,ATM,137.97,Success,Healthcare,0
TX002068,76,2025-01-16 07:13:00,Bill Payment,UPI,978.35,Failed,Shopping,0
TX002069,370,2025-03-07 17:20:00,Purchase,Net Banking,3675.1,Success,Healthcare,0
TX002070,173,2025-01-01 23:55:00,Purchase,Net Banking,2409.76,Success,Utilities,0
TX002071,171,2025-09-05 17:02:00,Transfer,Credit Card,2491.37,Success,Shopping,0
TX002072,223,2025-10-08 05:50:00,Bill Payment,Net Banking,3136.02,Success,Dining,0
TX002073,276,2025-12-29 22:05:00,Withdrawal,UPI,1182.47,Success,Travel,0
TX002074,243,2025-10-30 00:44:00,Bill Payment,ATM,1296.88,Success,Shopping,0
TX002075,473,2025-04-25 18:04:00,Bill Payment,UPI,648.72,Success,Groceries,0
TX002076,419,2025-03-25 13:09:00,Transfer,Debit Card,838.27,Success,Shopping,0
TX002077,21,2025-03-22 18:07:00,Bill Payment,UPI,1850.86,Success,Travel,0
TX002078,411,2025-10-20 11:12:00,Purchase,Net Banking,3051.24,Success,Dining,0
TX002079,394,2025-08-07 13:01:00,Transfer,Debit Card,974.06,Success,Dining,0
TX002080,400,2025-02-12 04:30:00,Bill Payment,ATM,747.95,Success,Utilities,0
TX002081,280,2025-08-27 21:06:00,Purchase,Credit Card,1097.13,Success,Other,0
TX002082,11,2025-02-06 05:05:00,Purchase,Credit Card,1828.09,Success,Dining,0
TX002083,213,2025-02-28 22:22:00,Bill Payment,UPI,321.41,Success,Dining,0
TX002084,159,2025-12-30 07:39:00,Transfer,Debit Card,155.75,Reversed,Travel,0
TX002085,437,2025-12-08 04:31:00,Purchase,UPI,686.8,Success,Dining,0
TX002086,495,2025-03-07 03:52:00,Purchase,Debit Card,388.54,Success,Other,0
TX002087,262,2025-02-14 10:54:00,Transfer,Debit Card,712.0,Success,Travel,0
TX002088,181,2025-03-06 05:23:00,Purchase,UPI,967.18,Success,Travel,0
TX002089,33,2025-03-01 02:07:00,Purchase,UPI,746.01,Success,Other,0
TX002090,474,2025-10-03 17:30:00,Transfer,UPI,3769.12,Success,Education,0
TX002091,54,2025-10-21 22:04:00,Transfer,Net Banking,1447.7,Success,Other,0
TX002092,397,2025-08-02 11:38:00,Withdrawal,UPI,1415.73,Success,Other,0
TX002093,286,2025-10-08 15:41:00,Transfer,UPI,1861.01,Success,Groceries,0
TX002094,232,2025-03-10 11:28:00,Purchase,UPI,416.54,Failed,Healthcare,0
TX002095,213,2025-09-30 23:15:00,Bill Payment,ATM,2652.47,Success,Travel,0
TX002096,305,2025-07-09 12:19:00,Transfer,UPI,1028.24,Success,Healthcare,0
TX002097,62,2025-08-16 12:51:00,Withdrawal,Net Banking,1938.96,Success,Education,0
TX002098,151,2025-01-15 04:15:00,Bill Payment,UPI,440.95,Failed,Utilities,0
TX002099,357,2025-04-05 00:53:00,Withdrawal,ATM,292.75,Success,Travel,0
TX002100,500,2025-07-13 07:37:00,Purchase,Debit Card,2197.79,Success,Groceries,0
TX002101,146,2025-04-30 07:57:00,Purchase,UPI,1510.13,Success,Travel,0
TX002102,186,2025-02-11 06:40:00,Purchase,UPI,509.41,Success,Utilities,0
TX002103,296,2025-03-19 07:11:00,Transfer,UPI,523.63,Success,Travel,0
TX002104,416,2025-09-17 12:39:00,Transfer,Debit Card,2854.41,Success,Dining,0
TX002105,52,2025-11-22 23:28:00,Purchase,ATM,399.02,Success,Travel,0
TX002106,337,2025-05-02 08:07:00,Purchase,UPI,4430.52,Failed,Groceries,0
TX002107,55,2025-11-21 13:11:00,Transfer,Debit Card,510.03,Success,Dining,0
TX002108,82,2025-08-04 02:57:00,Bill Payment,Net Banking,1886.79,Success,Utilities,0
TX002109,333,2025-12-01 07:01:00,Transfer,Net Banking,829.38,Success,Shopping,0
TX002110,374,2025-09-15 20:00:00,Purchase,Credit Card,1831.17,Success,Shopping,0
TX002111,209,2025-01-02 22:11:00,Transfer,Net Banking,690.56,Success,Shopping,0
TX002112,253,2025-07-19 08:41:00,Purchase,UPI,954.92,Success,Dining,0
TX002113,177,2025-02-19 14:13:00,Purchase,Debit Card,1135.45,Success,Shopping,0
TX002114,316,2025-11-08 17:03:00,Bill Payment,Credit Card,467.85,Success,Groceries,0
TX002115,59,2025-05-28 15:42:00,Transfer,Credit Card,2058.43,Success,Travel,0
TX002116,496,2025-09-02 07:29:00,Purchase,Credit Card,708.94,Success,Groceries,0
TX002117,375,2025-01-27 06:53:00,Transfer,UPI,902.97,Failed,Groceries,0
TX002118,334,2025-03-18 12:47:00,Withdrawal,Net Banking,66043.05,Success,Utilities,1
TX002119,76,2025-09-21 17:09:00,Transfer,UPI,124.22,Failed,Education,0
TX002120,338,2025-07-08 21:55:00,Transfer,UPI,932.27,Success,Shopping,0
TX002121,200,2025-05-09 14:07:00,Purchase,Credit Card,8524.7,Success,Other,0
TX002122,486,2025-04-10 17:21:00,Purchase,UPI,2136.48,Success,Groceries,0
TX002123,384,2025-06-17 00:35:00,Transfer,UPI,1078.83,Success,Dining,0
TX002124,144,2025-03-06 11:10:00,Purchase,UPI,877.03,Success,Other,0
TX002125,179,2025-04-21 09:21:00,Transfer,UPI,1117.78,Success,Other,0
TX002126,494,2025-05-23 05:04:00,Purchase,Debit Card,1745.95,Success,Shopping,0
TX002127,331,2025-06-26 21:52:00,Purchase,ATM,401.94,Success,Utilities,0
TX002128,57,2025-04-08 10:59:00,Withdrawal,Debit Card,2827.57,Success,Dining,0
TX002129,383,2025-05-27 23:42:00,Purchase,Debit Card,2014.39,Success,Dining,0
TX002130,130,2025-10-22 19:21:00,Purchase,ATM,2019.2,Success,Utilities,0
TX002131,322,2025-06-30 23:10:00,Refund,UPI,1591.93,Success,Education,0
TX002132,291,2025-05-05 06:17:00,Purchase,UPI,1115.07,Success,Education,0
TX002133,129,2025-09-11 09:58:00,Withdrawal,Debit Card,1942.89,Success,Healthcare,0
TX002134,50,2025-05-19 07:48:00,Transfer,UPI,1813.55,Success,Healthcare,0
TX002135,183,2025-06-21 15:00:00,Withdrawal,Debit Card,811.65,Success,Groceries,0
TX002136,354,2025-01-28 18:26:00,Purchase,Net Banking,673.47,Success,Shopping,0
TX002137,240,2025-05-31 03:15:00,Transfer,Credit Card,1195.81,Reversed,Other,0
TX002138,368,2025-02-19 09:57:00,Purchase,UPI,4091.5,Success,Groceries,0
TX002139,471,2025-08-02 21:39:00,Purchase,ATM,382.51,Success,Shopping,0
TX002140,48,2025-05-05 02:04:00,Bill Payment,Debit Card,315.01,Success,Shopping,0
TX002141,23,2025-06-23 07:27:00,Transfer,Debit Card,1261.49,Success,Groceries,0
TX002142,475,2025-11-03 13:55:00,Transfer,ATM,1145.11,Success,Travel,0
TX002143,46,2025-07-03 09:24:00,Transfer,ATM,1270.72,Success,Healthcare,0
TX002144,479,2025-05-10 22:38:00,Withdrawal,Debit Card,1349.33,Success,Groceries,0
TX002145,342,2025-04-11 05:14:00,Purchase,Net Banking,907.12,Success,Utilities,0
TX002146,101,2025-10-29 04:51:00,Purchase,UPI,3890.85,Success,Shopping,0
TX002147,317,2025-02-18 23:24:00,Purchase,Credit Card,281.25,Success,Dining,0
TX002148,428,2025-09-08 00:59:00,Purchase,Credit Card,542.28,Success,Education,0
TX002149,4,2025-03-04 09:29:00,Purchase,Debit Card,1004.49,Success,Travel,0
TX002150,44,2025-10-06 07:34:00,Purchase,UPI,271.32,Success,Utilities,0
TX002151,137,2025-09-17 20:22:00,Transfer,Debit Card,944.38,Failed,Healthcare,0
TX002152,454,2025-06-14 22:51:00,Purchase,ATM,4501.88,Success,Other,0
TX002153,218,2025-03-04 16:08:00,Transfer,Net Banking,1116.28,Success,Shopping,0
TX002154,475,2025-09-25 00:40:00,Withdrawal,Net Banking,1334.21,Success,Other,0
TX002155,475,2025-02-03 03:23:00,Bill Payment,UPI,375.73,Success,Shopping,0
TX002156,378,2025-09-12 23:02:00,Transfer,Net Banking,649.43,Success,Utilities,0
TX002157,28,2025-07-08 13:57:00,Purchase,Net Banking,797.18,Success,Groceries,0
TX002158,261,2025-11-09 11:58:00,Transfer,Net Banking,837.1,Success,Healthcare,0
TX002159,269,2025-07-15 17:19:00,Purchase,UPI,3259.72,Success,Groceries,0
TX002160,219,2025-06-28 14:07:00,Bill Payment,UPI,1761.71,Success,Travel,0
TX002161,266,2025-02-23 19:41:00,Transfer,UPI,426.35,Success,Healthcare,0
TX002162,236,2025-03-01 22:35:00,Transfer,ATM,1352.26,Success,Groceries,0
TX002163,400,2025-01-10 22:44:00,Withdrawal,Credit Card,1674.87,Success,Travel,0
TX002164,166,2025-03-02 01:07:00,Withdrawal,Net Banking,2890.33,Success,Shopping,0
TX002165,247,2025-12-14 00:12:00,Withdrawal,UPI,4202.6,Success,Groceries,0
TX002166,404,2025-08-18 16:25:00,Withdrawal,Debit Card,462.74,Reversed,Healthcare,0
TX002167,195,2025-09-02 17:35:00,Purchase,Net Banking,550.47,Success,Dining,0
TX002168,82,2025-01-31 23:05:00,Transfer,UPI,376.55,Success,Dining,0
TX002169,252,2025-07-10 03:14:00,Bill Payment,UPI,898.82,Success,Groceries,0
TX002170,161,2025-05-19 03:38:00,Transfer,Debit Card,1630.11,Success,Groceries,0
TX002171,2,2025-08-30 00:58:00,Purchase,UPI,2538.26,Success,Healthcare,0
TX002172,371,2025-07-07 19:55:00,Purchase,UPI,1028.07,Success,Education,0
TX002173,77,2025-10-18 10:24:00,Purchase,UPI,835.58,Success,Healthcare,0
TX002174,159,2025-10-27 03:03:00,Purchase,Debit Card,1247.62,Success,Groceries,0
TX002175,321,2025-06-21 00:54:00,Purchase,UPI,539.22,Success,Other,0
TX002176,317,2025-05-10 06:42:00,Withdrawal,UPI,6477.62,Success,Utilities,0
TX002177,65,2025-01-24 11:44:00,Purchase,Net Banking,279.64,Success,Dining,0
TX002178,428,2025-07-12 10:45:00,Purchase,Debit Card,1283.09,Success,Dining,0
TX002179,493,2025-11-09 00:06:00,Transfer,Debit Card,6124.58,Success,Shopping,0
TX002180,265,2025-03-12 13:56:00,Purchase,Credit Card,1102.99,Success,Dining,0
TX002181,125,2025-02-26 09:11:00,Transfer,UPI,933.06,Success,Utilities,0
TX002182,268,2025-07-28 01:08:00,Transfer,Credit Card,809.3,Success,Groceries,0
TX002183,125,2025-11-17 04:43:00,Purchase,Credit Card,940.74,Success,Education,0
TX002184,110,2025-02-07 21:34:00,Purchase,Net Banking,3522.48,Success,Education,0
TX002185,150,2025-12-11 05:29:00,Refund,UPI,167.32,Success,Dining,0
TX002186,444,2025-11-15 00:28:00,Purchase,UPI,4037.65,Success,Healthcare,0
TX002187,279,2025-09-06 17:44:00,Purchase,UPI,326.89,Success,Travel,0
TX002188,241,2025-05-18 08:38:00,Purchase,Net Banking,874.23,Success,Groceries,0
TX002189,396,2025-03-24 05:39:00,Withdrawal,UPI,761.39,Success,Utilities,0
TX002190,426,2025-12-24 15:28:00,Purchase,Credit Card,1808.53,Success,Groceries,0
TX002191,345,2025-09-08 14:05:00,Purchase,UPI,281.91,Reversed,Dining,0
TX002192,123,2025-03-16 12:10:00,Bill Payment,UPI,1624.32,Success,Dining,0
TX002193,301,2025-04-25 17:09:00,Bill Payment,UPI,6128.24,Success,Travel,0
TX002194,47,2025-02-04 10:24:00,Withdrawal,Debit Card,344.23,Success,Travel,0
TX002195,279,2025-01-18 14:19:00,Transfer,UPI,1288.52,Success,Shopping,0
TX002196,253,2025-03-20 22:16:00,Purchase,Debit Card,624.73,Success,Education,0
TX002197,438,2025-01-13 15:42:00,Withdrawal,ATM,1574.99,Success,Other,0
TX002198,389,2025-12-17 03:28:00,Purchase,UPI,1114.63,Success,Education,0
TX002199,399,2025-07-21 04:15:00,Withdrawal,Debit Card,186726.64,Success,Groceries,1
TX002200,416,2025-01-11 16:53:00,Transfer,UPI,1660.2,Success,Groceries,0
TX002201,126,2025-09-08 15:18:00,Purchase,Debit Card,5083.2,Success,Dining,0
TX002202,422,2025-12-23 10:38:00,Transfer,ATM,932.37,Success,Shopping,0
TX002203,201,2025-05-14 22:48:00,Transfer,UPI,2021.9,Success,Travel,0
TX002204,414,2025-02-14 20:18:00,Bill Payment,Debit Card,365.3,Success,Dining,0
TX002205,116,2025-03-26 05:33:00,Purchase,Debit Card,486.4,Success,Education,0
TX002206,100,2025-03-04 02:43:00,Withdrawal,UPI,1638.51,Success,Utilities,0
TX002207,38,2025-03-29 10:23:00,Transfer,UPI,3871.89,Success,Groceries,0
TX002208,357,2025-09-29 14:47:00,Bill Payment,UPI,1483.67,Success,Groceries,0
TX002209,425,2025-05-14 13:27:00,Transfer,Net Banking,840.42,Success,Education,0
TX002210,220,2025-06-08 12:19:00,Bill Payment,Credit Card,1095.97,Success,Utilities,0
TX002211,219,2025-10-12 02:25:00,Bill Payment,ATM,378.85,Success,Groceries,0
TX002212,267,2025-11-19 04:42:00,Purchase,UPI,1833.24,Success,Groceries,0
TX002213,198,2025-02-26 01:36:00,Transfer,UPI,2321.53,Success,Utilities,0
TX002214,394,2025-03-21 14:11:00,Purchase,UPI,746.74,Success,Utilities,0
TX002215,224,2025-07-28 06:34:00,Purchase,Debit Card,735.44,Success,Utilities,0
TX002216,319,2025-03-18 18:30:00,Refund,Net Banking,1374.71,Failed,Travel,0
TX002217,124,2025-04-21 16:26:00,Bill Payment,UPI,756.56,Success,Shopping,0
TX002218,176,2025-04-19 15:48:00,Purchase,Net Banking,1036.69,Success,Utilities,0
TX002219,209,2025-01-17 19:00:00,Purchase,Debit Card,6533.93,Success,Travel,0
TX002220,342,2025-05-15 22:01:00,Transfer,Credit Card,888.94,Success,Healthcare,0
TX002221,290,2025-07-31 11:29:00,Withdrawal,Net Banking,808.69,Success,Groceries,0
TX002222,366,2025-12-29 09:37:00,Transfer,UPI,632.44,Success,Education,0
TX002223,393,2025-08-16 08:49:00,Transfer,UPI,2064.33,Success,Other,0
TX002224,46,2025-11-20 17:31:00,Transfer,UPI,940.07,Success,Shopping,0
TX002225,76,2025-05-01 06:40:00,Transfer,UPI,631.46,Success,Shopping,0
TX002226,489,2025-03-05 18:15:00,Bill Payment,UPI,3371.48,Success,Shopping,0
TX002227,151,2025-10-12 04:21:00,Purchase,ATM,3665.29,Success,Groceries,0
TX002228,209,2025-08-15 13:01:00,Transfer,ATM,658.29,Success,Travel,0
TX002229,235,2025-10-06 02:06:00,Purchase,Net Banking,224.4,Success,Shopping,0
TX002230,159,2025-07-24 11:51:00,Bill Payment,Credit Card,2582.17,Success,Healthcare,0
TX002231,333,2025-03-30 19:46:00,Bill Payment,Debit Card,612.82,Success,Groceries,0
TX002232,429,2025-10-26 02:32:00,Refund,Net Banking,2147.44,Failed,Travel,0
TX002233,73,2025-11-25 11:58:00,Transfer,Debit Card,205.49,Success,Utilities,0
TX002234,208,2025-08-03 23:58:00,Withdrawal,Debit Card,2341.88,Success,Travel,0
TX002235,402,2025-07-20 11:20:00,Purchase,UPI,391.7,Success,Shopping,0
TX002236,8,2025-07-24 13:01:00,Transfer,UPI,2040.91,Success,Utilities,0
TX002237,393,2025-03-11 06:44:00,Withdrawal,UPI,1110.02,Success,Travel,0
TX002238,129,2025-11-04 00:56:00,Purchase,UPI,487.43,Success,Dining,0
TX002239,436,2025-07-05 07:58:00,Purchase,Net Banking,775.9,Success,Utilities,0
TX002240,245,2025-10-01 21:59:00,Purchase,UPI,1965.24,Success,Education,0
TX002241,465,2025-11-19 07:17:00,Purchase,ATM,1199.92,Failed,Education,0
TX002242,258,2025-03-15 13:36:00,Purchase,Credit Card,1802.18,Success,Groceries,0
TX002243,25,2025-12-11 04:32:00,Purchase,Debit Card,5883.9,Success,Dining,0
TX002244,323,2025-08-09 19:58:00,Purchase,Credit Card,290.15,Success,Utilities,0
TX002245,442,2025-08-18 04:58:00,Transfer,Net Banking,4335.67,Success,Utilities,0
TX002246,26,2025-09-23 18:37:00,Purchase,Debit Card,1198.35,Success,Other,0
TX002247,227,2025-08-07 00:42:00,Purchase,UPI,510.83,Success,Utilities,0
TX002248,372,2025-05-27 19:23:00,Withdrawal,UPI,353.98,Success,Groceries,0
TX002249,285,2025-10-18 18:51:00,Purchase,Net Banking,933.79,Success,Education,0
TX002250,473,2025-01-18 08:45:00,Refund,Debit Card,2400.43,Success,Dining,0
TX002251,12,2025-05-25 15:28:00,Bill Payment,Credit Card,983.96,Failed,Shopping,0
TX002252,104,2025-06-15 05:56:00,Purchase,ATM,3961.91,Success,Utilities,0
TX002253,104,2025-05-06 12:23:00,Bill Payment,UPI,319.42,Success,Other,0
TX002254,6,2025-03-16 14:35:00,Bill Payment,Net Banking,1085.42,Success,Utilities,0
TX002255,1,2025-05-19 07:00:00,Purchase,Credit Card,378.22,Success,Healthcare,0
TX002256,68,2025-06-20 07:04:00,Transfer,Debit Card,1493.81,Success,Shopping,0
TX002257,230,2025-01-28 01:33:00,Bill Payment,Debit Card,2330.54,Success,Utilities,0
TX002258,443,2025-07-30 17:41:00,Purchase,UPI,766.9,Success,Travel,0
TX002259,221,2025-04-11 06:24:00,Purchase,UPI,119.87,Success,Travel,0
TX002260,204,2025-06-21 06:24:00,Transfer,ATM,1298.68,Success,Other,0
TX002261,342,2025-07-06 22:04:00,Purchase,UPI,74221.54,Success,Other,1
TX002262,458,2025-10-26 18:49:00,Transfer,Net Banking,1546.35,Success,Education,0
TX002263,88,2025-07-28 10:45:00,Transfer,Credit Card,3135.1,Success,Other,0
TX002264,120,2025-10-03 22:26:00,Purchase,Net Banking,441.25,Success,Travel,0
TX002265,435,2025-07-07 14:45:00,Purchase,Credit Card,1955.07,Success,Shopping,0
TX002266,294,2025-10-01 03:58:00,Purchase,Credit Card,3021.87,Success,Education,0
TX002267,207,2025-09-05 20:26:00,Bill Payment,UPI,241.82,Success,Other,0
TX002268,121,2025-11-24 19:03:00,Purchase,Net Banking,1439.0,Success,Healthcare,0
TX002269,392,2025-01-01 19:40:00,Purchase,UPI,714.4,Success,Shopping,0
TX002270,323,2025-05-08 04:15:00,Purchase,UPI,1023.22,Success,Healthcare,0
TX002271,8,2025-10-11 00:02:00,Purchase,ATM,1473.69,Success,Education,0
TX002272,292,2025-02-24 17:41:00,Withdrawal,Debit Card,724.77,Success,Utilities,0
TX002273,168,2025-07-26 18:05:00,Purchase,Debit Card,617.48,Success,Dining,0
TX002274,121,2025-06-06 13:03:00,Transfer,Debit Card,1128.93,Success,Utilities,0
TX002275,65,2025-11-21 19:57:00,Bill Payment,Net Banking,435.22,Failed,Shopping,0
TX002276,340,2025-11-03 11:26:00,Transfer,ATM,435.74,Success,Dining,0
TX002277,332,2025-02-17 07:51:00,Purchase,Debit Card,1953.67,Success,Travel,0
TX002278,332,2025-01-31 14:07:00,Purchase,Debit Card,413.03,Success,Groceries,0
TX002279,356,2025-08-27 10:01:00,Purchase,UPI,1932.11,Success,Education,0
TX002280,230,2025-05-23 04:12:00,Transfer,Debit Card,1624.9,Success,Other,0
TX002281,141,2025-05-19 12:24:00,Withdrawal,ATM,252.92,Success,Other,0
TX002282,254,2025-08-11 06:02:00,Transfer,UPI,616.51,Success,Education,0
TX002283,259,2025-07-01 00:49:00,Withdrawal,UPI,3025.99,Success,Shopping,0
TX002284,253,2025-12-28 23:22:00,Withdrawal,Net Banking,476.28,Success,Groceries,0
TX002285,205,2025-08-23 07:25:00,Purchase,Debit Card,738.97,Success,Dining,0
TX002286,453,2025-01-11 21:15:00,Transfer,Net Banking,1624.17,Success,Healthcare,0
TX002287,352,2025-06-16 06:08:00,Transfer,UPI,2134.27,Success,Utilities,0
TX002288,399,2025-09-29 18:46:00,Purchase,UPI,885.53,Failed,Education,0
TX002289,236,2025-08-05 02:54:00,Purchase,UPI,659.92,Success,Utilities,0
TX002290,327,2025-03-31 19:02:00,Transfer,UPI,3673.92,Success,Dining,0
TX002291,405,2025-05-23 11:58:00,Bill Payment,UPI,4808.14,Success,Travel,0
TX002292,175,2025-05-28 10:04:00,Purchase,UPI,2520.04,Success,Healthcare,0
TX002293,370,2025-12-27 05:20:00,Bill Payment,UPI,1179.12,Success,Utilities,0
TX002294,207,2025-12-11 10:50:00,Transfer,Net Banking,551.68,Success,Healthcare,0
TX002295,53,2025-03-23 09:26:00,Bill Payment,ATM,541.38,Success,Healthcare,0
TX002296,188,2025-01-10 08:12:00,Bill Payment,Debit Card,1709.81,Success,Healthcare,0
TX002297,9,2025-08-11 01:14:00,Purchase,Debit Card,1565.0,Success,Shopping,0
TX002298,4,2025-03-12 16:35:00,Purchase,Debit Card,3609.62,Success,Travel,0
TX002299,475,2025-10-31 01:35:00,Purchase,Debit Card,1906.23,Success,Healthcare,0
TX002300,298,2025-03-27 22:21:00,Purchase,UPI,305.63,Success,Dining,0
TX002301,46,2025-04-29 10:02:00,Purchase,UPI,2681.56,Success,Shopping,0
TX002302,374,2025-03-05 04:09:00,Purchase,Net Banking,469.49,Success,Travel,0
TX002303,122,2025-10-18 20:03:00,Purchase,Net Banking,791.26,Failed,Dining,0
TX002304,488,2025-11-05 05:44:00,Purchase,Net Banking,1356.51,Success,Travel,0
TX002305,19,2025-10-10 15:42:00,Purchase,Debit Card,5980.85,Failed,Travel,0
TX002306,357,2025-08-04 10:39:00,Transfer,Debit Card,15420.16,Success,Other,0
TX002307,4,2025-04-09 21:59:00,Purchase,UPI,1836.68,Success,Healthcare,0
TX002308,206,2025-03-01 06:28:00,Bill Payment,ATM,938.5,Success,Education,0
TX002309,214,2025-01-22 06:02:00,Bill Payment,Net Banking,1727.33,Success,Other,0
TX002310,276,2025-06-11 00:00:00,Purchase,Net Banking,2332.06,Success,Healthcare,0
TX002311,380,2025-11-22 04:38:00,Transfer,Debit Card,835.0,Success,Healthcare,0
TX002312,408,2025-11-12 14:09:00,Purchase,Credit Card,5043.87,Success,Utilities,0
TX002313,156,2025-12-15 19:10:00,Transfer,UPI,1333.5,Success,Healthcare,0
TX002314,14,2025-02-19 13:28:00,Bill Payment,UPI,1674.18,Success,Dining,0
TX002315,191,2025-08-21 17:06:00,Purchase,Debit Card,1931.47,Failed,Utilities,0
TX002316,330,2025-11-16 10:35:00,Bill Payment,ATM,1569.24,Success,Healthcare,0
TX002317,36,2025-03-17 20:32:00,Purchase,UPI,2237.47,Success,Education,0
TX002318,285,2025-09-26 18:05:00,Purchase,UPI,648.94,Success,Education,0
TX002319,198,2025-08-02 12:20:00,Transfer,Credit Card,682.28,Failed,Shopping,0
TX002320,217,2025-06-13 11:27:00,Bill Payment,Net Banking,430.47,Success,Education,0
TX002321,77,2025-09-29 22:30:00,Purchase,UPI,1593.32,Success,Utilities,0
TX002322,471,2025-05-15 06:55:00,Purchase,ATM,2126.21,Success,Utilities,0
TX002323,363,2025-07-17 19:59:00,Withdrawal,UPI,1618.26,Success,Utilities,0
TX002324,103,2025-08-09 20:22:00,Purchase,Net Banking,95730.42,Success,Education,1
TX002325,379,2025-01-03 22:54:00,Bill Payment,Debit Card,1091.43,Success,Shopping,0
TX002326,368,2025-07-21 05:58:00,Transfer,UPI,1936.1,Success,Travel,0
TX002327,341,2025-06-16 00:49:00,Purchase,UPI,433.57,Success,Dining,0
TX002328,383,2025-12-21 08:47:00,Purchase,Debit Card,789.16,Success,Groceries,0
TX002329,167,2025-02-21 20:42:00,Transfer,Debit Card,1980.7,Success,Other,0
TX002330,196,2025-11-24 13:16:00,Transfer,UPI,2256.88,Success,Utilities,0
TX002331,368,2025-06-10 00:43:00,Bill Payment,Debit Card,854.17,Success,Shopping,0
TX002332,102,2025-06-11 06:06:00,Withdrawal,Credit Card,1031.88,Success,Utilities,0
TX002333,490,2025-11-02 01:20:00,Bill Payment,UPI,301.81,Success,Shopping,0
TX002334,380,2025-05-30 23:35:00,Bill Payment,ATM,809.59,Success,Travel,0
TX002335,328,2025-04-21 09:23:00,Purchase,Debit Card,2337.47,Success,Healthcare,0
TX002336,360,2025-12-18 00:53:00,Purchase,Debit Card,1788.13,Success,Dining,0
TX002337,137,2025-06-02 03:27:00,Purchase,Credit Card,1678.35,Success,Other,0
TX002338,113,2025-02-28 19:44:00,Withdrawal,UPI,1144.02,Success,Dining,0
TX002339,444,2025-04-03 10:34:00,Transfer,ATM,1103.24,Success,Travel,0
TX002340,93,2025-11-22 05:31:00,Purchase,Net Banking,625.61,Success,Utilities,0
TX002341,293,2025-03-05 11:19:00,Purchase,UPI,1986.25,Success,Other,0
TX002342,389,2025-07-11 20:59:00,Bill Payment,Credit Card,1568.42,Success,Healthcare,0
TX002343,71,2025-07-31 00:26:00,Bill Payment,ATM,1666.06,Success,Groceries,0
TX002344,416,2025-09-03 20:10:00,Withdrawal,UPI,701.25,Success,Groceries,0
TX002345,281,2025-03-10 14:37:00,Purchase,Net Banking,175.85,Success,Other,0
TX002346,266,2025-07-03 07:18:00,Transfer,Debit Card,2786.61,Success,Healthcare,0
TX002347,342,2025-07-07 06:19:00,Purchase,UPI,729.96,Success,Groceries,0
TX002348,104,2025-01-07 07:29:00,Purchase,UPI,526.7,Success,Healthcare,0
TX002349,57,2025-06-17 13:25:00,Purchase,Net Banking,1977.24,Success,Travel,0
TX002350,12,2025-10-11 14:31:00,Purchase,Debit Card,785.87,Success,Healthcare,0
TX002351,340,2025-01-09 17:58:00,Purchase,UPI,2699.83,Success,Shopping,0
TX002352,30,2025-08-11 20:26:00,Bill Payment,Net Banking,1852.8,Reversed,Travel,0
TX002353,108,2025-09-08 01:07:00,Transfer,UPI,1960.66,Success,Groceries,0
TX002354,325,2025-02-24 22:51:00,Withdrawal,UPI,343.41,Success,Other,0
TX002355,210,2025-06-19 20:48:00,Withdrawal,UPI,3072.21,Success,Travel,0
TX002356,60,2025-02-11 00:52:00,Purchase,UPI,1369.31,Success,Groceries,0
TX002357,229,2025-02-19 12:16:00,Withdrawal,Credit Card,801.2,Success,Shopping,0
TX002358,102,2025-12-03 22:59:00,Transfer,Credit Card,1238.78,Success,Education,0
TX002359,195,2025-05-03 19:29:00,Purchase,UPI,242.31,Success,Dining,0
TX002360,398,2025-07-09 16:30:00,Purchase,Credit Card,1552.09,Success,Dining,0
TX002361,12,2025-10-15 13:42:00,Transfer,UPI,457.16,Success,Groceries,0
TX002362,296,2025-08-31 02:11:00,Purchase,UPI,347.31,Success,Groceries,0
TX002363,431,2025-10-27 17:33:00,Transfer,Credit Card,300.66,Failed,Education,0
TX002364,430,2025-10-15 23:39:00,Purchase,Credit Card,2823.65,Success,Shopping,0
TX002365,367,2025-08-31 19:54:00,Transfer,UPI,642.35,Success,Groceries,0
TX002366,398,2025-02-05 09:04:00,Purchase,Debit Card,4038.66,Success,Healthcare,0
TX002367,282,2025-04-29 22:12:00,Transfer,UPI,695.46,Success,Groceries,0
TX002368,133,2025-12-09 19:03:00,Purchase,Credit Card,256.92,Success,Other,0
TX002369,477,2025-01-20 14:14:00,Purchase,UPI,424.52,Success,Other,0
TX002370,143,2025-01-22 22:59:00,Purchase,Debit Card,3135.17,Success,Travel,0
TX002371,221,2025-06-05 04:10:00,Bill Payment,UPI,960.53,Success,Dining,0
TX002372,272,2025-08-25 16:36:00,Bill Payment,UPI,688.11,Failed,Utilities,0
TX002373,424,2025-11-16 21:12:00,Transfer,Debit Card,1256.41,Success,Dining,0
TX002374,17,2025-04-01 21:53:00,Purchase,UPI,1679.94,Success,Other,0
TX002375,289,2025-11-29 20:27:00,Withdrawal,Debit Card,2834.98,Success,Travel,0
TX002376,190,2025-06-11 05:21:00,Transfer,Net Banking,3756.43,Success,Utilities,0
TX002377,485,2025-03-31 14:25:00,Purchase,Net Banking,807.7,Success,Other,0
TX002378,223,2025-01-01 23:52:00,Purchase,Debit Card,355.26,Success,Travel,0
TX002379,20,2025-03-17 10:42:00,Purchase,Net Banking,771.67,Success,Travel,0
TX002380,231,2025-05-26 03:21:00,Purchase,ATM,1368.18,Success,Groceries,0
TX002381,279,2025-01-05 18:43:00,Transfer,Net Banking,483.38,Success,Utilities,0
TX002382,304,2025-01-12 02:21:00,Bill Payment,UPI,486.1,Success,Travel,0
TX002383,101,2025-07-05 02:08:00,Purchase,Debit Card,1468.83,Success,Shopping,0
TX002384,171,2025-01-30 00:29:00,Bill Payment,Net Banking,1052.21,Failed,Dining,0
TX002385,252,2025-04-20 07:30:00,Purchase,UPI,1127.63,Success,Groceries,0
TX002386,290,2025-06-08 09:55:00,Purchase,Debit Card,575.52,Success,Education,0
TX002387,361,2025-06-06 08:53:00,Transfer,Debit Card,901.59,Success,Healthcare,0
TX002388,102,2025-09-02 07:43:00,Withdrawal,Net Banking,499.9,Success,Other,0
TX002389,473,2025-04-03 13:25:00,Bill Payment,Net Banking,2337.11,Success,Healthcare,0
TX002390,300,2025-01-24 07:53:00,Transfer,Net Banking,2643.77,Success,Groceries,0
TX002391,30,2025-12-23 17:49:00,Purchase,UPI,228.32,Failed,Groceries,0
TX002392,387,2025-01-25 16:32:00,Withdrawal,UPI,497.66,Success,Travel,0
TX002393,468,2025-04-02 20:46:00,Purchase,Credit Card,307.34,Success,Travel,0
TX002394,421,2025-09-18 06:54:00,Transfer,Credit Card,631.11,Success,Groceries,0
TX002395,162,2025-04-01 18:20:00,Transfer,Credit Card,1021.55,Success,Dining,0
TX002396,313,2025-08-10 16:12:00,Transfer,Net Banking,319.83,Success,Other,0
TX002397,476,2025-11-29 06:12:00,Purchase,Debit Card,500.91,Success,Travel,0
TX002398,102,2025-06-18 15:55:00,Transfer,Credit Card,467.14,Success,Dining,0
TX002399,53,2025-05-30 14:23:00,Bill Payment,ATM,1307.9,Success,Groceries,0
TX002400,249,2025-06-24 17:21:00,Transfer,UPI,1163.21,Success,Education,0
TX002401,94,2025-03-18 19:10:00,Withdrawal,ATM,593.79,Success,Travel,0
TX002402,313,2025-06-12 09:48:00,Withdrawal,UPI,1274.49,Success,Education,0
TX002403,435,2025-12-26 17:40:00,Bill Payment,UPI,689.06,Success,Other,0
TX002404,420,2025-11-26 03:56:00,Transfer,UPI,870.52,Success,Utilities,0
TX002405,339,2025-08-31 05:59:00,Transfer,Debit Card,4547.96,Success,Travel,0
TX002406,121,2025-05-15 11:39:00,Transfer,Credit Card,3426.83,Success,Other,0
TX002407,462,2025-02-23 09:03:00,Bill Payment,UPI,363.35,Success,Dining,0
TX002408,476,2025-08-29 20:09:00,Transfer,Net Banking,2220.02,Failed,Education,0
TX002409,458,2025-04-05 16:13:00,Purchase,UPI,2185.69,Success,Healthcare,0
TX002410,268,2025-07-06 19:55:00,Withdrawal,UPI,413.22,Failed,Healthcare,0
TX002411,225,2025-12-06 12:22:00,Purchase,UPI,2199.45,Success,Groceries,0
TX002412,215,2025-06-22 16:33:00,Purchase,Credit Card,4053.12,Success,Shopping,0
TX002413,195,2025-07-25 03:19:00,Purchase,Debit Card,422.35,Success,Travel,0
TX002414,479,2025-02-27 11:08:00,Transfer,Debit Card,502.76,Success,Utilities,0
TX002415,308,2025-09-02 02:09:00,Purchase,Net Banking,2604.54,Success,Education,0
TX002416,297,2025-12-10 10:25:00,Refund,ATM,1381.29,Success,Dining,0
TX002417,23,2025-08-03 09:22:00,Purchase,Credit Card,1752.42,Success,Education,0
TX002418,58,2025-05-10 02:37:00,Purchase,Debit Card,1464.84,Success,Other,0
TX002419,146,2025-09-03 11:11:00,Bill Payment,Credit Card,1528.58,Success,Education,0
TX002420,182,2025-02-08 23:03:00,Withdrawal,Debit Card,355.14,Success,Education,0
TX002421,94,2025-04-17 14:57:00,Transfer,Net Banking,2671.03,Success,Dining,0
TX002422,428,2025-08-11 00:43:00,Purchase,Debit Card,2963.57,Failed,Education,0
TX002423,14,2025-04-07 17:14:00,Transfer,UPI,902.36,Success,Healthcare,0
TX002424,53,2025-05-21 12:21:00,Purchase,ATM,1056.85,Success,Education,0
TX002425,141,2025-07-17 13:28:00,Transfer,UPI,298.44,Failed,Shopping,0
TX002426,137,2025-07-14 15:35:00,Purchase,Credit Card,1697.85,Success,Education,0
TX002427,71,2025-12-25 15:10:00,Purchase,Debit Card,1783.35,Success,Other,0
TX002428,309,2025-07-29 14:58:00,Purchase,UPI,1040.17,Success,Travel,0
TX002429,110,2025-12-30 14:52:00,Bill Payment,Debit Card,2851.78,Success,Healthcare,0
TX002430,339,2025-10-03 01:34:00,Refund,Debit Card,825.54,Success,Shopping,0
TX002431,366,2025-05-29 07:44:00,Purchase,UPI,1772.09,Success,Healthcare,0
TX002432,96,2025-12-24 04:13:00,Purchase,Net Banking,460.95,Success,Education,0
TX002433,171,2025-10-11 21:38:00,Bill Payment,UPI,1074.9,Success,Dining,0
TX002434,385,2025-04-20 23:41:00,Transfer,UPI,945.58,Success,Groceries,0
TX002435,447,2025-03-12 08:37:00,Transfer,UPI,1328.11,Success,Travel,0
TX002436,241,2025-10-03 02:34:00,Withdrawal,Net Banking,801.03,Success,Utilities,0
TX002437,359,2025-04-05 04:29:00,Transfer,Debit Card,980.68,Success,Groceries,0
TX002438,444,2025-05-26 21:24:00,Transfer,Debit Card,2213.08,Success,Dining,0
TX002439,212,2025-07-08 05:22:00,Bill Payment,UPI,756.54,Success,Utilities,0
TX002440,471,2025-05-24 15:21:00,Transfer,ATM,279.89,Success,Shopping,0
TX002441,358,2025-12-22 01:54:00,Transfer,Credit Card,4852.0,Success,Education,0
TX002442,291,2025-04-24 17:21:00,Transfer,Net Banking,3548.34,Success,Healthcare,0
TX002443,412,2025-08-29 06:21:00,Purchase,UPI,365.61,Success,Utilities,0
TX002444,30,2025-11-04 14:08:00,Transfer,Debit Card,1970.91,Success,Education,0
TX002445,456,2025-09-10 22:57:00,Purchase,UPI,715.14,Success,Groceries,0
TX002446,117,2025-10-31 02:42:00,Transfer,Credit Card,1371.92,Success,Education,0
TX002447,161,2025-04-01 11:53:00,Purchase,Credit Card,1408.23,Success,Dining,0
TX002448,168,2025-05-16 13:58:00,Transfer,UPI,53715.98,Success,Dining,1
TX002449,414,2025-02-19 11:23:00,Purchase,ATM,563.29,Success,Education,0
TX002450,193,2025-09-06 10:58:00,Bill Payment,Net Banking,609.74,Success,Education,0
TX002451,221,2025-07-01 03:15:00,Purchase,UPI,503.33,Success,Dining,0
TX002452,162,2025-06-04 05:23:00,Bill Payment,Debit Card,540.75,Success,Groceries,0
TX002453,293,2025-06-14 01:35:00,Withdrawal,UPI,1035.77,Success,Groceries,0
TX002454,218,2025-02-17 15:26:00,Purchase,Net Banking,596.81,Success,Education,0
TX002455,402,2025-02-17 15:00:00,Bill Payment,UPI,1958.13,Success,Groceries,0
TX002456,56,2025-05-25 08:35:00,Transfer,Debit Card,3882.21,Success,Groceries,0
TX002457,356,2025-12-06 07:12:00,Transfer,UPI,669.78,Success,Dining,0
TX002458,93,2025-12-17 17:15:00,Withdrawal,Debit Card,1344.12,Success,Other,0
TX002459,160,2025-05-27 02:03:00,Purchase,UPI,1676.95,Success,Travel,0
TX002460,91,2025-04-13 06:48:00,Withdrawal,UPI,1637.95,Failed,Dining,0
TX002461,274,2025-10-18 03:15:00,Transfer,UPI,1169.77,Success,Groceries,0
TX002462,56,2025-06-22 18:59:00,Transfer,ATM,2061.69,Success,Utilities,0
TX002463,101,2025-11-15 10:32:00,Purchase,Debit Card,1652.28,Success,Groceries,0
TX002464,477,2025-10-19 23:13:00,Purchase,UPI,382.98,Success,Utilities,0
TX002465,327,2025-10-23 15:16:00,Purchase,UPI,2295.68,Success,Shopping,0
TX002466,271,2025-04-02 11:16:00,Purchase,Credit Card,2331.34,Success,Healthcare,0
TX002467,357,2025-08-03 08:30:00,Withdrawal,Net Banking,573.18,Success,Healthcare,0
TX002468,499,2025-10-26 04:32:00,Transfer,UPI,1132.57,Success,Dining,0
TX002469,66,2025-02-14 22:20:00,Transfer,Credit Card,1960.25,Success,Dining,0
TX002470,186,2025-10-18 03:33:00,Withdrawal,ATM,917.9,Success,Education,0
TX002471,131,2025-04-22 05:31:00,Transfer,UPI,2729.93,Success,Shopping,0
TX002472,433,2025-11-17 10:02:00,Purchase,UPI,8178.73,Failed,Other,0
TX002473,147,2025-10-08 06:11:00,Transfer,Credit Card,562.23,Success,Travel,0
TX002474,231,2025-06-09 14:41:00,Bill Payment,UPI,339.04,Success,Utilities,0
TX002475,251,2025-03-03 19:02:00,Purchase,Net Banking,1419.76,Success,Utilities,0
TX002476,420,2025-01-27 11:55:00,Bill Payment,UPI,131435.3,Success,Travel,1
TX002477,311,2025-10-13 11:01:00,Purchase,UPI,901.23,Success,Shopping,0
TX002478,17,2025-05-21 18:16:00,Transfer,Net Banking,3771.66,Success,Utilities,0
TX002479,137,2025-08-16 05:43:00,Bill Payment,UPI,351.49,Success,Groceries,0
TX002480,440,2025-12-02 06:21:00,Bill Payment,Net Banking,1976.3,Success,Education,0
TX002481,226,2025-06-22 15:21:00,Transfer,Debit Card,655.25,Success,Utilities,0
TX002482,143,2025-04-03 12:22:00,Purchase,Credit Card,4729.01,Success,Groceries,0
TX002483,423,2025-07-13 14:23:00,Purchase,Debit Card,5964.84,Success,Shopping,0
TX002484,231,2025-09-14 12:41:00,Withdrawal,UPI,571.54,Success,Healthcare,0
TX002485,124,2025-08-23 08:17:00,Transfer,UPI,687.37,Success,Dining,0
TX002486,448,2025-07-16 04:41:00,Withdrawal,Net Banking,2277.08,Success,Utilities,0
TX002487,454,2025-11-19 20:19:00,Withdrawal,Debit Card,789.14,Reversed,Other,0
TX002488,297,2025-09-13 23:35:00,Purchase,Debit Card,1055.11,Success,Utilities,0
TX002489,130,2025-05-18 04:53:00,Purchase,Net Banking,1120.56,Reversed,Education,0
TX002490,364,2025-04-02 23:32:00,Purchase,UPI,214.49,Success,Shopping,0
TX002491,304,2025-06-13 16:03:00,Purchase,UPI,1083.81,Success,Travel,0
TX002492,331,2025-08-29 03:04:00,Transfer,UPI,610.17,Success,Shopping,0
TX002493,89,2025-07-08 06:19:00,Bill Payment,ATM,721.15,Success,Shopping,0
TX002494,86,2025-02-23 01:11:00,Purchase,Net Banking,84502.92,Success,Groceries,1
TX002495,33,2025-09-09 19:51:00,Transfer,Debit Card,376.9,Success,Groceries,0
TX002496,261,2025-11-03 07:10:00,Transfer,Credit Card,2189.05,Success,Other,0
TX002497,367,2025-05-21 14:57:00,Purchase,Debit Card,865.13,Success,Education,0
TX002498,408,2025-02-03 20:07:00,Purchase,Net Banking,864.55,Success,Healthcare,0
TX002499,333,2025-03-30 19:49:00,Transfer,UPI,2146.98,Success,Other,0
TX002500,142,2025-06-03 07:58:00,Withdrawal,Credit Card,1464.17,Success,Healthcare,0
TX002501,159,2025-05-29 18:59:00,Bill Payment,Debit Card,1781.16,Success,Groceries,0
TX002502,2,2025-03-14 07:00:00,Withdrawal,ATM,2497.28,Success,Utilities,0
TX002503,2,2025-05-15 17:37:00,Withdrawal,UPI,827.48,Success,Education,0
TX002504,225,2025-10-31 16:23:00,Purchase,UPI,651.71,Success,Education,0
TX002505,217,2025-04-08 19:41:00,Purchase,UPI,435.99,Success,Dining,0
TX002506,445,2025-02-01 12:12:00,Withdrawal,Credit Card,543.7,Failed,Dining,0
TX002507,1,2025-10-22 02:20:00,Purchase,UPI,13449.94,Success,Dining,0
TX002508,396,2025-08-14 05:31:00,Transfer,Debit Card,165950.84,Success,Education,1
TX002509,215,2025-07-19 14:32:00,Purchase,Debit Card,347.79,Success,Education,0
TX002510,82,2025-05-22 10:00:00,Transfer,Net Banking,356.35,Success,Travel,0
TX002511,242,2025-07-12 15:41:00,Refund,Credit Card,1651.74,Success,Healthcare,0
TX002512,16,2025-05-16 01:48:00,Withdrawal,UPI,1746.16,Success,Other,0
TX002513,460,2025-05-18 06:45:00,Purchase,Debit Card,1748.57,Failed,Utilities,0
TX002514,221,2025-11-17 19:51:00,Withdrawal,ATM,882.97,Failed,Utilities,0
TX002515,195,2025-01-06 08:23:00,Purchase,UPI,985.71,Success,Healthcare,0
TX002516,479,2025-02-20 16:20:00,Bill Payment,Net Banking,1449.1,Success,Travel,0
TX002517,236,2025-06-27 04:28:00,Transfer,Credit Card,1179.69,Success,Dining,0
TX002518,198,2025-08-08 05:25:00,Purchase,UPI,166.27,Success,Utilities,0
TX002519,144,2025-02-03 11:03:00,Transfer,Debit Card,902.05,Success,Utilities,0
TX002520,84,2025-02-21 07:19:00,Transfer,Debit Card,531.82,Success,Groceries,0
TX002521,416,2025-09-15 11:01:00,Bill Payment,Net Banking,1272.74,Success,Dining,0
TX002522,470,2025-02-18 00:28:00,Purchase,Debit Card,13869.81,Success,Groceries,0
TX002523,164,2025-06-08 10:06:00,Withdrawal,UPI,1498.71,Success,Healthcare,0
TX002524,255,2025-10-30 09:03:00,Purchase,Debit Card,840.08,Success,Education,0
TX002525,113,2025-12-03 21:45:00,Withdrawal,UPI,2400.74,Success,Utilities,0
TX002526,109,2025-10-29 04:53:00,Purchase,Net Banking,1652.9,Success,Utilities,0
TX002527,471,2025-07-23 21:16:00,Transfer,Net Banking,1567.25,Success,Groceries,0
TX002528,46,2025-06-26 18:08:00,Transfer,ATM,1836.88,Success,Dining,0
TX002529,368,2025-06-14 19:05:00,Purchase,UPI,6298.47,Success,Healthcare,0
TX002530,4,2025-06-25 07:09:00,Purchase,Net Banking,419.37,Success,Groceries,0
TX002531,47,2025-02-12 07:05:00,Transfer,ATM,1640.22,Success,Travel,0
TX002532,418,2025-08-28 04:24:00,Purchase,UPI,498.99,Success,Healthcare,0
TX002533,117,2025-12-11 19:02:00,Withdrawal,Net Banking,1758.45,Success,Shopping,0
TX002534,23,2025-01-12 22:51:00,Transfer,Net Banking,502.26,Success,Groceries,0
TX002535,490,2025-06-26 04:05:00,Purchase,Credit Card,769.11,Success,Dining,0
TX002536,288,2025-09-17 00:06:00,Purchase,UPI,853.35,Success,Other,0
TX002537,212,2025-08-04 22:34:00,Transfer,UPI,2513.53,Success,Dining,0
TX002538,143,2025-12-15 06:27:00,Transfer,UPI,2393.92,Success,Utilities,0
TX002539,243,2025-03-15 14:42:00,Withdrawal,Net Banking,380.37,Success,Travel,0
TX002540,19,2025-04-04 20:50:00,Purchase,UPI,1149.05,Success,Education,0
TX002541,114,2025-09-07 06:08:00,Purchase,Debit Card,599.96,Failed,Healthcare,0
TX002542,225,2025-04-04 05:15:00,Transfer,Net Banking,376.26,Success,Utilities,0
TX002543,216,2025-07-12 22:41:00,Purchase,Net Banking,911.9,Success,Education,0
TX002544,230,2025-03-12 13:04:00,Transfer,UPI,843.69,Success,Dining,0
TX002545,477,2025-07-17 07:33:00,Transfer,Debit Card,8627.49,Success,Shopping,0
TX002546,196,2025-12-02 09:01:00,Refund,Net Banking,1584.49,Success,Utilities,0
TX002547,277,2025-01-18 06:28:00,Purchase,UPI,340.03,Success,Groceries,0
TX002548,202,2025-05-12 02:39:00,Purchase,UPI,678.54,Failed,Utilities,0
TX002549,106,2025-07-25 13:17:00,Purchase,Net Banking,2612.79,Success,Healthcare,0
TX002550,462,2025-10-06 18:26:00,Purchase,UPI,6471.59,Success,Groceries,0
TX002551,342,2025-12-27 11:44:00,Transfer,Net Banking,284.84,Success,Travel,0
TX002552,237,2025-10-11 14:12:00,Transfer,UPI,221.86,Success,Utilities,0
TX002553,169,2025-10-21 06:03:00,Purchase,ATM,5379.34,Success,Utilities,0
TX002554,87,2025-08-19 18:37:00,Purchase,Credit Card,1527.17,Success,Dining,0
TX002555,358,2025-12-09 10:11:00,Purchase,UPI,62403.95,Success,Other,1
TX002556,462,2025-04-25 05:33:00,Withdrawal,Net Banking,1727.51,Failed,Groceries,0
TX002557,81,2025-11-10 02:11:00,Purchase,Net Banking,116.7,Success,Travel,0
TX002558,173,2025-03-20 03:11:00,Bill Payment,ATM,1099.78,Success,Dining,0
TX002559,226,2025-08-19 17:29:00,Bill Payment,UPI,1449.03,Success,Other,0
TX002560,52,2025-10-06 12:32:00,Purchase,UPI,2405.78,Success,Groceries,0
TX002561,477,2025-05-09 20:07:00,Withdrawal,Debit Card,463.21,Success,Shopping,0
TX002562,342,2025-10-01 10:18:00,Bill Payment,UPI,1179.49,Success,Shopping,0
TX002563,497,2025-04-21 16:56:00,Withdrawal,UPI,499.39,Success,Groceries,0
TX002564,143,2025-05-07 18:42:00,Purchase,UPI,1362.5,Success,Dining,0
TX002565,33,2025-01-27 05:13:00,Transfer,Debit Card,512.32,Failed,Healthcare,0
TX002566,451,2025-08-13 01:13:00,Transfer,UPI,775.19,Success,Shopping,0
TX002567,466,2025-05-17 02:18:00,Transfer,UPI,470.39,Success,Groceries,0
TX002568,31,2025-05-29 09:17:00,Bill Payment,Debit Card,1907.34,Success,Education,0
TX002569,293,2025-06-06 00:03:00,Bill Payment,Net Banking,2274.88,Success,Education,0
TX002570,368,2025-06-09 22:04:00,Transfer,UPI,898.36,Success,Other,0
TX002571,257,2025-04-08 05:34:00,Transfer,UPI,1132.86,Success,Shopping,0
TX002572,292,2025-11-05 20:22:00,Purchase,Debit Card,320.12,Success,Shopping,0
TX002573,11,2025-01-02 00:17:00,Purchase,Debit Card,850.03,Success,Healthcare,0
TX002574,168,2025-01-03 22:20:00,Purchase,Debit Card,1050.82,Success,Shopping,0
TX002575,195,2025-04-24 23:56:00,Purchase,Net Banking,10174.85,Success,Dining,0
TX002576,95,2025-07-31 22:34:00,Purchase,UPI,426.17,Success,Utilities,0
TX002577,113,2025-10-15 08:48:00,Purchase,UPI,3806.82,Success,Groceries,0
TX002578,293,2025-01-15 12:04:00,Transfer,Net Banking,2558.89,Success,Shopping,0
TX002579,3,2025-08-20 23:59:00,Withdrawal,Debit Card,1392.06,Success,Shopping,0
TX002580,8,2025-02-25 03:32:00,Bill Payment,UPI,4889.41,Success,Utilities,0
TX002581,316,2025-12-04 16:46:00,Purchase,Net Banking,1504.61,Failed,Other,0
TX002582,172,2025-10-02 14:37:00,Bill Payment,Debit Card,1526.58,Success,Healthcare,0
TX002583,439,2025-07-25 22:13:00,Bill Payment,UPI,1048.22,Success,Education,0
TX002584,160,2025-03-02 23:31:00,Purchase,UPI,3102.72,Success,Utilities,0
TX002585,409,2025-01-04 02:01:00,Bill Payment,UPI,2784.99,Success,Travel,0
TX002586,131,2025-06-18 04:31:00,Refund,Net Banking,644.31,Success,Other,0
TX002587,59,2025-02-03 01:43:00,Withdrawal,Net Banking,357.32,Success,Groceries,0
TX002588,93,2025-03-10 19:54:00,Purchase,ATM,922.85,Success,Utilities,0
TX002589,35,2025-05-09 08:49:00,Bill Payment,Debit Card,555.55,Success,Other,0
TX002590,371,2025-01-02 13:21:00,Transfer,Debit Card,1038.99,Success,Education,0
TX002591,109,2025-07-14 23:32:00,Purchase,Debit Card,3139.51,Success,Healthcare,0
TX002592,292,2025-09-30 22:19:00,Transfer,ATM,743.44,Success,Education,0
TX002593,285,2025-07-08 03:33:00,Purchase,UPI,1057.43,Success,Shopping,0
TX002594,246,2025-07-14 18:42:00,Withdrawal,Credit Card,1152.07,Success,Education,0
TX002595,312,2025-12-10 04:36:00,Purchase,Net Banking,2255.59,Success,Dining,0
TX002596,170,2025-12-17 01:14:00,Bill Payment,Net Banking,162.41,Reversed,Utilities,0
TX002597,87,2025-09-21 00:16:00,Withdrawal,UPI,654.78,Success,Dining,0
TX002598,275,2025-02-16 09:46:00,Transfer,Net Banking,1312.37,Success,Utilities,0
TX002599,31,2025-04-02 17:40:00,Purchase,UPI,3041.38,Success,Utilities,0
TX002600,474,2025-09-30 19:32:00,Bill Payment,Credit Card,721.9,Failed,Healthcare,0
TX002601,296,2025-08-08 08:13:00,Withdrawal,Credit Card,222.5,Success,Groceries,0
TX002602,66,2025-01-14 03:35:00,Transfer,ATM,1857.07,Success,Utilities,0
TX002603,113,2025-11-07 08:10:00,Purchase,Credit Card,639.02,Success,Utilities,0
TX002604,357,2025-11-15 20:56:00,Purchase,UPI,398.93,Success,Utilities,0
TX002605,258,2025-02-04 01:20:00,Purchase,Net Banking,645.04,Success,Groceries,0
TX002606,350,2025-12-25 09:28:00,Bill Payment,UPI,937.44,Success,Other,0
TX002607,234,2025-06-17 08:02:00,Purchase,Net Banking,655.87,Success,Utilities,0
TX002608,394,2025-01-26 20:44:00,Transfer,Credit Card,168.22,Success,Travel,0
TX002609,241,2025-04-19 16:39:00,Purchase,Debit Card,2350.79,Success,Shopping,0
TX002610,62,2025-12-10 17:46:00,Withdrawal,UPI,3241.02,Success,Dining,0
TX002611,35,2025-08-14 18:25:00,Purchase,UPI,1907.97,Success,Shopping,0
TX002612,481,2025-02-13 03:36:00,Purchase,UPI,416.95,Success,Healthcare,0
TX002613,497,2025-11-03 06:51:00,Purchase,ATM,924.02,Failed,Groceries,0
TX002614,197,2025-03-27 03:34:00,Withdrawal,ATM,1090.57,Success,Education,0
TX002615,186,2025-05-12 16:19:00,Purchase,Debit Card,1824.34,Success,Dining,0
TX002616,336,2025-01-14 04:07:00,Purchase,UPI,1935.44,Success,Shopping,0
TX002617,368,2025-03-23 19:37:00,Transfer,UPI,587.54,Success,Utilities,0
TX002618,233,2025-03-11 02:15:00,Purchase,UPI,1175.79,Success,Travel,0
TX002619,46,2025-04-18 14:16:00,Bill Payment,UPI,1617.58,Success,Healthcare,0
TX002620,482,2025-08-27 07:30:00,Transfer,UPI,3779.89,Success,Groceries,0
TX002621,274,2025-09-25 14:06:00,Transfer,ATM,1995.86,Success,Education,0
TX002622,76,2025-08-21 19:46:00,Purchase,UPI,2144.58,Success,Education,0
TX002623,135,2025-03-22 07:39:00,Purchase,UPI,1177.62,Success,Dining,0
TX002624,485,2025-06-17 19:41:00,Refund,UPI,3636.91,Success,Shopping,0
TX002625,116,2025-03-31 09:24:00,Purchase,UPI,1553.55,Success,Shopping,0
TX002626,40,2025-01-29 15:33:00,Withdrawal,UPI,527.46,Success,Groceries,0
TX002627,192,2025-12-23 20:34:00,Withdrawal,UPI,3615.06,Success,Dining,0
TX002628,256,2025-05-01 10:47:00,Withdrawal,UPI,1984.69,Success,Dining,0
TX002629,370,2025-10-09 02:36:00,Bill Payment,Net Banking,752.51,Success,Shopping,0
TX002630,224,2025-05-15 23:23:00,Transfer,ATM,729.55,Success,Education,0
TX002631,493,2025-10-21 18:44:00,Purchase,UPI,1411.05,Success,Healthcare,0
TX002632,147,2025-05-15 16:34:00,Purchase,Credit Card,99806.06,Success,Dining,1
TX002633,261,2025-02-01 20:55:00,Withdrawal,UPI,1296.86,Success,Healthcare,0
TX002634,295,2025-05-19 19:44:00,Purchase,Net Banking,1428.83,Success,Shopping,0
TX002635,7,2025-06-15 00:07:00,Bill Payment,UPI,4651.59,Success,Travel,0
TX002636,137,2025-03-08 02:46:00,Purchase,ATM,2726.6,Reversed,Dining,0
TX002637,334,2025-07-18 05:34:00,Transfer,UPI,1289.54,Failed,Travel,0
TX002638,155,2025-10-10 19:21:00,Purchase,UPI,2440.88,Success,Education,0
TX002639,113,2025-08-28 11:49:00,Withdrawal,UPI,455.94,Success,Groceries,0
TX002640,16,2025-07-14 11:32:00,Transfer,Credit Card,1538.0,Success,Healthcare,0
TX002641,471,2025-03-02 19:22:00,Purchase,UPI,5104.67,Success,Travel,0
TX002642,470,2025-12-06 12:35:00,Transfer,UPI,911.11,Success,Dining,0
TX002643,379,2025-11-23 07:38:00,Purchase,Net Banking,533.53,Success,Dining,0
TX002644,433,2025-09-05 16:20:00,Transfer,Credit Card,630.0,Success,Utilities,0
TX002645,446,2025-08-24 23:13:00,Bill Payment,Credit Card,434.33,Success,Healthcare,0
TX002646,449,2025-09-28 03:26:00,Bill Payment,UPI,562.82,Success,Education,0
TX002647,205,2025-09-06 07:07:00,Purchase,UPI,800.37,Success,Groceries,0
TX002648,331,2025-10-29 06:03:00,Purchase,Credit Card,332.04,Success,Other,0
TX002649,478,2025-07-15 12:27:00,Purchase,ATM,1111.29,Success,Groceries,0
TX002650,19,2025-01-10 05:13:00,Bill Payment,Debit Card,2361.22,Success,Travel,0
TX002651,159,2025-03-09 19:59:00,Purchase,Credit Card,506.95,Success,Groceries,0
TX002652,310,2025-04-20 15:15:00,Purchase,Debit Card,3989.38,Success,Shopping,0
TX002653,391,2025-05-25 21:44:00,Transfer,Debit Card,1692.86,Reversed,Groceries,0
TX002654,102,2025-02-14 06:45:00,Purchase,Debit Card,2633.3,Success,Education,0
TX002655,91,2025-11-27 00:58:00,Withdrawal,Debit Card,626.93,Success,Other,0
TX002656,402,2025-03-31 14:43:00,Purchase,Credit Card,2267.3,Success,Shopping,0
TX002657,466,2025-03-27 10:14:00,Purchase,UPI,433.48,Success,Shopping,0
TX002658,359,2025-08-13 06:14:00,Purchase,Debit Card,2337.2,Success,Healthcare,0
TX002659,437,2025-06-22 11:05:00,Transfer,Net Banking,1269.1,Success,Healthcare,0
TX002660,116,2025-02-17 00:59:00,Purchase,UPI,1755.07,Failed,Other,0
TX002661,204,2025-02-03 08:44:00,Bill Payment,Debit Card,403.73,Success,Education,0
TX002662,311,2025-07-01 06:08:00,Withdrawal,UPI,512.44,Success,Shopping,0
TX002663,196,2025-01-15 01:04:00,Purchase,Debit Card,1821.92,Success,Shopping,0
TX002664,458,2025-12-17 12:36:00,Transfer,Debit Card,489.75,Success,Other,0
TX002665,342,2025-10-16 23:56:00,Bill Payment,UPI,1625.75,Success,Dining,0
TX002666,400,2025-05-27 13:25:00,Transfer,UPI,343.07,Success,Shopping,0
TX002667,497,2025-12-18 01:04:00,Purchase,Credit Card,2255.1,Failed,Groceries,0
TX002668,325,2025-02-08 15:22:00,Withdrawal,UPI,384.66,Success,Utilities,0
TX002669,368,2025-10-24 23:34:00,Transfer,Credit Card,1753.65,Success,Healthcare,0
TX002670,208,2025-01-21 19:28:00,Purchase,Net Banking,1866.44,Reversed,Shopping,0
TX002671,191,2025-08-27 20:59:00,Purchase,UPI,606.52,Success,Other,0
TX002672,443,2025-10-18 19:28:00,Purchase,Net Banking,1798.53,Success,Education,0
TX002673,351,2025-10-16 17:11:00,Transfer,UPI,1368.37,Success,Healthcare,0
TX002674,118,2025-11-08 22:35:00,Transfer,UPI,693.66,Success,Utilities,0
TX002675,7,2025-11-20 11:38:00,Transfer,UPI,465.32,Success,Groceries,0
TX002676,261,2025-10-13 15:27:00,Purchase,UPI,206.8,Success,Healthcare,0
TX002677,198,2025-01-24 00:45:00,Purchase,UPI,1476.16,Success,Dining,0
TX002678,292,2025-01-27 11:26:00,Withdrawal,ATM,290.01,Success,Education,0
TX002679,369,2025-04-08 10:55:00,Purchase,Debit Card,1189.21,Success,Education,0
TX002680,140,2025-01-07 03:44:00,Transfer,Credit Card,876.62,Success,Shopping,0
TX002681,303,2025-04-27 21:17:00,Transfer,Debit Card,1953.29,Success,Groceries,0
TX002682,416,2025-02-19 21:53:00,Purchase,UPI,848.32,Success,Travel,0
TX002683,319,2025-11-12 14:53:00,Transfer,UPI,828.79,Success,Dining,0
TX002684,38,2025-12-09 12:50:00,Purchase,UPI,2042.83,Success,Education,0
TX002685,237,2025-07-13 16:30:00,Transfer,Debit Card,1457.97,Failed,Other,0
TX002686,111,2025-01-28 00:18:00,Purchase,Debit Card,1434.73,Success,Utilities,0
TX002687,68,2025-06-09 09:59:00,Transfer,Credit Card,1634.15,Failed,Other,0
TX002688,333,2025-07-18 07:37:00,Purchase,UPI,297.31,Success,Dining,0
TX002689,104,2025-02-11 23:24:00,Transfer,Debit Card,2086.56,Success,Groceries,0
TX002690,489,2025-07-06 14:14:00,Transfer,Net Banking,1845.67,Success,Travel,0
TX002691,75,2025-01-17 15:09:00,Purchase,Debit Card,462.12,Success,Healthcare,0
TX002692,249,2025-10-22 00:30:00,Purchase,ATM,891.17,Success,Dining,0
TX002693,246,2025-01-03 12:11:00,Withdrawal,UPI,1060.6,Success,Education,0
TX002694,157,2025-04-23 13:42:00,Transfer,Credit Card,978.16,Success,Other,0
TX002695,304,2025-06-13 21:22:00,Bill Payment,Net Banking,1456.48,Success,Education,0
TX002696,456,2025-05-07 13:00:00,Purchase,ATM,3702.12,Success,Groceries,0
TX002697,209,2025-03-30 22:24:00,Purchase,Credit Card,2750.4,Success,Education,0
TX002698,500,2025-04-10 04:15:00,Transfer,Debit Card,359.46,Success,Travel,0
TX002699,452,2025-08-20 04:37:00,Transfer,UPI,1860.8,Success,Healthcare,0
TX002700,106,2025-01-19 00:56:00,Transfer,Debit Card,3393.42,Success,Healthcare,0
TX002701,57,2025-02-28 19:18:00,Transfer,Debit Card,1523.53,Success,Shopping,0
TX002702,41,2025-11-07 16:28:00,Purchase,UPI,2772.02,Success,Healthcare,0
TX002703,314,2025-05-24 06:12:00,Purchase,UPI,6065.85,Success,Healthcare,0
TX002704,386,2025-04-06 06:59:00,Bill Payment,ATM,2617.97,Success,Dining,0
TX002705,403,2025-01-27 13:49:00,Withdrawal,UPI,1355.48,Success,Shopping,0
TX002706,386,2025-08-10 04:04:00,Purchase,Credit Card,2665.98,Success,Other,0
TX002707,146,2025-03-24 10:26:00,Transfer,UPI,1240.36,Success,Utilities,0
TX002708,75,2025-03-23 17:57:00,Purchase,UPI,1119.14,Success,Other,0
TX002709,371,2025-12-07 11:43:00,Purchase,Debit Card,813.46,Success,Dining,0
TX002710,52,2025-04-01 17:20:00,Purchase,ATM,4141.86,Success,Other,0
TX002711,67,2025-01-23 06:48:00,Transfer,UPI,546.94,Success,Healthcare,0
TX002712,155,2025-11-24 09:39:00,Bill Payment,UPI,4034.0,Success,Education,0
TX002713,190,2025-05-03 13:56:00,Transfer,Debit Card,1677.21,Success,Shopping,0
TX002714,6,2025-01-16 14:57:00,Purchase,Debit Card,333.82,Success,Travel,0
TX002715,76,2025-09-21 10:20:00,Transfer,Debit Card,1498.92,Success,Healthcare,0
TX002716,55,2025-02-19 15:32:00,Withdrawal,UPI,184.01,Success,Education,0
TX002717,443,2025-05-10 16:51:00,Transfer,Debit Card,1866.24,Success,Other,0
TX002718,494,2025-01-01 20:14:00,Transfer,UPI,2327.26,Success,Shopping,0
TX002719,484,2025-01-26 01:02:00,Purchase,UPI,662.82,Success,Healthcare,0
TX002720,204,2025-05-22 05:24:00,Purchase,UPI,1218.06,Success,Groceries,0
TX002721,454,2025-03-16 12:43:00,Purchase,UPI,5773.5,Success,Utilities,0
TX002722,18,2025-11-09 09:06:00,Purchase,UPI,713.45,Success,Shopping,0
TX002723,336,2025-02-09 05:48:00,Purchase,UPI,445.83,Success,Education,0
TX002724,401,2025-10-27 02:51:00,Transfer,UPI,3863.83,Success,Healthcare,0
TX002725,364,2025-09-15 17:15:00,Bill Payment,Debit Card,5815.02,Success,Groceries,0
TX002726,79,2025-11-19 15:02:00,Withdrawal,UPI,1100.08,Success,Dining,0
TX002727,33,2025-06-19 14:21:00,Purchase,ATM,2590.86,Success,Groceries,0
TX002728,80,2025-03-25 03:37:00,Transfer,Net Banking,3429.79,Success,Utilities,0
TX002729,418,2025-07-23 13:21:00,Transfer,UPI,583.41,Success,Healthcare,0
TX002730,374,2025-11-14 12:52:00,Withdrawal,Credit Card,725.96,Success,Utilities,0
TX002731,320,2025-10-16 19:09:00,Purchase,UPI,3122.04,Success,Travel,0
TX002732,111,2025-03-16 10:10:00,Bill Payment,UPI,4592.88,Success,Other,0
TX002733,226,2025-01-25 15:45:00,Withdrawal,UPI,1769.49,Success,Healthcare,0
TX002734,478,2025-10-25 00:26:00,Purchase,Net Banking,519.13,Success,Healthcare,0
TX002735,385,2025-10-24 07:21:00,Purchase,Net Banking,5937.25,Success,Healthcare,0
TX002736,108,2025-01-21 09:46:00,Purchase,Net Banking,698.32,Success,Dining,0
TX002737,418,2025-06-27 13:01:00,Purchase,UPI,824.79,Success,Utilities,0
TX002738,24,2025-02-16 06:13:00,Transfer,Debit Card,1467.02,Success,Groceries,0
TX002739,47,2025-06-15 09:01:00,Withdrawal,ATM,4109.42,Success,Groceries,0
TX002740,452,2025-05-16 21:56:00,Purchase,Net Banking,2266.25,Success,Dining,0
TX002741,339,2025-11-18 12:37:00,Transfer,Credit Card,1560.3,Success,Other,0
TX002742,329,2025-08-20 13:59:00,Transfer,UPI,1625.86,Success,Utilities,0
TX002743,474,2025-04-07 00:19:00,Purchase,UPI,1137.95,Success,Other,0
TX002744,79,2025-10-15 03:03:00,Transfer,Debit Card,1762.38,Success,Travel,0
TX002745,93,2025-02-26 15:13:00,Purchase,UPI,127.72,Success,Healthcare,0
TX002746,198,2025-05-24 12:35:00,Withdrawal,UPI,852.25,Success,Utilities,0
TX002747,485,2025-04-01 01:51:00,Transfer,Debit Card,1346.31,Success,Travel,0
TX002748,407,2025-03-09 19:58:00,Purchase,UPI,412.25,Success,Other,0
TX002749,495,2025-07-06 23:08:00,Purchase,Credit Card,1522.9,Success,Groceries,0
TX002750,343,2025-11-30 15:01:00,Bill Payment,Net Banking,921.68,Success,Other,0
TX002751,150,2025-09-10 12:38:00,Purchase,Debit Card,4876.36,Success,Travel,0
TX002752,301,2025-12-20 18:11:00,Transfer,UPI,4175.82,Success,Travel,0
TX002753,253,2025-02-07 03:29:00,Purchase,UPI,738.09,Success,Dining,0
TX002754,128,2025-03-22 05:06:00,Transfer,UPI,964.67,Success,Utilities,0
TX002755,74,2025-02-11 03:17:00,Purchase,UPI,1029.83,Success,Education,0
TX002756,436,2025-12-15 20:07:00,Purchase,UPI,747.02,Success,Shopping,0
TX002757,104,2025-12-22 09:50:00,Purchase,UPI,1294.36,Success,Dining,0
TX002758,258,2025-11-03 01:25:00,Transfer,Debit Card,575.63,Success,Dining,0
TX002759,238,2025-01-08 13:50:00,Withdrawal,UPI,419.46,Success,Healthcare,0
TX002760,37,2025-08-11 20:24:00,Withdrawal,UPI,1861.81,Success,Dining,0
TX002761,320,2025-09-13 14:05:00,Bill Payment,UPI,1872.63,Success,Healthcare,0
TX002762,213,2025-03-26 21:28:00,Purchase,Debit Card,553.54,Success,Utilities,0
TX002763,82,2025-11-29 01:36:00,Purchase,UPI,2347.37,Success,Healthcare,0
TX002764,278,2025-01-31 11:30:00,Purchase,Debit Card,641.08,Success,Utilities,0
TX002765,78,2025-08-04 17:35:00,Purchase,UPI,1359.93,Failed,Education,0
TX002766,112,2025-01-16 07:21:00,Purchase,UPI,2202.38,Success,Education,0
TX002767,120,2025-06-08 16:52:00,Purchase,Credit Card,1065.74,Success,Utilities,0
TX002768,424,2025-08-15 14:48:00,Withdrawal,Credit Card,1614.1,Success,Education,0
TX002769,39,2025-05-03 01:14:00,Transfer,Debit Card,707.0,Success,Healthcare,0
TX002770,50,2025-03-12 19:50:00,Purchase,UPI,927.97,Success,Groceries,0
TX002771,23,2025-04-10 06:06:00,Transfer,Net Banking,920.59,Success,Travel,0
TX002772,420,2025-08-22 21:04:00,Purchase,Net Banking,581.38,Success,Travel,0
TX002773,191,2025-09-30 18:27:00,Purchase,Credit Card,943.64,Success,Utilities,0
TX002774,446,2025-06-08 12:56:00,Transfer,Debit Card,294.03,Success,Groceries,0
TX002775,54,2025-10-06 00:13:00,Transfer,Debit Card,722.36,Success,Education,0
TX002776,159,2025-12-27 00:27:00,Purchase,UPI,860.79,Success,Education,0
TX002777,91,2025-07-27 12:53:00,Bill Payment,Net Banking,882.05,Success,Other,0
TX002778,126,2025-10-30 21:19:00,Purchase,UPI,893.13,Success,Education,0
TX002779,145,2025-12-11 07:55:00,Bill Payment,Credit Card,1040.55,Success,Education,0
TX002780,371,2025-02-17 01:51:00,Purchase,Credit Card,1648.34,Success,Education,0
TX002781,415,2025-02-22 17:32:00,Purchase,UPI,153526.55,Success,Utilities,1
TX002782,314,2025-04-03 02:11:00,Transfer,Net Banking,631.25,Success,Travel,0
TX002783,47,2025-06-21 12:10:00,Bill Payment,UPI,394.37,Success,Dining,0
TX002784,295,2025-09-09 11:01:00,Transfer,Credit Card,452.26,Success,Groceries,0
TX002785,30,2025-03-21 20:37:00,Bill Payment,UPI,724.79,Success,Utilities,0
TX002786,362,2025-01-01 18:37:00,Purchase,UPI,813.11,Success,Healthcare,0
TX002787,100,2025-07-18 01:17:00,Purchase,Net Banking,144771.25,Success,Utilities,1
TX002788,139,2025-03-30 22:28:00,Bill Payment,Net Banking,364.42,Success,Healthcare,0
TX002789,284,2025-09-08 21:33:00,Purchase,UPI,744.19,Success,Groceries,0
TX002790,31,2025-06-14 05:47:00,Purchase,Credit Card,1279.48,Success,Education,0
TX002791,478,2025-03-30 20:40:00,Bill Payment,UPI,1818.51,Success,Education,0
TX002792,345,2025-10-15 11:39:00,Bill Payment,UPI,682.79,Success,Travel,0
TX002793,259,2025-05-03 09:57:00,Transfer,Net Banking,771.97,Success,Education,0
TX002794,91,2025-05-25 18:42:00,Transfer,UPI,498.85,Failed,Travel,0
TX002795,1,2025-12-21 07:29:00,Purchase,UPI,1067.72,Success,Shopping,0
TX002796,368,2025-08-10 15:32:00,Purchase,Credit Card,533.17,Success,Shopping,0
TX002797,179,2025-11-23 20:19:00,Purchase,Credit Card,1784.97,Success,Other,0
TX002798,167,2025-09-15 20:45:00,Bill Payment,Credit Card,240.33,Success,Other,0
TX002799,253,2025-05-21 09:47:00,Purchase,UPI,807.8,Success,Utilities,0
TX002800,4,2025-08-20 03:00:00,Bill Payment,Debit Card,1416.5,Success,Dining,0
TX002801,127,2025-10-08 11:11:00,Purchase,UPI,1282.11,Failed,Travel,0
TX002802,236,2025-12-01 07:32:00,Transfer,UPI,10819.21,Success,Shopping,0
TX002803,278,2025-09-10 05:35:00,Purchase,Credit Card,1476.35,Success,Utilities,0
TX002804,360,2025-05-23 06:46:00,Purchase,Credit Card,467.1,Success,Utilities,0
TX002805,314,2025-11-13 17:06:00,Purchase,Net Banking,1011.16,Success,Dining,0
TX002806,316,2025-07-04 16:14:00,Transfer,Net Banking,242.3,Success,Dining,0
TX002807,344,2025-06-08 10:26:00,Transfer,UPI,1024.02,Success,Utilities,0
TX002808,297,2025-11-10 17:14:00,Transfer,UPI,540.18,Success,Education,0
TX002809,217,2025-08-03 21:49:00,Refund,UPI,2387.69,Success,Education,0
TX002810,249,2025-01-08 20:41:00,Transfer,Debit Card,687.38,Success,Other,0
TX002811,131,2025-07-23 13:55:00,Purchase,Debit Card,993.02,Success,Travel,0
TX002812,489,2025-07-05 08:13:00,Purchase,Debit Card,638.92,Success,Education,0
TX002813,237,2025-03-30 07:16:00,Purchase,Debit Card,4807.94,Success,Education,0
TX002814,376,2025-07-31 17:26:00,Transfer,Debit Card,834.59,Success,Groceries,0
TX002815,136,2025-04-16 14:11:00,Purchase,Net Banking,5206.55,Success,Education,0
TX002816,449,2025-01-04 14:37:00,Purchase,UPI,2190.82,Reversed,Utilities,0
TX002817,205,2025-02-20 19:19:00,Bill Payment,UPI,1652.02,Success,Groceries,0
TX002818,10,2025-11-02 18:52:00,Transfer,UPI,1500.3,Success,Travel,0
TX002819,395,2025-03-22 14:58:00,Purchase,Net Banking,1532.61,Success,Groceries,0
TX002820,169,2025-06-25 15:51:00,Purchase,Net Banking,213.04,Success,Other,0
TX002821,135,2025-10-31 10:25:00,Bill Payment,ATM,865.19,Success,Shopping,0
TX002822,8,2025-02-24 09:16:00,Bill Payment,UPI,2249.32,Success,Groceries,0
TX002823,109,2025-01-17 17:17:00,Transfer,Credit Card,1051.99,Success,Healthcare,0
TX002824,331,2025-03-16 00:30:00,Purchase,ATM,332.15,Success,Dining,0
TX002825,393,2025-07-25 19:57:00,Purchase,UPI,1048.86,Success,Dining,0
TX002826,222,2025-06-13 09:53:00,Transfer,Debit Card,4668.02,Success,Groceries,0
TX002827,335,2025-02-13 01:51:00,Transfer,UPI,3164.84,Success,Groceries,0
TX002828,58,2025-08-18 17:57:00,Withdrawal,UPI,1040.33,Success,Shopping,0
TX002829,139,2025-12-01 13:46:00,Purchase,ATM,2462.01,Success,Groceries,0
TX002830,202,2025-06-26 04:48:00,Purchase,UPI,803.09,Success,Education,0
TX002831,420,2025-11-30 16:54:00,Purchase,UPI,257.68,Success,Utilities,0
TX002832,60,2025-04-28 19:43:00,Bill Payment,Debit Card,499.8,Success,Healthcare,0
TX002833,478,2025-06-04 21:48:00,Withdrawal,UPI,4140.02,Success,Groceries,0
TX002834,170,2025-03-27 21:25:00,Purchase,Debit Card,868.79,Success,Groceries,0
TX002835,133,2025-07-01 15:29:00,Purchase,Net Banking,891.69,Success,Healthcare,0
TX002836,191,2025-08-06 11:10:00,Purchase,UPI,849.92,Success,Shopping,0
TX002837,274,2025-03-24 00:02:00,Purchase,Debit Card,5533.17,Success,Healthcare,0
TX002838,374,2025-05-07 14:13:00,Purchase,UPI,4368.02,Success,Groceries,0
TX002839,2,2025-09-27 19:09:00,Purchase,UPI,7229.78,Success,Travel,0
TX002840,476,2025-09-19 02:23:00,Withdrawal,UPI,957.97,Success,Other,0
TX002841,254,2025-02-27 04:20:00,Purchase,UPI,1409.91,Success,Healthcare,0
TX002842,285,2025-04-27 20:48:00,Withdrawal,UPI,302.13,Success,Dining,0
TX002843,88,2025-09-06 01:00:00,Bill Payment,UPI,3848.33,Success,Travel,0
TX002844,258,2025-04-30 07:24:00,Transfer,Debit Card,406.42,Success,Groceries,0
TX002845,271,2025-11-07 02:05:00,Transfer,UPI,1318.51,Success,Other,0
TX002846,158,2025-04-09 00:41:00,Transfer,Credit Card,431.51,Success,Utilities,0
TX002847,153,2025-06-09 14:27:00,Bill Payment,Credit Card,664.78,Success,Other,0
TX002848,61,2025-05-10 18:19:00,Transfer,Credit Card,538.25,Success,Dining,0
TX002849,149,2025-11-05 12:44:00,Bill Payment,UPI,654.13,Success,Groceries,0
TX002850,114,2025-03-13 01:59:00,Purchase,UPI,693.5,Success,Shopping,0
TX002851,123,2025-10-28 13:18:00,Transfer,Net Banking,688.13,Success,Groceries,0
TX002852,263,2025-06-22 17:40:00,Transfer,Net Banking,2226.83,Success,Healthcare,0
TX002853,407,2025-03-05 09:12:00,Transfer,Debit Card,174081.49,Success,Healthcare,1
TX002854,351,2025-01-23 18:57:00,Purchase,UPI,1322.74,Success,Shopping,0
TX002855,475,2025-04-30 05:11:00,Withdrawal,Debit Card,3087.96,Success,Travel,0
TX002856,263,2025-07-25 12:53:00,Bill Payment,UPI,708.95,Success,Dining,0
TX002857,446,2025-05-19 21:44:00,Transfer,Credit Card,595.72,Success,Utilities,0
TX002858,304,2025-10-22 13:46:00,Purchase,ATM,901.49,Success,Education,0
TX002859,70,2025-08-02 23:03:00,Transfer,UPI,2989.22,Success,Dining,0
TX002860,498,2025-11-26 21:03:00,Purchase,Debit Card,1293.35,Success,Groceries,0
TX002861,58,2025-01-18 13:23:00,Transfer,Debit Card,698.17,Success,Shopping,0
TX002862,427,2025-12-06 00:16:00,Transfer,UPI,1654.57,Success,Education,0
TX002863,340,2025-07-10 01:53:00,Purchase,UPI,429.68,Success,Dining,0
TX002864,318,2025-10-01 11:03:00,Bill Payment,Net Banking,1956.98,Success,Healthcare,0
TX002865,225,2025-03-04 03:34:00,Transfer,Net Banking,1552.03,Success,Healthcare,0
TX002866,326,2025-09-16 11:53:00,Transfer,Credit Card,844.18,Success,Travel,0
TX002867,432,2025-08-04 15:54:00,Purchase,UPI,537.65,Success,Travel,0
TX002868,420,2025-02-20 02:52:00,Purchase,Debit Card,516.11,Success,Other,0
TX002869,461,2025-01-30 20:05:00,Transfer,ATM,1727.78,Success,Dining,0
TX002870,474,2025-04-30 16:29:00,Withdrawal,Net Banking,3117.02,Success,Other,0
TX002871,390,2025-11-15 03:48:00,Purchase,ATM,637.97,Success,Utilities,0
TX002872,372,2025-03-21 05:44:00,Transfer,UPI,1619.1,Success,Travel,0
TX002873,397,2025-01-30 19:47:00,Transfer,Debit Card,186.05,Success,Travel,0
TX002874,141,2025-12-11 03:48:00,Bill Payment,Debit Card,667.19,Success,Utilities,0
TX002875,427,2025-02-08 08:42:00,Purchase,Debit Card,1068.06,Success,Education,0
TX002876,474,2025-06-03 23:52:00,Transfer,UPI,506.12,Success,Healthcare,0
TX002877,382,2025-07-03 17:11:00,Transfer,UPI,494.71,Failed,Groceries,0
TX002878,394,2025-11-01 10:15:00,Transfer,UPI,621.66,Success,Travel,0
TX002879,63,2025-07-29 14:18:00,Purchase,Debit Card,193778.89,Success,Other,1
TX002880,158,2025-02-18 22:24:00,Transfer,UPI,935.21,Success,Groceries,0
TX002881,294,2025-01-22 12:10:00,Transfer,UPI,163.61,Success,Travel,0
TX002882,22,2025-04-14 04:26:00,Purchase,Net Banking,180.8,Success,Shopping,0
TX002883,206,2025-01-26 08:51:00,Bill Payment,ATM,654.69,Success,Shopping,0
TX002884,195,2025-10-03 19:21:00,Purchase,Net Banking,1618.14,Success,Education,0
TX002885,291,2025-03-31 07:51:00,Purchase,UPI,106.13,Success,Healthcare,0
TX002886,279,2025-04-28 03:33:00,Refund,ATM,717.11,Success,Healthcare,0
TX002887,325,2025-12-14 22:23:00,Purchase,Credit Card,701.13,Success,Education,0
TX002888,421,2025-05-17 17:48:00,Purchase,Debit Card,3569.17,Success,Travel,0
TX002889,52,2025-05-19 07:00:00,Purchase,UPI,790.55,Success,Utilities,0
TX002890,430,2025-07-04 23:28:00,Bill Payment,Debit Card,1518.59,Success,Utilities,0
TX002891,279,2025-08-05 10:49:00,Purchase,Credit Card,1236.54,Success,Shopping,0
TX002892,152,2025-03-06 11:25:00,Transfer,UPI,179.29,Success,Education,0
TX002893,40,2025-01-13 17:30:00,Bill Payment,Debit Card,2106.91,Failed,Healthcare,0
TX002894,325,2025-11-21 15:18:00,Purchase,Debit Card,1316.97,Success,Education,0
TX002895,425,2025-04-07 16:51:00,Purchase,UPI,1689.23,Success,Groceries,0
TX002896,70,2025-06-28 13:18:00,Refund,UPI,30862.65,Success,Education,0
TX002897,69,2025-12-06 22:09:00,Bill Payment,Net Banking,186.51,Success,Dining,0
TX002898,233,2025-02-12 06:08:00,Transfer,Debit Card,4750.44,Success,Groceries,0
TX002899,295,2025-05-30 22:01:00,Transfer,UPI,858.91,Success,Groceries,0
TX002900,292,2025-03-05 05:49:00,Purchase,Debit Card,1400.0,Failed,Other,0
TX002901,392,2025-04-09 03:59:00,Bill Payment,Credit Card,1055.02,Success,Shopping,0
TX002902,426,2025-10-30 17:10:00,Withdrawal,Debit Card,764.64,Success,Other,0
TX002903,64,2025-06-15 02:51:00,Purchase,UPI,675.63,Success,Travel,0
TX002904,404,2025-02-08 11:15:00,Withdrawal,Net Banking,1451.11,Success,Groceries,0
TX002905,104,2025-04-22 01:42:00,Bill Payment,Debit Card,301.99,Success,Other,0
TX002906,106,2025-07-19 15:47:00,Transfer,Credit Card,2075.57,Success,Shopping,0
TX002907,110,2025-05-28 08:20:00,Purchase,Debit Card,87660.33,Success,Groceries,1
TX002908,310,2025-01-05 12:50:00,Transfer,UPI,419.66,Success,Education,0
TX002909,497,2025-01-09 10:39:00,Purchase,UPI,748.06,Success,Utilities,0
TX002910,497,2025-01-15 09:19:00,Bill Payment,UPI,3192.56,Success,Shopping,0
TX002911,458,2025-01-31 22:40:00,Transfer,Credit Card,695.73,Success,Groceries,0
TX002912,138,2025-10-03 23:10:00,Purchase,UPI,1487.25,Success,Dining,0
TX002913,52,2025-07-25 17:16:00,Purchase,UPI,589.15,Success,Travel,0
TX002914,31,2025-08-15 05:44:00,Transfer,Debit Card,2088.57,Success,Utilities,0
TX002915,74,2025-10-01 07:18:00,Purchase,ATM,1963.89,Success,Other,0
TX002916,78,2025-09-29 00:44:00,Purchase,UPI,5278.08,Success,Utilities,0
TX002917,91,2025-05-16 21:01:00,Purchase,Debit Card,944.61,Success,Dining,0
TX002918,8,2025-04-07 11:44:00,Bill Payment,Credit Card,1935.96,Success,Travel,0
TX002919,56,2025-07-14 06:24:00,Bill Payment,UPI,1191.96,Success,Education,0
TX002920,51,2025-09-08 07:50:00,Purchase,UPI,131923.3,Success,Utilities,1
TX002921,29,2025-12-07 03:36:00,Bill Payment,Net Banking,595.26,Success,Shopping,0
TX002922,201,2025-11-22 05:26:00,Withdrawal,Credit Card,2065.76,Success,Education,0
TX002923,491,2025-07-17 22:56:00,Transfer,UPI,929.37,Success,Groceries,0
TX002924,31,2025-02-04 20:56:00,Transfer,UPI,1038.4,Success,Groceries,0
TX002925,14,2025-10-18 17:39:00,Transfer,Debit Card,1185.58,Success,Groceries,0
TX002926,336,2025-06-14 09:00:00,Purchase,UPI,1358.86,Success,Groceries,0
TX002927,381,2025-07-05 10:28:00,Transfer,UPI,993.47,Success,Travel,0
TX002928,13,2025-10-20 19:46:00,Bill Payment,UPI,1316.2,Success,Education,0
TX002929,406,2025-02-10 17:34:00,Refund,UPI,4193.96,Success,Travel,0
TX002930,243,2025-10-31 17:39:00,Purchase,UPI,2534.2,Success,Utilities,0
TX002931,423,2025-03-24 03:10:00,Withdrawal,UPI,2295.67,Success,Utilities,0
TX002932,185,2025-02-22 12:15:00,Purchase,UPI,744.56,Success,Dining,0
TX002933,387,2025-01-30 22:59:00,Purchase,Credit Card,514.99,Success,Dining,0
TX002934,157,2025-09-28 02:53:00,Bill Payment,Net Banking,2470.08,Success,Groceries,0
TX002935,107,2025-09-03 13:01:00,Purchase,Debit Card,2309.16,Success,Utilities,0
TX002936,241,2025-05-29 21:40:00,Purchase,Debit Card,3834.41,Success,Groceries,0
TX002937,497,2025-12-20 09:53:00,Transfer,UPI,656.3,Success,Healthcare,0
TX002938,58,2025-05-20 04:16:00,Purchase,UPI,902.24,Success,Travel,0
TX002939,88,2025-10-21 05:53:00,Purchase,Net Banking,272.17,Success,Education,0
TX002940,131,2025-06-24 09:17:00,Transfer,Net Banking,785.56,Success,Education,0
TX002941,65,2025-03-19 21:02:00,Transfer,ATM,2558.27,Success,Dining,0
TX002942,160,2025-06-16 02:13:00,Purchase,Debit Card,737.66,Success,Travel,0
TX002943,290,2025-02-09 21:08:00,Transfer,Debit Card,1890.14,Success,Travel,0
TX002944,224,2025-04-20 12:13:00,Purchase,UPI,932.69,Success,Shopping,0
TX002945,202,2025-08-10 08:10:00,Bill Payment,Debit Card,1444.4,Success,Shopping,0
TX002946,143,2025-07-16 17:29:00,Purchase,UPI,413.42,Failed,Utilities,0
TX002947,61,2025-03-23 13:21:00,Transfer,Debit Card,1179.01,Success,Utilities,0
TX002948,366,2025-11-08 13:04:00,Purchase,UPI,86.27,Success,Other,0
TX002949,352,2025-12-08 19:21:00,Withdrawal,Net Banking,935.55,Success,Shopping,0
TX002950,390,2025-03-21 07:12:00,Purchase,UPI,274.27,Success,Dining,0
TX002951,381,2025-09-18 01:47:00,Refund,Debit Card,3056.71,Success,Groceries,0
TX002952,265,2025-07-09 17:22:00,Transfer,Net Banking,2123.45,Success,Travel,0
TX002953,208,2025-10-18 15:50:00,Purchase,Debit Card,1630.55,Success,Utilities,0
TX002954,421,2025-03-27 14:18:00,Purchase,Debit Card,3995.23,Success,Other,0
TX002955,379,2025-09-18 19:39:00,Transfer,UPI,489.52,Success,Dining,0
TX002956,279,2025-12-27 01:56:00,Bill Payment,UPI,4842.85,Success,Education,0
TX002957,246,2025-04-04 22:33:00,Purchase,UPI,2422.03,Success,Dining,0
TX002958,351,2025-03-21 18:40:00,Purchase,UPI,896.89,Success,Other,0
TX002959,43,2025-12-05 10:41:00,Purchase,Net Banking,2879.23,Success,Healthcare,0
TX002960,356,2025-04-05 08:22:00,Purchase,UPI,428.23,Success,Utilities,0
TX002961,499,2025-01-07 14:46:00,Purchase,UPI,544.12,Success,Healthcare,0
TX002962,105,2025-04-28 22:38:00,Withdrawal,UPI,653.73,Success,Education,0
TX002963,484,2025-07-29 06:16:00,Transfer,UPI,699.5,Success,Education,0
TX002964,222,2025-06-10 18:54:00,Purchase,UPI,446.72,Success,Groceries,0
TX002965,415,2025-02-20 17:02:00,Withdrawal,Debit Card,3101.44,Success,Utilities,0
TX002966,335,2025-03-23 00:09:00,Transfer,Debit Card,880.05,Failed,Utilities,0
TX002967,493,2025-11-21 06:54:00,Purchase,UPI,1479.75,Success,Other,0
TX002968,135,2025-09-08 19:03:00,Purchase,UPI,675.33,Success,Shopping,0
TX002969,211,2025-04-24 10:34:00,Purchase,ATM,233.34,Success,Groceries,0
TX002970,151,2025-02-01 17:52:00,Purchase,UPI,1379.6,Failed,Healthcare,0
TX002971,55,2025-07-19 20:48:00,Purchase,UPI,215.85,Success,Healthcare,0
TX002972,178,2025-07-25 12:20:00,Purchase,Credit Card,1034.49,Success,Groceries,0
TX002973,32,2025-06-19 04:09:00,Transfer,UPI,342.73,Success,Groceries,0
TX002974,44,2025-02-16 12:37:00,Transfer,Debit Card,5938.34,Success,Utilities,0
TX002975,103,2025-12-25 02:54:00,Bill Payment,Debit Card,2379.53,Success,Travel,0
TX002976,180,2025-02-02 14:41:00,Purchase,Credit Card,1199.78,Success,Healthcare,0
TX002977,6,2025-07-01 05:28:00,Withdrawal,UPI,3210.4,Failed,Dining,0
TX002978,160,2025-05-20 00:31:00,Withdrawal,ATM,534.13,Success,Utilities,0
TX002979,226,2025-06-02 12:56:00,Refund,Net Banking,1740.55,Success,Groceries,0
TX002980,55,2025-08-15 11:27:00,Purchase,UPI,1299.64,Success,Shopping,0
TX002981,494,2025-09-24 11:20:00,Purchase,Net Banking,1372.54,Success,Education,0
TX002982,43,2025-06-28 19:54:00,Refund,Debit Card,3234.08,Success,Travel,0
TX002983,384,2025-09-05 08:35:00,Purchase,Debit Card,2043.91,Success,Groceries,0
TX002984,261,2025-05-23 17:12:00,Bill Payment,Credit Card,1401.66,Success,Education,0
TX002985,488,2025-02-25 13:48:00,Bill Payment,UPI,268.63,Success,Other,0
TX002986,453,2025-12-30 06:49:00,Purchase,Debit Card,484.91,Success,Dining,0
TX002987,243,2025-06-20 01:25:00,Bill Payment,Credit Card,988.01,Success,Healthcare,0
TX002988,8,2025-01-14 06:56:00,Purchase,ATM,1187.22,Success,Other,0
TX002989,155,2025-12-21 11:02:00,Purchase,UPI,419.61,Success,Dining,0
TX002990,28,2025-04-22 20:41:00,Withdrawal,Net Banking,8517.9,Success,Travel,0
TX002991,78,2025-02-01 15:10:00,Purchase,Debit Card,3979.59,Success,Healthcare,0
TX002992,84,2025-05-10 22:47:00,Purchase,Net Banking,109950.41,Success,Dining,1
TX002993,330,2025-10-25 22:56:00,Purchase,UPI,1165.88,Success,Shopping,0
TX002994,280,2025-07-20 09:44:00,Purchase,UPI,915.64,Success,Education,0
TX002995,120,2025-04-22 16:11:00,Purchase,Credit Card,488.27,Success,Utilities,0
TX002996,371,2025-01-24 13:59:00,Transfer,UPI,1171.29,Success,Education,0
TX002997,208,2025-04-05 13:02:00,Bill Payment,UPI,1365.25,Success,Groceries,0
TX002998,94,2025-02-03 04:06:00,Purchase,Net Banking,381.65,Success,Dining,0
TX002999,43,2025-10-20 01:16:00,Withdrawal,UPI,1456.88,Success,Groceries,0
TX003000,160,2025-08-11 13:37:00,Withdrawal,Debit Card,191895.21,Success,Travel,1
TX003001,366,2025-09-23 18:40:00,Transfer,Debit Card,216.67,Success,Utilities,0
TX003002,32,2025-12-30 21:47:00,Transfer,UPI,527.78,Success,Groceries,0
TX003003,42,2025-02-02 13:45:00,Withdrawal,UPI,94672.1,Failed,Travel,1
TX003004,124,2025-02-08 22:26:00,Withdrawal,Debit Card,5456.35,Success,Education,0
TX003005,24,2025-10-12 05:38:00,Withdrawal,Net Banking,1760.0,Success,Utilities,0
TX003006,390,2025-12-26 14:36:00,Bill Payment,Credit Card,352.43,Success,Groceries,0
TX003007,370,2025-07-04 17:05:00,Purchase,Debit Card,1657.61,Failed,Other,0
TX003008,421,2025-07-10 17:45:00,Purchase,UPI,68072.05,Success,Other,1
TX003009,175,2025-03-23 08:35:00,Purchase,UPI,2752.56,Success,Utilities,0
TX003010,286,2025-07-12 09:58:00,Transfer,Net Banking,734.76,Success,Utilities,0
TX003011,400,2025-06-20 09:17:00,Transfer,UPI,1012.73,Success,Education,0
TX003012,55,2025-06-05 09:00:00,Purchase,Credit Card,3384.38,Success,Utilities,0
TX003013,67,2025-11-22 09:46:00,Purchase,Debit Card,367.2,Success,Education,0
TX003014,129,2025-06-25 04:06:00,Transfer,UPI,334.44,Success,Shopping,0
TX003015,21,2025-06-12 21:31:00,Bill Payment,Debit Card,667.77,Success,Utilities,0
TX003016,409,2025-04-15 10:03:00,Transfer,Credit Card,2650.81,Success,Healthcare,0
TX003017,239,2025-11-12 17:06:00,Refund,UPI,301.44,Success,Dining,0
TX003018,100,2025-10-18 16:32:00,Withdrawal,UPI,98.76,Success,Travel,0
TX003019,201,2025-08-02 00:30:00,Purchase,ATM,747.34,Success,Healthcare,0
TX003020,434,2025-06-15 23:39:00,Purchase,Credit Card,1752.82,Success,Healthcare,0
TX003021,34,2025-06-09 01:57:00,Transfer,UPI,3041.85,Reversed,Healthcare,0
TX003022,357,2025-09-30 13:05:00,Bill Payment,ATM,739.75,Success,Travel,0
TX003023,430,2025-05-29 00:40:00,Bill Payment,Net Banking,773.01,Success,Groceries,0
TX003024,112,2025-03-13 22:52:00,Purchase,ATM,2924.32,Success,Dining,0
TX003025,458,2025-10-12 15:12:00,Purchase,Net Banking,223.79,Success,Shopping,0
TX003026,296,2025-02-19 20:43:00,Purchase,Net Banking,788.2,Success,Groceries,0
TX003027,155,2025-11-29 08:49:00,Purchase,UPI,1289.31,Success,Groceries,0
TX003028,162,2025-11-09 10:38:00,Purchase,UPI,1606.54,Success,Other,0
TX003029,369,2025-05-13 19:02:00,Withdrawal,Credit Card,710.99,Success,Education,0
TX003030,366,2025-10-17 03:43:00,Purchase,Credit Card,1129.21,Success,Shopping,0
TX003031,159,2025-07-20 05:32:00,Purchase,UPI,67773.73,Success,Other,1
TX003032,216,2025-04-05 12:12:00,Withdrawal,UPI,626.71,Success,Education,0
TX003033,439,2025-12-16 05:14:00,Purchase,Debit Card,1612.41,Success,Travel,0
TX003034,71,2025-07-18 19:05:00,Withdrawal,Net Banking,475.82,Success,Travel,0
TX003035,69,2025-03-27 06:33:00,Transfer,Credit Card,1153.02,Success,Healthcare,0
TX003036,133,2025-02-26 08:21:00,Purchase,ATM,1603.34,Success,Other,0
TX003037,83,2025-03-24 16:16:00,Withdrawal,UPI,819.61,Success,Healthcare,0
TX003038,396,2025-04-13 00:16:00,Purchase,Debit Card,1267.62,Success,Other,0
TX003039,53,2025-01-10 22:41:00,Transfer,UPI,483.8,Success,Education,0
TX003040,413,2025-04-06 23:08:00,Withdrawal,Debit Card,920.01,Success,Other,0
TX003041,341,2025-09-21 02:42:00,Purchase,UPI,1842.14,Failed,Groceries,0
TX003042,398,2025-03-09 14:46:00,Bill Payment,UPI,1253.16,Success,Healthcare,0
TX003043,362,2025-06-17 02:58:00,Transfer,UPI,666.11,Success,Dining,0
TX003044,395,2025-10-01 16:48:00,Purchase,Debit Card,1326.88,Success,Utilities,0
TX003045,285,2025-07-07 22:34:00,Bill Payment,ATM,2013.07,Success,Utilities,0
TX003046,6,2025-06-12 03:15:00,Transfer,UPI,192.01,Success,Travel,0
TX003047,441,2025-10-31 22:53:00,Withdrawal,ATM,2937.2,Success,Education,0
TX003048,244,2025-06-02 00:46:00,Transfer,UPI,824.01,Success,Education,0
TX003049,370,2025-07-03 11:34:00,Bill Payment,Debit Card,1574.46,Success,Groceries,0
TX003050,409,2025-04-06 20:16:00,Transfer,ATM,3034.07,Success,Shopping,0
TX003051,91,2025-01-21 22:44:00,Transfer,Net Banking,341.75,Success,Healthcare,0
TX003052,404,2025-01-10 05:56:00,Transfer,ATM,600.03,Success,Shopping,0
TX003053,296,2025-06-02 05:35:00,Withdrawal,ATM,858.11,Success,Education,0
TX003054,488,2025-04-04 16:57:00,Withdrawal,UPI,563.3,Success,Education,0
TX003055,231,2025-01-22 00:49:00,Withdrawal,Debit Card,4791.97,Success,Healthcare,0
TX003056,177,2025-04-03 17:31:00,Purchase,Net Banking,529.4,Success,Shopping,0
TX003057,426,2025-10-12 10:43:00,Transfer,UPI,683.88,Success,Education,0
TX003058,384,2025-11-01 20:22:00,Purchase,Credit Card,1304.7,Success,Utilities,0
TX003059,484,2025-08-23 06:40:00,Purchase,UPI,394.72,Success,Healthcare,0
TX003060,334,2025-11-19 22:47:00,Transfer,Debit Card,783.42,Success,Utilities,0
TX003061,30,2025-10-11 18:49:00,Purchase,Debit Card,1436.31,Success,Dining,0
TX003062,429,2025-07-21 03:42:00,Purchase,Debit Card,826.39,Success,Travel,0
TX003063,428,2025-06-04 16:13:00,Bill Payment,UPI,1012.95,Success,Utilities,0
TX003064,16,2025-11-24 03:06:00,Purchase,UPI,699.29,Success,Groceries,0
TX003065,49,2025-12-29 22:54:00,Refund,UPI,302.69,Success,Travel,0
TX003066,32,2025-06-03 18:08:00,Transfer,Net Banking,1441.38,Success,Groceries,0
TX003067,472,2025-03-20 15:45:00,Withdrawal,UPI,4874.11,Success,Groceries,0
TX003068,455,2025-05-05 16:13:00,Transfer,ATM,1113.92,Success,Utilities,0
TX003069,212,2025-11-01 01:29:00,Transfer,UPI,1328.06,Success,Travel,0
TX003070,442,2025-10-22 07:22:00,Purchase,Debit Card,1975.97,Success,Shopping,0
TX003071,469,2025-07-22 03:28:00,Purchase,UPI,372.81,Success,Healthcare,0
TX003072,134,2025-01-23 03:51:00,Purchase,UPI,4661.71,Success,Healthcare,0
TX003073,56,2025-09-12 10:54:00,Transfer,Credit Card,1302.42,Success,Utilities,0
TX003074,389,2025-06-29 14:08:00,Purchase,Net Banking,4389.97,Success,Education,0
TX003075,114,2025-05-07 17:24:00,Transfer,UPI,588.11,Success,Groceries,0
TX003076,65,2025-10-30 08:32:00,Purchase,UPI,5142.8,Success,Utilities,0
TX003077,233,2025-11-11 05:07:00,Purchase,Debit Card,2119.39,Success,Other,0
TX003078,136,2025-08-15 23:36:00,Withdrawal,Debit Card,1754.75,Success,Education,0
TX003079,155,2025-10-25 02:52:00,Purchase,Credit Card,1337.99,Success,Groceries,0
TX003080,87,2025-01-17 05:40:00,Transfer,Credit Card,887.8,Success,Utilities,0
TX003081,305,2025-01-17 21:57:00,Purchase,Net Banking,3042.55,Success,Dining,0
TX003082,452,2025-10-24 07:30:00,Purchase,UPI,1235.59,Success,Groceries,0
TX003083,300,2025-03-23 23:34:00,Purchase,UPI,206.02,Success,Utilities,0
TX003084,4,2025-12-15 13:55:00,Purchase,UPI,424.28,Success,Healthcare,0
TX003085,177,2025-11-07 18:03:00,Refund,UPI,936.39,Success,Healthcare,0
TX003086,146,2025-04-30 15:00:00,Withdrawal,Credit Card,1427.24,Success,Dining,0
TX003087,356,2025-10-13 05:10:00,Purchase,UPI,1045.13,Success,Utilities,0
TX003088,151,2025-11-06 09:40:00,Purchase,Net Banking,3090.61,Success,Groceries,0
TX003089,178,2025-07-25 11:11:00,Withdrawal,Debit Card,208.84,Success,Dining,0
TX003090,386,2025-04-09 09:14:00,Purchase,Net Banking,1238.99,Success,Education,0
TX003091,161,2025-11-27 11:22:00,Bill Payment,Debit Card,233.86,Success,Utilities,0
TX003092,125,2025-12-19 01:36:00,Transfer,UPI,2091.75,Success,Healthcare,0
TX003093,143,2025-02-28 06:33:00,Purchase,UPI,1012.03,Success,Dining,0
TX003094,329,2025-02-03 19:49:00,Transfer,Net Banking,1566.61,Reversed,Travel,0
TX003095,301,2025-02-18 05:16:00,Purchase,UPI,526.21,Success,Healthcare,0
TX003096,119,2025-09-21 01:42:00,Purchase,ATM,3253.69,Success,Healthcare,0
TX003097,78,2025-09-01 03:08:00,Bill Payment,Debit Card,2658.36,Success,Utilities,0
TX003098,360,2025-01-10 05:59:00,Bill Payment,UPI,1800.85,Success,Groceries,0
TX003099,3,2025-07-27 22:11:00,Transfer,Credit Card,982.31,Success,Healthcare,0
TX003100,448,2025-02-20 00:52:00,Purchase,UPI,1795.21,Success,Shopping,0
TX003101,441,2025-05-01 19:52:00,Purchase,UPI,601.33,Success,Utilities,0
TX003102,52,2025-07-31 20:36:00,Transfer,UPI,2269.29,Success,Other,0
TX003103,249,2025-11-30 23:42:00,Transfer,Debit Card,4456.23,Success,Utilities,0
TX003104,192,2025-09-10 02:29:00,Withdrawal,Net Banking,2724.44,Success,Shopping,0
TX003105,363,2025-10-26 01:22:00,Purchase,Net Banking,589.83,Failed,Travel,0
TX003106,303,2025-03-07 15:46:00,Withdrawal,ATM,1491.0,Success,Other,0
TX003107,22,2025-06-07 01:49:00,Transfer,UPI,365.34,Failed,Shopping,0
TX003108,388,2025-03-03 22:50:00,Transfer,ATM,1783.85,Success,Groceries,0
TX003109,85,2025-05-04 21:31:00,Transfer,Debit Card,1608.43,Success,Groceries,0
TX003110,453,2025-07-09 05:46:00,Purchase,Debit Card,223.78,Success,Shopping,0
TX003111,425,2025-09-26 23:53:00,Transfer,ATM,408.5,Success,Other,0
TX003112,70,2025-05-28 06:50:00,Withdrawal,UPI,862.07,Success,Utilities,0
TX003113,338,2025-08-01 19:26:00,Withdrawal,UPI,849.18,Success,Healthcare,0
TX003114,378,2025-05-16 21:21:00,Purchase,Debit Card,392.27,Success,Utilities,0
TX003115,446,2025-05-08 13:31:00,Purchase,UPI,1526.35,Success,Education,0
TX003116,87,2025-10-03 14:10:00,Bill Payment,UPI,1357.98,Success,Dining,0
TX003117,451,2025-03-07 15:18:00,Transfer,UPI,929.71,Success,Shopping,0
TX003118,473,2025-04-10 14:06:00,Purchase,Debit Card,576.85,Success,Groceries,0
TX003119,311,2025-09-13 15:37:00,Transfer,UPI,2674.19,Success,Utilities,0
TX003120,210,2025-05-26 02:09:00,Purchase,Net Banking,4478.74,Success,Groceries,0
TX003121,493,2025-07-31 10:20:00,Purchase,UPI,727.03,Success,Groceries,0
TX003122,10,2025-09-19 02:47:00,Purchase,UPI,651.75,Success,Shopping,0
TX003123,126,2025-05-15 23:32:00,Withdrawal,Debit Card,1664.91,Success,Other,0
TX003124,48,2025-02-01 14:51:00,Bill Payment,UPI,808.9,Success,Education,0
TX003125,495,2025-01-08 17:50:00,Bill Payment,UPI,974.1,Success,Education,0
TX003126,144,2025-05-26 17:17:00,Purchase,Credit Card,2056.39,Success,Other,0
TX003127,500,2025-06-08 17:11:00,Bill Payment,UPI,216.38,Success,Healthcare,0
TX003128,6,2025-01-06 08:40:00,Transfer,UPI,3362.89,Success,Travel,0
TX003129,228,2025-10-28 19:07:00,Purchase,UPI,1166.52,Success,Shopping,0
TX003130,403,2025-05-30 09:50:00,Purchase,Debit Card,772.96,Success,Travel,0
TX003131,495,2025-06-08 11:28:00,Purchase,ATM,1016.53,Success,Dining,0
TX003132,461,2025-10-25 12:10:00,Purchase,Net Banking,1062.17,Success,Other,0
TX003133,338,2025-11-22 18:31:00,Purchase,UPI,251.76,Success,Groceries,0
TX003134,217,2025-11-09 15:01:00,Transfer,Net Banking,3907.67,Success,Groceries,0
TX003135,420,2025-04-12 00:20:00,Bill Payment,Net Banking,1135.84,Success,Travel,0
TX003136,262,2025-07-20 10:09:00,Purchase,ATM,1598.07,Success,Shopping,0
TX003137,89,2025-04-20 03:30:00,Transfer,UPI,2462.22,Success,Other,0
TX003138,158,2025-04-08 01:39:00,Withdrawal,UPI,460.36,Success,Healthcare,0
TX003139,220,2025-10-12 07:39:00,Purchase,UPI,1640.0,Success,Other,0
TX003140,292,2025-10-05 00:27:00,Refund,UPI,873.5,Success,Healthcare,0
TX003141,382,2025-03-24 01:31:00,Purchase,Credit Card,2252.41,Success,Dining,0
TX003142,353,2025-06-20 06:02:00,Purchase,Debit Card,179.8,Success,Groceries,0
TX003143,491,2025-01-02 04:04:00,Transfer,UPI,1008.05,Success,Healthcare,0
TX003144,247,2025-09-28 02:58:00,Bill Payment,UPI,656.95,Success,Healthcare,0
TX003145,400,2025-08-03 19:12:00,Transfer,Net Banking,1583.55,Success,Other,0
TX003146,274,2025-01-29 06:32:00,Purchase,UPI,1635.23,Success,Education,0
TX003147,378,2025-02-04 04:11:00,Purchase,Debit Card,600.95,Success,Dining,0
TX003148,109,2025-06-16 09:38:00,Purchase,Credit Card,598.64,Success,Healthcare,0
TX003149,450,2025-06-01 07:53:00,Purchase,UPI,998.18,Success,Education,0
TX003150,387,2025-03-27 03:19:00,Purchase,ATM,511.76,Success,Healthcare,0
TX003151,338,2025-04-19 02:39:00,Bill Payment,UPI,2243.26,Success,Groceries,0
TX003152,481,2025-01-22 18:37:00,Purchase,Debit Card,801.25,Success,Travel,0
TX003153,6,2025-10-10 22:08:00,Transfer,UPI,92.67,Success,Education,0
TX003154,11,2025-04-16 14:32:00,Refund,UPI,797.44,Success,Healthcare,0
TX003155,461,2025-01-14 06:59:00,Purchase,UPI,453.61,Success,Shopping,0
TX003156,109,2025-01-10 20:21:00,Purchase,Debit Card,274.08,Success,Education,0
TX003157,242,2025-09-13 04:03:00,Withdrawal,Net Banking,383.06,Success,Utilities,0
TX003158,216,2025-05-30 09:21:00,Bill Payment,Debit Card,1203.51,Success,Travel,0
TX003159,315,2025-01-06 21:04:00,Withdrawal,Debit Card,3392.58,Success,Shopping,0
TX003160,258,2025-10-04 16:20:00,Purchase,Debit Card,1431.11,Success,Shopping,0
TX003161,294,2025-05-31 23:47:00,Purchase,Credit Card,654.89,Success,Other,0
TX003162,205,2025-01-09 18:19:00,Withdrawal,UPI,1615.69,Success,Groceries,0
TX003163,433,2025-09-02 05:03:00,Transfer,Debit Card,742.31,Success,Other,0
TX003164,31,2025-04-06 12:33:00,Transfer,Debit Card,607.64,Success,Education,0
TX003165,350,2025-09-21 08:11:00,Purchase,UPI,411.08,Success,Travel,0
TX003166,206,2025-10-05 19:14:00,Purchase,ATM,247.38,Success,Other,0
TX003167,99,2025-12-10 12:28:00,Withdrawal,Debit Card,787.26,Success,Travel,0
TX003168,345,2025-12-29 08:09:00,Transfer,Debit Card,1254.32,Success,Utilities,0
TX003169,215,2025-09-13 17:54:00,Purchase,Net Banking,1010.17,Success,Other,0
TX003170,47,2025-06-16 14:03:00,Withdrawal,ATM,770.03,Success,Dining,0
TX003171,313,2025-04-06 13:00:00,Purchase,Debit Card,490.84,Success,Shopping,0
TX003172,498,2025-11-18 22:55:00,Purchase,Net Banking,1839.06,Success,Groceries,0
TX003173,58,2025-04-13 18:34:00,Purchase,Debit Card,357.97,Success,Education,0
TX003174,307,2025-03-07 09:39:00,Purchase,UPI,2120.96,Success,Healthcare,0
TX003175,133,2025-12-29 17:13:00,Transfer,UPI,467.83,Success,Dining,0
TX003176,338,2025-10-14 07:13:00,Purchase,UPI,578.5,Success,Travel,0
TX003177,239,2025-09-21 20:20:00,Transfer,UPI,315.21,Success,Education,0
TX003178,325,2025-05-18 05:26:00,Bill Payment,UPI,716.09,Success,Groceries,0
TX003179,53,2025-05-19 05:06:00,Transfer,UPI,2512.45,Success,Utilities,0
TX003180,462,2025-11-06 10:43:00,Transfer,UPI,190922.36,Success,Travel,1
TX003181,244,2025-01-20 19:20:00,Bill Payment,ATM,2519.1,Success,Other,0
TX003182,451,2025-01-18 10:46:00,Purchase,Debit Card,1709.27,Success,Travel,0
TX003183,233,2025-02-28 00:16:00,Purchase,Debit Card,429.18,Success,Utilities,0
TX003184,334,2025-11-13 19:12:00,Withdrawal,Net Banking,827.85,Success,Groceries,0
TX003185,339,2025-11-06 17:10:00,Purchase,UPI,565.0,Success,Healthcare,0
TX003186,488,2025-07-25 16:34:00,Purchase,Debit Card,3398.16,Success,Education,0
TX003187,277,2025-01-01 19:04:00,Purchase,Debit Card,396.52,Success,Education,0
TX003188,440,2025-02-10 02:45:00,Purchase,Debit Card,2344.07,Success,Groceries,0
TX003189,272,2025-02-18 14:16:00,Bill Payment,UPI,2342.59,Success,Utilities,0
TX003190,473,2025-06-03 09:11:00,Purchase,Net Banking,5193.57,Success,Healthcare,0
TX003191,412,2025-08-05 13:59:00,Purchase,Credit Card,774.15,Success,Other,0
TX003192,461,2025-01-03 03:17:00,Purchase,UPI,2009.16,Success,Utilities,0
TX003193,153,2025-03-01 02:15:00,Transfer,UPI,7626.65,Success,Travel,0
TX003194,481,2025-12-04 03:48:00,Purchase,UPI,648.72,Success,Dining,0
TX003195,292,2025-06-14 07:56:00,Purchase,Net Banking,297.44,Success,Education,0
TX003196,333,2025-10-05 02:06:00,Purchase,UPI,221.85,Success,Healthcare,0
TX003197,69,2025-11-04 11:01:00,Withdrawal,Credit Card,2009.83,Success,Education,0
TX003198,131,2025-07-02 11:50:00,Withdrawal,Credit Card,221.26,Success,Dining,0
TX003199,348,2025-01-06 22:09:00,Refund,Net Banking,799.13,Success,Utilities,0
TX003200,61,2025-05-09 06:15:00,Bill Payment,Debit Card,1590.36,Success,Healthcare,0
TX003201,142,2025-12-08 21:43:00,Withdrawal,UPI,1283.57,Failed,Shopping,0
TX003202,220,2025-01-14 23:53:00,Purchase,Net Banking,1574.4,Success,Education,0
TX003203,146,2025-08-02 02:29:00,Purchase,UPI,1324.71,Success,Utilities,0
TX003204,70,2025-09-30 12:26:00,Purchase,UPI,3252.03,Success,Utilities,0
TX003205,493,2025-05-30 13:00:00,Transfer,UPI,488.11,Success,Other,0
TX003206,486,2025-12-06 02:50:00,Transfer,UPI,616.81,Success,Utilities,0
TX003207,302,2025-11-30 01:45:00,Withdrawal,Net Banking,568.64,Success,Healthcare,0
TX003208,385,2025-07-21 06:50:00,Withdrawal,Net Banking,2220.89,Success,Other,0
TX003209,231,2025-08-11 10:15:00,Purchase,Net Banking,2357.46,Success,Shopping,0
TX003210,131,2025-07-11 05:11:00,Purchase,Debit Card,1609.28,Success,Shopping,0
TX003211,49,2025-04-30 04:36:00,Purchase,Debit Card,2998.81,Success,Travel,0
TX003212,80,2025-12-27 19:51:00,Purchase,UPI,59974.78,Success,Other,1
TX003213,477,2025-05-26 05:36:00,Purchase,Debit Card,4523.95,Success,Dining,0
TX003214,380,2025-08-26 09:48:00,Transfer,Net Banking,4002.81,Success,Travel,0
TX003215,112,2025-04-20 09:58:00,Purchase,UPI,2049.35,Success,Utilities,0
TX003216,462,2025-08-20 09:40:00,Bill Payment,Debit Card,4986.7,Success,Education,0
TX003217,330,2025-04-30 03:20:00,Bill Payment,UPI,268.24,Success,Utilities,0
TX003218,152,2025-11-27 19:23:00,Purchase,Debit Card,702.2,Success,Utilities,0
TX003219,120,2025-05-03 15:17:00,Bill Payment,UPI,586.98,Reversed,Education,0
TX003220,312,2025-12-10 02:53:00,Withdrawal,Debit Card,2024.86,Success,Education,0
TX003221,65,2025-11-30 06:39:00,Bill Payment,ATM,449.16,Success,Groceries,0
TX003222,333,2025-12-26 14:58:00,Bill Payment,UPI,2087.81,Success,Other,0
TX003223,338,2025-05-13 17:00:00,Purchase,ATM,3515.57,Success,Travel,0
TX003224,480,2025-07-11 13:56:00,Purchase,UPI,1980.14,Success,Dining,0
TX003225,435,2025-11-05 05:55:00,Purchase,UPI,1395.75,Success,Travel,0
TX003226,364,2025-03-01 11:31:00,Purchase,ATM,473.57,Success,Healthcare,0
TX003227,436,2025-05-28 08:21:00,Purchase,UPI,533.88,Success,Utilities,0
TX003228,38,2025-06-30 16:59:00,Refund,UPI,3172.19,Success,Utilities,0
TX003229,495,2025-01-17 09:06:00,Purchase,UPI,2126.95,Success,Travel,0
TX003230,303,2025-03-14 04:33:00,Transfer,UPI,1060.86,Success,Utilities,0
TX003231,415,2025-04-18 00:20:00,Bill Payment,UPI,768.76,Success,Groceries,0
TX003232,400,2025-04-09 15:27:00,Transfer,UPI,195.99,Success,Utilities,0
TX003233,397,2025-03-24 02:23:00,Purchase,UPI,441.32,Success,Other,0
TX003234,212,2025-04-28 00:01:00,Purchase,Credit Card,5567.53,Success,Groceries,0
TX003235,471,2025-09-08 12:22:00,Transfer,Net Banking,369.3,Success,Shopping,0
TX003236,493,2025-08-28 08:32:00,Purchase,Debit Card,1288.27,Success,Education,0
TX003237,99,2025-12-20 17:58:00,Purchase,Debit Card,2582.02,Success,Groceries,0
TX003238,177,2025-05-07 02:09:00,Transfer,UPI,377.4,Success,Other,0
TX003239,134,2025-04-09 18:12:00,Withdrawal,Debit Card,1283.06,Success,Travel,0
TX003240,472,2025-05-26 01:01:00,Purchase,Debit Card,2433.85,Success,Groceries,0
TX003241,301,2025-03-31 12:05:00,Bill Payment,Net Banking,1108.35,Success,Dining,0
TX003242,61,2025-07-16 10:53:00,Purchase,UPI,12558.37,Success,Utilities,0
TX003243,92,2025-01-30 15:35:00,Withdrawal,UPI,265.52,Success,Utilities,0
TX003244,393,2025-12-09 03:50:00,Withdrawal,UPI,2697.06,Success,Education,0
TX003245,351,2025-12-12 08:17:00,Purchase,ATM,946.83,Success,Groceries,0
TX003246,78,2025-05-23 15:05:00,Purchase,Debit Card,2113.57,Failed,Education,0
TX003247,145,2025-09-09 23:13:00,Purchase,Debit Card,1595.77,Success,Healthcare,0
TX003248,370,2025-06-02 00:22:00,Purchase,UPI,588.05,Reversed,Dining,0
TX003249,135,2025-11-06 11:27:00,Purchase,Net Banking,1332.28,Success,Education,0
TX003250,250,2025-01-16 11:59:00,Transfer,ATM,226.06,Reversed,Groceries,0
TX003251,306,2025-03-03 05:38:00,Purchase,Credit Card,1831.26,Success,Travel,0
TX003252,277,2025-11-02 12:07:00,Withdrawal,Credit Card,1412.95,Success,Shopping,0
TX003253,41,2025-02-03 10:49:00,Purchase,Net Banking,1887.22,Success,Travel,0
TX003254,50,2025-05-03 01:46:00,Transfer,Debit Card,2695.67,Success,Education,0
TX003255,124,2025-03-09 21:24:00,Transfer,UPI,1498.89,Success,Other,0
TX003256,409,2025-09-06 22:38:00,Transfer,UPI,1243.74,Success,Other,0
TX003257,348,2025-01-03 13:15:00,Transfer,ATM,518.58,Success,Other,0
TX003258,372,2025-09-12 05:10:00,Bill Payment,UPI,598.61,Success,Utilities,0
TX003259,471,2025-08-22 05:24:00,Bill Payment,UPI,3007.08,Success,Travel,0
TX003260,422,2025-08-13 20:33:00,Transfer,Credit Card,3717.79,Success,Other,0
TX003261,412,2025-05-22 01:54:00,Refund,UPI,895.7,Success,Education,0
TX003262,473,2025-01-02 00:15:00,Purchase,ATM,1140.36,Success,Dining,0
TX003263,9,2025-02-17 05:41:00,Purchase,Net Banking,508.3,Success,Education,0
TX003264,265,2025-05-27 02:28:00,Purchase,ATM,2971.56,Success,Education,0
TX003265,203,2025-03-28 21:50:00,Purchase,UPI,1930.64,Success,Travel,0
TX003266,332,2025-08-19 13:44:00,Purchase,Net Banking,5710.35,Success,Groceries,0
TX003267,441,2025-03-20 18:32:00,Transfer,Debit Card,519.79,Success,Shopping,0
TX003268,328,2025-01-11 11:46:00,Purchase,UPI,795.28,Success,Shopping,0
TX003269,393,2025-12-10 05:56:00,Transfer,UPI,1335.06,Success,Shopping,0
TX003270,440,2025-02-10 19:39:00,Transfer,Net Banking,1899.82,Success,Education,0
TX003271,23,2025-02-18 10:35:00,Bill Payment,Debit Card,912.95,Failed,Dining,0
TX003272,339,2025-04-28 02:53:00,Purchase,UPI,522.16,Failed,Groceries,0
TX003273,164,2025-04-15 01:37:00,Withdrawal,ATM,2319.71,Success,Healthcare,0
TX003274,116,2025-07-07 01:36:00,Purchase,Debit Card,2024.27,Success,Education,0
TX003275,179,2025-08-18 02:28:00,Purchase,UPI,503.29,Success,Healthcare,0
TX003276,204,2025-12-23 22:26:00,Purchase,Net Banking,3470.75,Success,Utilities,0
TX003277,64,2025-06-29 14:43:00,Transfer,UPI,2965.11,Success,Shopping,0
TX003278,497,2025-10-23 12:01:00,Purchase,Net Banking,1229.24,Success,Education,0
TX003279,16,2025-06-12 23:34:00,Purchase,UPI,1173.4,Success,Education,0
TX003280,9,2025-02-17 17:24:00,Purchase,Net Banking,1756.27,Success,Groceries,0
TX003281,37,2025-05-17 08:04:00,Bill Payment,Credit Card,527.19,Success,Travel,0
TX003282,217,2025-06-30 23:17:00,Withdrawal,UPI,1124.99,Success,Groceries,0
TX003283,192,2025-02-16 22:46:00,Purchase,UPI,176.0,Success,Dining,0
TX003284,227,2025-07-26 11:59:00,Purchase,Credit Card,2309.96,Success,Healthcare,0
TX003285,110,2025-02-05 08:14:00,Transfer,UPI,290.83,Success,Groceries,0
TX003286,164,2025-09-21 02:53:00,Transfer,Debit Card,3935.95,Success,Education,0
TX003287,223,2025-12-18 03:15:00,Withdrawal,UPI,828.32,Success,Education,0
TX003288,170,2025-05-22 09:23:00,Bill Payment,Debit Card,916.06,Success,Other,0
TX003289,136,2025-08-17 08:34:00,Transfer,Debit Card,643.18,Success,Other,0
TX003290,26,2025-10-09 01:48:00,Purchase,UPI,858.48,Success,Other,0
TX003291,411,2025-09-24 03:53:00,Purchase,UPI,3661.95,Success,Travel,0
TX003292,289,2025-03-09 13:52:00,Purchase,Debit Card,132.34,Success,Shopping,0
TX003293,436,2025-10-25 14:22:00,Purchase,Credit Card,3246.79,Success,Utilities,0
TX003294,108,2025-07-25 21:36:00,Refund,UPI,1461.65,Success,Utilities,0
TX003295,165,2025-03-29 09:47:00,Withdrawal,Net Banking,393.09,Success,Other,0
TX003296,193,2025-08-13 18:09:00,Bill Payment,Credit Card,439.65,Success,Shopping,0
TX003297,319,2025-12-06 17:07:00,Withdrawal,UPI,4559.34,Success,Utilities,0
TX003298,24,2025-02-19 18:09:00,Purchase,UPI,490.94,Success,Groceries,0
TX003299,34,2025-06-04 02:40:00,Transfer,UPI,411.44,Success,Dining,0
TX003300,71,2025-03-19 08:08:00,Bill Payment,Debit Card,2883.38,Success,Utilities,0
TX003301,456,2025-08-10 09:43:00,Purchase,Credit Card,1462.31,Success,Travel,0
TX003302,169,2025-11-03 19:59:00,Purchase,UPI,494.11,Success,Other,0
TX003303,166,2025-06-08 21:28:00,Transfer,Debit Card,1318.34,Success,Shopping,0
TX003304,64,2025-01-11 17:22:00,Purchase,Net Banking,458.57,Reversed,Shopping,0
TX003305,345,2025-02-26 08:00:00,Purchase,Credit Card,2795.31,Success,Utilities,0
TX003306,468,2025-02-16 16:56:00,Transfer,Debit Card,2703.13,Failed,Education,0
TX003307,454,2025-09-22 07:40:00,Transfer,ATM,1723.66,Success,Dining,0
TX003308,374,2025-06-24 02:04:00,Purchase,Net Banking,133776.75,Success,Education,1
TX003309,409,2025-01-13 13:55:00,Purchase,UPI,4900.1,Success,Utilities,0
TX003310,323,2025-04-15 17:38:00,Purchase,Net Banking,1096.34,Success,Dining,0
TX003311,373,2025-01-20 12:45:00,Purchase,Debit Card,401.58,Success,Education,0
TX003312,243,2025-10-12 12:51:00,Withdrawal,Debit Card,1606.89,Success,Healthcare,0
TX003313,292,2025-12-04 03:32:00,Purchase,ATM,6458.42,Success,Groceries,0
TX003314,126,2025-09-15 06:15:00,Purchase,Net Banking,462.87,Success,Education,0
TX003315,453,2025-12-14 18:39:00,Withdrawal,ATM,806.54,Success,Other,0
TX003316,137,2025-04-25 17:02:00,Transfer,Debit Card,1562.4,Success,Shopping,0
TX003317,301,2025-09-12 11:48:00,Withdrawal,Credit Card,1047.52,Success,Dining,0
TX003318,432,2025-12-30 02:09:00,Transfer,UPI,475.82,Success,Education,0
TX003319,18,2025-08-03 13:11:00,Withdrawal,Net Banking,2845.74,Success,Dining,0
TX003320,306,2025-09-13 15:55:00,Withdrawal,UPI,7879.62,Success,Education,0
TX003321,152,2025-03-20 19:36:00,Purchase,Credit Card,1295.58,Success,Education,0
TX003322,52,2025-02-17 14:37:00,Purchase,Credit Card,508.54,Failed,Travel,0
TX003323,339,2025-11-12 16:10:00,Bill Payment,UPI,293.94,Failed,Shopping,0
TX003324,129,2025-01-06 22:17:00,Purchase,UPI,1365.5,Success,Utilities,0
TX003325,71,2025-11-28 04:22:00,Purchase,Debit Card,2802.58,Success,Other,0
TX003326,154,2025-03-04 20:25:00,Bill Payment,ATM,1642.37,Success,Other,0
TX003327,383,2025-07-03 12:09:00,Transfer,UPI,1094.39,Success,Utilities,0
TX003328,466,2025-12-18 09:58:00,Purchase,Debit Card,664.56,Success,Groceries,0
TX003329,169,2025-08-28 07:15:00,Transfer,Net Banking,433.4,Success,Education,0
TX003330,358,2025-01-29 01:08:00,Refund,UPI,2229.51,Success,Healthcare,0
TX003331,206,2025-04-22 09:24:00,Transfer,ATM,2384.41,Failed,Dining,0
TX003332,201,2025-01-09 22:05:00,Withdrawal,UPI,294.75,Success,Dining,0
TX003333,291,2025-10-10 04:26:00,Withdrawal,UPI,4235.95,Success,Groceries,0
TX003334,439,2025-08-15 01:28:00,Bill Payment,UPI,1786.41,Success,Groceries,0
TX003335,430,2025-07-17 16:50:00,Purchase,Net Banking,3603.48,Success,Utilities,0
TX003336,4,2025-02-06 00:41:00,Purchase,UPI,350.44,Success,Education,0
TX003337,487,2025-04-12 03:18:00,Purchase,Credit Card,343.45,Success,Healthcare,0
TX003338,385,2025-10-04 05:10:00,Purchase,Debit Card,966.21,Failed,Dining,0
TX003339,241,2025-06-06 21:43:00,Purchase,UPI,1681.37,Success,Education,0
TX003340,414,2025-07-13 07:33:00,Bill Payment,UPI,5048.8,Success,Education,0
TX003341,181,2025-04-03 23:19:00,Purchase,UPI,1998.53,Success,Dining,0
TX003342,36,2025-10-08 06:57:00,Transfer,Debit Card,892.23,Success,Shopping,0
TX003343,104,2025-07-12 16:57:00,Purchase,Debit Card,458.33,Success,Shopping,0
TX003344,429,2025-04-26 21:09:00,Bill Payment,Net Banking,3119.73,Success,Shopping,0
TX003345,210,2025-03-12 15:04:00,Purchase,Debit Card,482.99,Success,Shopping,0
TX003346,263,2025-08-23 02:30:00,Purchase,UPI,4377.35,Success,Groceries,0
TX003347,277,2025-08-11 15:02:00,Withdrawal,UPI,861.15,Success,Dining,0
TX003348,383,2025-01-26 04:21:00,Purchase,Credit Card,165523.7,Success,Other,1
TX003349,306,2025-06-26 12:10:00,Bill Payment,Net Banking,1952.94,Success,Utilities,0
TX003350,431,2025-04-10 07:12:00,Purchase,UPI,976.09,Success,Education,0
TX003351,313,2025-04-09 09:55:00,Transfer,UPI,705.22,Success,Healthcare,0
TX003352,386,2025-10-08 09:00:00,Purchase,Credit Card,820.76,Success,Groceries,0
TX003353,294,2025-04-28 04:31:00,Transfer,Debit Card,1578.25,Success,Groceries,0
TX003354,455,2025-05-03 14:50:00,Transfer,Debit Card,1170.96,Success,Education,0
TX003355,1,2025-03-03 09:07:00,Withdrawal,UPI,662.0,Success,Groceries,0
TX003356,411,2025-03-26 22:19:00,Bill Payment,UPI,952.62,Failed,Utilities,0
TX003357,171,2025-07-09 12:56:00,Purchase,Net Banking,78681.47,Success,Groceries,1
TX003358,117,2025-02-05 02:05:00,Transfer,UPI,179.57,Success,Education,0
TX003359,236,2025-05-13 00:13:00,Transfer,ATM,1618.8,Success,Education,0
TX003360,378,2025-04-08 07:44:00,Refund,Credit Card,476.87,Success,Utilities,0
TX003361,430,2025-08-09 18:34:00,Purchase,Debit Card,411.44,Success,Dining,0
TX003362,55,2025-07-27 17:33:00,Purchase,UPI,261.32,Success,Education,0
TX003363,16,2025-09-26 06:30:00,Transfer,Credit Card,238.7,Success,Dining,0
TX003364,85,2025-06-17 04:57:00,Purchase,Debit Card,346.5,Success,Other,0
TX003365,99,2025-09-12 18:53:00,Purchase,UPI,600.24,Success,Travel,0
TX003366,191,2025-02-03 14:17:00,Refund,Debit Card,5769.09,Success,Other,0
TX003367,277,2025-07-02 06:46:00,Purchase,Net Banking,701.35,Success,Healthcare,0
TX003368,289,2025-04-24 17:52:00,Purchase,Debit Card,1275.49,Failed,Utilities,0
TX003369,121,2025-02-18 14:41:00,Transfer,UPI,1541.34,Success,Groceries,0
TX003370,78,2025-11-18 19:39:00,Purchase,Debit Card,1225.87,Success,Education,0
TX003371,162,2025-10-27 23:32:00,Purchase,Net Banking,1026.77,Success,Groceries,0
TX003372,344,2025-11-20 12:27:00,Transfer,Net Banking,397.03,Success,Dining,0
TX003373,37,2025-08-17 07:51:00,Withdrawal,UPI,3764.19,Success,Travel,0
TX003374,420,2025-11-16 20:41:00,Bill Payment,Debit Card,5095.52,Success,Shopping,0
TX003375,237,2025-07-07 05:02:00,Purchase,Debit Card,262.37,Success,Dining,0
TX003376,190,2025-07-05 15:49:00,Refund,Credit Card,459.24,Success,Shopping,0
TX003377,259,2025-04-06 23:08:00,Transfer,UPI,864.51,Success,Utilities,0
TX003378,492,2025-01-07 03:37:00,Transfer,UPI,483.06,Success,Travel,0
TX003379,93,2025-02-11 16:39:00,Bill Payment,Net Banking,1685.93,Success,Healthcare,0
TX003380,378,2025-02-02 02:50:00,Transfer,Net Banking,590.5,Success,Education,0
TX003381,434,2025-08-27 17:16:00,Withdrawal,UPI,6907.05,Success,Groceries,0
TX003382,333,2025-10-29 06:58:00,Transfer,Net Banking,3016.84,Success,Groceries,0
TX003383,448,2025-02-13 02:47:00,Purchase,Debit Card,1313.81,Success,Utilities,0
TX003384,199,2025-07-21 10:37:00,Transfer,UPI,2625.27,Success,Education,0
TX003385,339,2025-04-21 14:32:00,Transfer,Debit Card,2807.4,Success,Groceries,0
TX003386,216,2025-06-28 16:56:00,Purchase,Debit Card,679.02,Success,Shopping,0
TX003387,499,2025-03-11 13:03:00,Purchase,Credit Card,123025.76,Success,Travel,1
TX003388,393,2025-03-04 04:32:00,Bill Payment,Credit Card,1171.95,Success,Healthcare,0
TX003389,175,2025-08-19 03:35:00,Purchase,Net Banking,2281.05,Success,Groceries,0
TX003390,184,2025-02-16 05:33:00,Transfer,Debit Card,1234.23,Success,Shopping,0
TX003391,265,2025-04-10 16:55:00,Withdrawal,UPI,287.02,Success,Shopping,0
TX003392,54,2025-12-20 20:13:00,Purchase,UPI,554.24,Failed,Travel,0
TX003393,386,2025-02-25 11:33:00,Bill Payment,ATM,1029.8,Success,Shopping,0
TX003394,206,2025-07-15 01:29:00,Refund,UPI,1028.32,Success,Travel,0
TX003395,381,2025-01-14 15:27:00,Transfer,UPI,5864.43,Success,Groceries,0
TX003396,448,2025-11-18 07:13:00,Purchase,Debit Card,337.62,Success,Dining,0
TX003397,183,2025-06-05 05:31:00,Transfer,UPI,1685.39,Success,Dining,0
TX003398,13,2025-11-30 03:12:00,Withdrawal,UPI,3888.37,Success,Education,0
TX003399,489,2025-04-19 13:23:00,Withdrawal,UPI,7560.8,Success,Healthcare,0
TX003400,246,2025-03-21 14:24:00,Withdrawal,Debit Card,777.64,Success,Other,0
TX003401,188,2025-06-14 22:25:00,Withdrawal,UPI,1665.22,Success,Other,0
TX003402,120,2025-02-08 00:47:00,Transfer,ATM,1779.87,Success,Groceries,0
TX003403,70,2025-07-25 16:28:00,Bill Payment,UPI,1294.86,Success,Dining,0
TX003404,329,2025-03-01 14:14:00,Refund,UPI,1008.26,Success,Healthcare,0
TX003405,36,2025-07-20 05:53:00,Purchase,Credit Card,1588.55,Success,Education,0
TX003406,13,2025-12-11 16:41:00,Transfer,UPI,127.43,Success,Other,0
TX003407,364,2025-04-03 16:47:00,Purchase,Credit Card,1958.16,Success,Healthcare,0
TX003408,279,2025-04-14 04:41:00,Transfer,ATM,1220.79,Success,Travel,0
TX003409,218,2025-01-24 04:06:00,Purchase,UPI,907.68,Success,Travel,0
TX003410,263,2025-08-30 21:39:00,Purchase,Debit Card,6246.85,Success,Dining,0
TX003411,457,2025-12-30 12:26:00,Purchase,Net Banking,617.89,Success,Other,0
TX003412,198,2025-09-12 12:23:00,Bill Payment,Credit Card,778.51,Success,Other,0
TX003413,416,2025-06-13 17:57:00,Purchase,Credit Card,5959.97,Success,Utilities,0
TX003414,275,2025-05-28 11:32:00,Purchase,Debit Card,540.64,Success,Groceries,0
TX003415,416,2025-02-25 04:22:00,Purchase,Net Banking,687.05,Failed,Groceries,0
TX003416,295,2025-09-22 07:57:00,Transfer,UPI,967.8,Success,Shopping,0
TX003417,213,2025-05-18 07:15:00,Transfer,UPI,2240.88,Reversed,Education,0
TX003418,223,2025-12-13 19:28:00,Purchase,UPI,1308.49,Success,Shopping,0
TX003419,143,2025-03-05 07:31:00,Withdrawal,ATM,365.5,Success,Utilities,0
TX003420,69,2025-09-05 14:21:00,Transfer,UPI,697.61,Success,Travel,0
TX003421,461,2025-12-26 22:14:00,Purchase,UPI,654.42,Success,Education,0
TX003422,250,2025-05-11 08:58:00,Transfer,UPI,1026.96,Success,Travel,0
TX003423,168,2025-02-24 12:16:00,Transfer,UPI,1574.93,Success,Groceries,0
TX003424,316,2025-03-01 18:50:00,Purchase,Net Banking,1564.74,Success,Education,0
TX003425,465,2025-05-12 06:03:00,Purchase,UPI,242.35,Success,Groceries,0
TX003426,57,2025-07-20 02:21:00,Purchase,Debit Card,2709.04,Success,Healthcare,0
TX003427,377,2025-11-26 08:28:00,Transfer,Net Banking,1359.24,Success,Utilities,0
TX003428,328,2025-03-08 12:31:00,Transfer,UPI,3557.64,Success,Travel,0
TX003429,153,2025-08-10 07:31:00,Purchase,UPI,1599.7,Success,Healthcare,0
TX003430,2,2025-12-21 04:28:00,Purchase,Net Banking,2796.5,Success,Shopping,0
TX003431,426,2025-12-08 01:48:00,Withdrawal,UPI,1630.37,Success,Education,0
TX003432,247,2025-02-21 05:17:00,Purchase,Net Banking,3443.67,Success,Other,0
TX003433,387,2025-03-29 19:38:00,Bill Payment,UPI,1709.43,Success,Travel,0
TX003434,192,2025-09-07 23:55:00,Transfer,Debit Card,1009.06,Success,Travel,0
TX003435,134,2025-09-11 15:42:00,Withdrawal,Debit Card,7567.13,Success,Healthcare,0
TX003436,110,2025-01-24 03:06:00,Purchase,Credit Card,2334.8,Success,Dining,0
TX003437,125,2025-06-10 11:52:00,Transfer,UPI,1785.91,Success,Healthcare,0
TX003438,258,2025-01-19 18:52:00,Purchase,Credit Card,370.61,Failed,Travel,0
TX003439,160,2025-03-17 01:11:00,Transfer,UPI,366.84,Success,Education,0
TX003440,247,2025-07-14 17:41:00,Purchase,Debit Card,1406.43,Success,Travel,0
TX003441,281,2025-06-16 01:31:00,Purchase,Debit Card,1241.03,Success,Education,0
TX003442,155,2025-02-16 22:07:00,Purchase,Debit Card,650.67,Success,Groceries,0
TX003443,74,2025-11-11 11:20:00,Purchase,Debit Card,1236.25,Success,Travel,0
TX003444,191,2025-12-09 23:53:00,Purchase,Credit Card,4231.59,Success,Groceries,0
TX003445,95,2025-03-13 02:00:00,Purchase,ATM,1980.48,Success,Healthcare,0
TX003446,466,2025-09-11 04:16:00,Purchase,UPI,415.77,Success,Travel,0
TX003447,50,2025-04-16 07:43:00,Withdrawal,UPI,997.47,Success,Healthcare,0
TX003448,39,2025-04-04 05:47:00,Purchase,Debit Card,553.23,Success,Education,0
TX003449,218,2025-11-22 01:43:00,Purchase,Net Banking,788.75,Success,Utilities,0
TX003450,143,2025-01-14 14:26:00,Purchase,UPI,771.57,Success,Utilities,0
TX003451,341,2025-03-06 02:47:00,Purchase,UPI,730.7,Success,Groceries,0
TX003452,436,2025-01-28 11:57:00,Purchase,UPI,377.34,Success,Travel,0
TX003453,99,2025-03-24 22:45:00,Transfer,UPI,983.87,Failed,Travel,0
TX003454,408,2025-03-20 03:52:00,Purchase,Credit Card,680.95,Success,Education,0
TX003455,348,2025-04-14 03:35:00,Purchase,UPI,90.92,Success,Dining,0
TX003456,313,2025-06-11 04:31:00,Purchase,UPI,6279.38,Success,Education,0
TX003457,99,2025-04-08 10:31:00,Purchase,UPI,2766.82,Failed,Shopping,0
TX003458,224,2025-10-01 04:41:00,Transfer,Credit Card,796.43,Success,Shopping,0
TX003459,142,2025-08-29 23:31:00,Transfer,Debit Card,1114.32,Success,Shopping,0
TX003460,183,2025-05-28 08:53:00,Bill Payment,UPI,405.08,Reversed,Education,0
TX003461,190,2025-10-24 09:29:00,Purchase,Net Banking,4634.87,Success,Education,0
TX003462,492,2025-02-27 10:03:00,Purchase,UPI,5501.06,Success,Education,0
TX003463,214,2025-04-20 06:43:00,Purchase,Debit Card,1252.87,Success,Education,0
TX003464,435,2025-07-31 18:08:00,Transfer,UPI,2617.57,Success,Dining,0
TX003465,473,2025-10-06 09:54:00,Purchase,Credit Card,1272.82,Success,Education,0
TX003466,66,2025-10-05 09:29:00,Transfer,Credit Card,352.05,Success,Shopping,0
TX003467,79,2025-04-16 10:52:00,Purchase,Net Banking,772.75,Success,Utilities,0
TX003468,153,2025-02-07 14:16:00,Purchase,UPI,1226.77,Success,Education,0
TX003469,487,2025-03-13 13:10:00,Withdrawal,Debit Card,745.19,Success,Dining,0
TX003470,211,2025-07-19 17:07:00,Purchase,Credit Card,910.64,Success,Education,0
TX003471,402,2025-02-06 20:53:00,Purchase,Debit Card,1014.66,Success,Shopping,0
TX003472,316,2025-08-10 12:26:00,Withdrawal,Credit Card,1023.78,Success,Travel,0
TX003473,182,2025-11-10 06:40:00,Purchase,ATM,1146.44,Success,Shopping,0
TX003474,356,2025-06-18 04:11:00,Purchase,UPI,445.18,Success,Utilities,0
TX003475,195,2025-01-22 10:56:00,Transfer,UPI,596.18,Success,Travel,0
TX003476,141,2025-07-15 06:18:00,Transfer,Net Banking,368.01,Success,Groceries,0
TX003477,285,2025-11-23 07:26:00,Purchase,Credit Card,2517.81,Success,Travel,0
TX003478,147,2025-05-25 23:48:00,Withdrawal,Debit Card,183.13,Success,Education,0
TX003479,95,2025-04-28 17:10:00,Transfer,Net Banking,2923.54,Reversed,Utilities,0
TX003480,199,2025-11-03 17:25:00,Withdrawal,UPI,3563.14,Success,Shopping,0
TX003481,307,2025-02-09 15:26:00,Transfer,Credit Card,848.23,Success,Dining,0
TX003482,6,2025-03-20 08:43:00,Purchase,Debit Card,119.98,Success,Travel,0
TX003483,93,2025-08-22 18:09:00,Purchase,Net Banking,806.65,Success,Travel,0
TX003484,318,2025-05-30 06:37:00,Transfer,Credit Card,1038.41,Success,Shopping,0
TX003485,112,2025-04-30 15:40:00,Purchase,UPI,464.51,Success,Utilities,0
TX003486,180,2025-10-13 21:46:00,Withdrawal,UPI,707.73,Success,Dining,0
TX003487,375,2025-08-02 00:41:00,Purchase,Credit Card,4026.55,Success,Dining,0
TX003488,111,2025-06-23 09:25:00,Bill Payment,UPI,1929.83,Success,Dining,0
TX003489,274,2025-10-17 07:01:00,Purchase,UPI,499.76,Success,Dining,0
TX003490,46,2025-09-23 04:35:00,Purchase,UPI,282.04,Success,Groceries,0
TX003491,38,2025-12-28 21:29:00,Purchase,Debit Card,830.51,Success,Dining,0
TX003492,297,2025-08-27 06:41:00,Withdrawal,Credit Card,914.67,Success,Dining,0
TX003493,336,2025-11-24 07:13:00,Bill Payment,Net Banking,1671.99,Success,Education,0
TX003494,437,2025-06-01 19:44:00,Bill Payment,UPI,695.74,Success,Travel,0
TX003495,449,2025-08-15 01:01:00,Transfer,UPI,1693.88,Failed,Shopping,0
TX003496,133,2025-07-02 18:03:00,Bill Payment,ATM,5680.99,Success,Utilities,0
TX003497,31,2025-03-18 06:53:00,Purchase,UPI,2193.33,Success,Travel,0
TX003498,249,2025-11-01 20:43:00,Bill Payment,Debit Card,1052.71,Success,Groceries,0
TX003499,41,2025-04-28 22:30:00,Withdrawal,UPI,938.54,Success,Other,0
TX003500,60,2025-03-16 00:16:00,Bill Payment,Net Banking,809.83,Success,Groceries,0
TX003501,70,2025-04-21 11:37:00,Bill Payment,Credit Card,195597.42,Success,Travel,1
TX003502,149,2025-02-03 12:02:00,Purchase,Net Banking,643.41,Success,Healthcare,0
TX003503,70,2025-11-27 19:48:00,Transfer,Credit Card,1139.61,Success,Education,0
TX003504,244,2025-11-06 03:50:00,Transfer,Debit Card,1145.41,Success,Travel,0
TX003505,123,2025-07-21 17:52:00,Withdrawal,UPI,715.86,Success,Travel,0
TX003506,337,2025-12-25 22:41:00,Purchase,Net Banking,341.52,Success,Utilities,0
TX003507,61,2025-05-07 19:56:00,Purchase,UPI,1443.07,Success,Healthcare,0
TX003508,112,2025-05-01 16:39:00,Purchase,Debit Card,1041.22,Success,Education,0
TX003509,35,2025-05-29 00:13:00,Transfer,Net Banking,1677.74,Reversed,Utilities,0
TX003510,388,2025-08-27 20:06:00,Transfer,UPI,696.76,Success,Healthcare,0
TX003511,145,2025-06-27 03:36:00,Withdrawal,UPI,3095.48,Success,Dining,0
TX003512,267,2025-07-11 09:44:00,Bill Payment,UPI,520.48,Success,Shopping,0
TX003513,30,2025-01-12 03:36:00,Purchase,Debit Card,4699.61,Success,Education,0
TX003514,232,2025-05-07 15:43:00,Bill Payment,Net Banking,248.27,Success,Dining,0
TX003515,454,2025-02-23 00:39:00,Bill Payment,UPI,1586.93,Success,Utilities,0
TX003516,200,2025-05-28 04:01:00,Purchase,Credit Card,1642.73,Success,Education,0
TX003517,448,2025-01-03 21:51:00,Transfer,Credit Card,557.68,Success,Dining,0
TX003518,57,2025-11-02 09:49:00,Purchase,ATM,1572.99,Success,Education,0
TX003519,441,2025-03-07 13:08:00,Purchase,Net Banking,3253.84,Success,Travel,0
TX003520,449,2025-01-02 20:59:00,Purchase,Debit Card,166.62,Success,Groceries,0
TX003521,345,2025-04-10 00:16:00,Refund,Net Banking,1681.32,Success,Utilities,0
TX003522,4,2025-06-21 17:53:00,Purchase,UPI,131.73,Success,Utilities,0
TX003523,72,2025-03-25 12:15:00,Purchase,UPI,482.6,Success,Groceries,0
TX003524,275,2025-04-12 02:44:00,Transfer,Net Banking,4379.94,Success,Dining,0
TX003525,17,2025-01-01 11:15:00,Purchase,UPI,668.8,Success,Travel,0
TX003526,117,2025-05-16 19:32:00,Bill Payment,UPI,404.32,Success,Groceries,0
TX003527,423,2025-11-07 13:34:00,Bill Payment,UPI,926.81,Success,Other,0
TX003528,475,2025-02-23 00:26:00,Purchase,Debit Card,6359.6,Success,Groceries,0
TX003529,406,2025-12-05 09:55:00,Purchase,UPI,231.15,Success,Other,0
TX003530,285,2025-12-24 00:07:00,Purchase,Credit Card,448.71,Success,Groceries,0
TX003531,436,2025-01-27 12:01:00,Purchase,UPI,3915.96,Success,Healthcare,0
TX003532,125,2025-04-20 16:38:00,Purchase,UPI,5319.03,Success,Travel,0
TX003533,477,2025-08-27 18:20:00,Purchase,Debit Card,1004.34,Success,Utilities,0
TX003534,282,2025-01-14 06:10:00,Purchase,Debit Card,382.53,Success,Shopping,0
TX003535,12,2025-05-21 08:46:00,Purchase,UPI,6512.42,Success,Groceries,0
TX003536,345,2025-12-29 09:49:00,Purchase,Debit Card,4252.56,Success,Travel,0
TX003537,114,2025-10-27 23:24:00,Transfer,Credit Card,1952.97,Success,Shopping,0
TX003538,421,2025-09-20 07:47:00,Purchase,Debit Card,549.75,Success,Healthcare,0
TX003539,491,2025-05-06 10:07:00,Bill Payment,Net Banking,1051.87,Success,Groceries,0
TX003540,279,2025-10-04 13:08:00,Purchase,Debit Card,956.9,Success,Education,0
TX003541,291,2025-08-21 03:43:00,Purchase,UPI,1452.76,Success,Education,0
TX003542,8,2025-05-18 08:34:00,Purchase,UPI,3764.43,Success,Shopping,0
TX003543,232,2025-10-03 07:18:00,Purchase,UPI,2315.79,Success,Utilities,0
TX003544,228,2025-05-31 20:51:00,Purchase,UPI,438.88,Success,Groceries,0
TX003545,72,2025-05-11 05:45:00,Purchase,UPI,3533.42,Success,Education,0
TX003546,316,2025-08-12 11:17:00,Purchase,Debit Card,1431.05,Success,Other,0
TX003547,397,2025-11-01 20:59:00,Transfer,Net Banking,1966.49,Success,Groceries,0
TX003548,273,2025-04-13 16:00:00,Transfer,UPI,3814.48,Success,Shopping,0
TX003549,155,2025-07-06 12:24:00,Purchase,UPI,426.31,Success,Dining,0
TX003550,57,2025-09-20 04:44:00,Purchase,UPI,1063.74,Success,Healthcare,0
TX003551,274,2025-05-04 01:48:00,Purchase,UPI,698.03,Success,Education,0
TX003552,90,2025-10-31 16:26:00,Transfer,Net Banking,91632.56,Success,Groceries,1
TX003553,123,2025-12-29 21:43:00,Withdrawal,UPI,1472.48,Success,Dining,0
TX003554,184,2025-03-08 00:04:00,Bill Payment,Net Banking,9272.64,Success,Utilities,0
TX003555,269,2025-05-21 20:33:00,Purchase,UPI,229.51,Success,Education,0
TX003556,201,2025-03-08 22:15:00,Bill Payment,Credit Card,1066.95,Success,Travel,0
TX003557,249,2025-04-18 14:02:00,Bill Payment,Debit Card,1890.24,Success,Travel,0
TX003558,209,2025-06-18 22:35:00,Transfer,Credit Card,1217.58,Success,Shopping,0
TX003559,303,2025-03-06 02:43:00,Bill Payment,UPI,996.09,Success,Groceries,0
TX003560,203,2025-03-22 13:40:00,Refund,Net Banking,363.46,Failed,Travel,0
TX003561,430,2025-03-25 23:15:00,Transfer,Debit Card,1336.58,Success,Healthcare,0
TX003562,4,2025-03-09 08:05:00,Purchase,UPI,576.37,Success,Shopping,0
TX003563,330,2025-03-30 15:53:00,Purchase,Debit Card,170.47,Success,Groceries,0
TX003564,2,2025-01-22 03:59:00,Transfer,UPI,3027.23,Success,Travel,0
TX003565,193,2025-02-23 05:43:00,Purchase,UPI,2476.57,Success,Other,0
TX003566,33,2025-07-07 04:28:00,Withdrawal,UPI,1145.86,Success,Other,0
TX003567,297,2025-12-30 04:17:00,Transfer,Net Banking,1332.37,Success,Healthcare,0
TX003568,373,2025-10-20 15:43:00,Refund,UPI,2733.04,Failed,Other,0
TX003569,239,2025-11-30 12:33:00,Withdrawal,Credit Card,1327.02,Success,Other,0
TX003570,376,2025-04-15 20:03:00,Bill Payment,UPI,2364.72,Success,Dining,0
TX003571,484,2025-10-03 14:12:00,Purchase,Credit Card,851.62,Success,Travel,0
TX003572,344,2025-06-14 08:02:00,Refund,UPI,3344.88,Success,Groceries,0
TX003573,177,2025-03-06 08:51:00,Transfer,Debit Card,1440.39,Success,Groceries,0
TX003574,402,2025-07-29 12:47:00,Purchase,UPI,1293.29,Success,Groceries,0
TX003575,209,2025-08-30 02:13:00,Purchase,Credit Card,372.58,Success,Travel,0
TX003576,346,2025-02-11 11:04:00,Purchase,Debit Card,1399.56,Success,Education,0
TX003577,323,2025-10-28 16:52:00,Transfer,UPI,540.69,Success,Shopping,0
TX003578,351,2025-06-27 01:18:00,Purchase,UPI,637.44,Success,Education,0
TX003579,420,2025-08-20 11:20:00,Transfer,UPI,548.36,Success,Other,0
TX003580,43,2025-01-31 06:22:00,Purchase,UPI,443.06,Success,Groceries,0
TX003581,481,2025-09-29 18:38:00,Purchase,Net Banking,6674.54,Success,Utilities,0
TX003582,448,2025-03-30 13:53:00,Withdrawal,UPI,3400.37,Success,Education,0
TX003583,195,2025-08-12 01:01:00,Purchase,ATM,5610.04,Success,Dining,0
TX003584,53,2025-06-28 17:27:00,Transfer,UPI,387.82,Success,Travel,0
TX003585,452,2025-12-25 18:50:00,Purchase,UPI,1165.1,Success,Travel,0
TX003586,399,2025-04-11 01:09:00,Transfer,UPI,365.23,Success,Education,0
TX003587,202,2025-04-17 14:50:00,Purchase,UPI,607.08,Success,Healthcare,0
TX003588,33,2025-10-21 06:24:00,Purchase,UPI,502.5,Failed,Shopping,0
TX003589,493,2025-10-22 02:39:00,Bill Payment,Debit Card,3145.24,Success,Healthcare,0
TX003590,477,2025-10-01 13:34:00,Purchase,Debit Card,783.06,Success,Dining,0
TX003591,302,2025-06-05 01:13:00,Purchase,UPI,2719.28,Success,Healthcare,0
TX003592,426,2025-02-13 19:19:00,Purchase,UPI,1832.62,Success,Education,0
TX003593,297,2025-02-17 04:34:00,Refund,UPI,7770.52,Success,Travel,0
TX003594,74,2025-10-25 23:29:00,Transfer,Net Banking,311.83,Success,Education,0
TX003595,365,2025-06-29 04:49:00,Purchase,ATM,3198.22,Success,Other,0
TX003596,300,2025-10-11 03:00:00,Purchase,Credit Card,2905.83,Success,Utilities,0
TX003597,295,2025-02-10 03:21:00,Purchase,Net Banking,479.44,Success,Utilities,0
TX003598,76,2025-10-14 16:35:00,Purchase,Net Banking,2581.34,Reversed,Groceries,0
TX003599,147,2025-11-28 13:53:00,Purchase,Debit Card,1459.32,Success,Utilities,0
TX003600,192,2025-02-12 07:31:00,Bill Payment,UPI,903.83,Success,Shopping,0
TX003601,118,2025-08-25 13:25:00,Transfer,UPI,544.38,Success,Utilities,0
TX003602,397,2025-03-30 11:30:00,Purchase,Debit Card,595.12,Success,Dining,0
TX003603,163,2025-01-24 07:30:00,Withdrawal,UPI,6262.53,Success,Groceries,0
TX003604,203,2025-03-13 18:33:00,Purchase,UPI,1097.27,Success,Education,0
TX003605,103,2025-01-02 13:57:00,Purchase,ATM,2131.99,Success,Groceries,0
TX003606,421,2025-12-12 13:47:00,Bill Payment,Net Banking,559.89,Success,Dining,0
TX003607,65,2025-05-22 03:45:00,Withdrawal,Net Banking,565.17,Success,Shopping,0
TX003608,217,2025-11-06 03:40:00,Transfer,Debit Card,2750.91,Success,Utilities,0
TX003609,481,2025-12-22 19:53:00,Transfer,Debit Card,348.23,Success,Travel,0
TX003610,358,2025-03-17 07:26:00,Purchase,Net Banking,770.52,Success,Dining,0
TX003611,457,2025-06-08 07:54:00,Bill Payment,Debit Card,1128.81,Reversed,Education,0
TX003612,144,2025-07-26 21:31:00,Withdrawal,UPI,1205.52,Success,Healthcare,0
TX003613,391,2025-11-12 17:24:00,Purchase,Debit Card,941.78,Success,Groceries,0
TX003614,40,2025-02-09 10:10:00,Bill Payment,UPI,1535.25,Success,Groceries,0
TX003615,277,2025-11-16 14:06:00,Purchase,ATM,1976.19,Success,Groceries,0
TX003616,147,2025-04-03 22:40:00,Transfer,UPI,2047.64,Success,Healthcare,0
TX003617,208,2025-05-21 03:50:00,Bill Payment,UPI,474.41,Success,Shopping,0
TX003618,268,2025-08-19 22:38:00,Transfer,UPI,861.32,Success,Other,0
TX003619,164,2025-05-09 06:07:00,Transfer,UPI,3027.67,Success,Education,0
TX003620,265,2025-12-06 02:40:00,Purchase,UPI,2345.96,Success,Other,0
TX003621,282,2025-04-06 11:41:00,Purchase,ATM,341.41,Success,Other,0
TX003622,405,2025-11-29 00:16:00,Transfer,UPI,1478.46,Success,Shopping,0
TX003623,248,2025-09-13 11:46:00,Purchase,UPI,204.08,Success,Education,0
TX003624,410,2025-07-08 08:45:00,Refund,UPI,1141.27,Success,Education,0
TX003625,225,2025-05-10 16:56:00,Transfer,Credit Card,5503.29,Success,Education,0
TX003626,34,2025-06-23 11:38:00,Bill Payment,Credit Card,489.94,Success,Shopping,0
TX003627,192,2025-03-11 00:40:00,Purchase,Debit Card,539.6,Success,Healthcare,0
TX003628,226,2025-09-14 21:31:00,Purchase,UPI,2099.44,Success,Shopping,0
TX003629,297,2025-08-27 21:22:00,Transfer,Credit Card,295.49,Success,Education,0
TX003630,338,2025-02-21 17:02:00,Purchase,Net Banking,640.44,Success,Groceries,0
TX003631,35,2025-09-06 01:27:00,Purchase,Net Banking,1820.7,Success,Other,0
TX003632,310,2025-11-13 09:29:00,Purchase,Net Banking,639.61,Success,Healthcare,0
TX003633,105,2025-02-27 09:02:00,Bill Payment,Debit Card,897.33,Success,Shopping,0
TX003634,131,2025-04-26 06:58:00,Purchase,UPI,2064.32,Success,Healthcare,0
TX003635,65,2025-11-15 12:00:00,Transfer,ATM,1569.19,Failed,Groceries,0
TX003636,412,2025-07-18 04:45:00,Transfer,UPI,1375.81,Success,Other,0
TX003637,65,2025-11-19 13:59:00,Withdrawal,UPI,822.0,Success,Utilities,0
TX003638,487,2025-06-26 03:20:00,Withdrawal,Debit Card,1502.0,Failed,Travel,0
TX003639,62,2025-11-16 23:14:00,Withdrawal,UPI,987.16,Success,Other,0
TX003640,335,2025-07-03 11:37:00,Bill Payment,UPI,1618.31,Success,Other,0
TX003641,465,2025-01-31 04:46:00,Purchase,UPI,718.82,Success,Utilities,0
TX003642,100,2025-04-18 11:31:00,Transfer,Debit Card,939.0,Failed,Healthcare,0
TX003643,379,2025-08-28 19:20:00,Transfer,Net Banking,472.74,Reversed,Travel,0
TX003644,388,2025-08-14 09:17:00,Bill Payment,Net Banking,1064.48,Failed,Other,0
TX003645,56,2025-05-17 23:16:00,Purchase,Debit Card,550.4,Success,Other,0
TX003646,209,2025-04-18 18:26:00,Purchase,Debit Card,425.41,Success,Shopping,0
TX003647,100,2025-04-15 16:50:00,Withdrawal,UPI,1366.3,Success,Utilities,0
TX003648,480,2025-10-28 01:16:00,Bill Payment,ATM,1314.0,Success,Healthcare,0
TX003649,101,2025-10-12 02:38:00,Transfer,UPI,2133.34,Success,Travel,0
TX003650,297,2025-01-28 15:33:00,Withdrawal,UPI,760.17,Success,Groceries,0
TX003651,186,2025-09-10 09:58:00,Purchase,Credit Card,1551.29,Success,Healthcare,0
TX003652,253,2025-10-15 02:48:00,Transfer,UPI,1751.41,Success,Travel,0
TX003653,23,2025-01-26 05:03:00,Purchase,Net Banking,1600.48,Success,Groceries,0
TX003654,69,2025-05-27 02:50:00,Purchase,Debit Card,543.59,Success,Other,0
TX003655,466,2025-05-03 10:19:00,Transfer,Net Banking,1245.08,Success,Healthcare,0
TX003656,148,2025-07-04 19:28:00,Transfer,UPI,1494.46,Success,Utilities,0
TX003657,56,2025-04-14 06:54:00,Transfer,Debit Card,1103.34,Success,Shopping,0
TX003658,497,2025-11-23 07:31:00,Withdrawal,ATM,186.14,Success,Dining,0
TX003659,348,2025-10-30 19:58:00,Purchase,UPI,1256.92,Success,Other,0
TX003660,355,2025-02-20 12:03:00,Withdrawal,UPI,7191.47,Success,Utilities,0
TX003661,159,2025-05-24 00:44:00,Transfer,UPI,807.52,Success,Other,0
TX003662,343,2025-02-16 19:09:00,Purchase,UPI,590.6,Success,Utilities,0
TX003663,11,2025-07-18 19:55:00,Purchase,UPI,1506.2,Success,Groceries,0
TX003664,164,2025-02-01 07:37:00,Transfer,Debit Card,1430.13,Success,Utilities,0
TX003665,254,2025-11-16 10:56:00,Purchase,ATM,3022.46,Success,Shopping,0
TX003666,121,2025-04-27 14:32:00,Bill Payment,Net Banking,376.46,Success,Shopping,0
TX003667,416,2025-01-05 16:24:00,Purchase,UPI,2041.98,Success,Shopping,0
TX003668,34,2025-07-21 08:34:00,Purchase,UPI,191076.86,Success,Groceries,1
TX003669,89,2025-07-11 18:36:00,Transfer,ATM,971.82,Failed,Travel,0
TX003670,172,2025-07-17 23:24:00,Bill Payment,Debit Card,1462.47,Success,Shopping,0
TX003671,26,2025-12-03 05:20:00,Purchase,UPI,2630.79,Success,Shopping,0
TX003672,395,2025-06-02 00:01:00,Purchase,Debit Card,2301.85,Success,Travel,0
TX003673,72,2025-12-25 15:27:00,Purchase,Debit Card,415.06,Success,Dining,0
TX003674,400,2025-06-17 01:36:00,Bill Payment,ATM,2202.03,Success,Healthcare,0
TX003675,467,2025-09-19 08:17:00,Purchase,ATM,1037.96,Success,Healthcare,0
TX003676,349,2025-07-19 16:41:00,Bill Payment,Credit Card,1166.71,Success,Education,0
TX003677,255,2025-12-05 13:18:00,Purchase,UPI,1167.03,Failed,Travel,0
TX003678,286,2025-08-01 19:41:00,Refund,Credit Card,965.16,Success,Shopping,0
TX003679,243,2025-12-30 14:45:00,Purchase,Net Banking,3019.82,Success,Travel,0
TX003680,208,2025-10-23 17:56:00,Transfer,Debit Card,1021.31,Success,Other,0
TX003681,204,2025-11-13 15:50:00,Bill Payment,Credit Card,423.43,Failed,Education,0
TX003682,475,2025-03-27 23:50:00,Purchase,Debit Card,784.86,Success,Travel,0
TX003683,374,2025-08-27 09:12:00,Purchase,Net Banking,1276.52,Success,Education,0
TX003684,89,2025-08-04 14:03:00,Purchase,UPI,3117.64,Success,Groceries,0
TX003685,292,2025-09-12 14:01:00,Transfer,UPI,1831.02,Failed,Healthcare,0
TX003686,87,2025-03-10 04:18:00,Transfer,Debit Card,532.21,Success,Groceries,0
TX003687,238,2025-04-17 02:35:00,Transfer,UPI,9067.13,Success,Utilities,0
TX003688,166,2025-05-05 07:11:00,Transfer,Debit Card,1373.42,Success,Other,0
TX003689,195,2025-04-18 21:51:00,Purchase,Net Banking,3242.44,Success,Groceries,0
TX003690,163,2025-01-11 16:15:00,Bill Payment,Net Banking,963.95,Success,Other,0
TX003691,56,2025-11-21 17:54:00,Bill Payment,UPI,1725.64,Success,Travel,0
TX003692,489,2025-10-27 15:10:00,Purchase,ATM,2238.47,Success,Healthcare,0
TX003693,411,2025-02-03 19:00:00,Transfer,UPI,3088.58,Success,Dining,0
TX003694,270,2025-06-06 00:33:00,Purchase,Net Banking,2693.95,Success,Utilities,0
TX003695,135,2025-04-09 05:17:00,Transfer,Debit Card,2301.62,Success,Other,0
TX003696,179,2025-08-21 19:37:00,Transfer,UPI,838.97,Success,Utilities,0
TX003697,302,2025-03-13 10:13:00,Purchase,UPI,674.53,Success,Groceries,0
TX003698,33,2025-08-23 09:08:00,Transfer,Net Banking,1454.93,Success,Groceries,0
TX003699,206,2025-08-29 20:51:00,Transfer,UPI,2423.96,Success,Shopping,0
TX003700,209,2025-08-09 04:11:00,Purchase,UPI,907.49,Success,Groceries,0
TX003701,7,2025-10-12 21:13:00,Bill Payment,Debit Card,2711.88,Success,Dining,0
TX003702,403,2025-03-04 21:36:00,Bill Payment,Credit Card,3769.6,Success,Other,0
TX003703,187,2025-03-29 02:19:00,Transfer,Net Banking,503.27,Reversed,Healthcare,0
TX003704,254,2025-11-18 21:38:00,Withdrawal,UPI,538.41,Success,Education,0
TX003705,485,2025-08-30 12:23:00,Bill Payment,UPI,973.29,Success,Other,0
TX003706,131,2025-01-19 02:16:00,Withdrawal,Debit Card,1424.35,Success,Dining,0
TX003707,130,2025-12-09 03:36:00,Purchase,UPI,702.13,Success,Education,0
TX003708,459,2025-07-19 20:59:00,Refund,Credit Card,3461.21,Success,Shopping,0
TX003709,342,2025-09-30 04:05:00,Bill Payment,Debit Card,1572.55,Success,Shopping,0
TX003710,339,2025-12-09 03:54:00,Bill Payment,Credit Card,1134.03,Success,Education,0
TX003711,427,2025-06-30 01:12:00,Purchase,ATM,323.59,Success,Shopping,0
TX003712,79,2025-01-11 16:00:00,Bill Payment,Net Banking,358.37,Success,Groceries,0
TX003713,474,2025-07-04 22:01:00,Bill Payment,UPI,1392.5,Success,Education,0
TX003714,395,2025-10-20 19:02:00,Transfer,UPI,178.98,Success,Shopping,0
TX003715,447,2025-12-22 03:08:00,Withdrawal,ATM,2593.44,Success,Groceries,0
TX003716,183,2025-01-09 15:47:00,Withdrawal,Net Banking,958.69,Success,Groceries,0
TX003717,306,2025-03-05 16:01:00,Transfer,UPI,17268.32,Success,Groceries,0
TX003718,235,2025-03-13 18:03:00,Purchase,Net Banking,7798.83,Success,Groceries,0
TX003719,357,2025-06-20 04:33:00,Purchase,Net Banking,939.9,Success,Healthcare,0
TX003720,139,2025-08-20 04:09:00,Withdrawal,UPI,1001.86,Success,Shopping,0
TX003721,288,2025-12-03 22:03:00,Purchase,UPI,2556.12,Reversed,Travel,0
TX003722,182,2025-01-14 23:59:00,Transfer,Credit Card,4664.32,Success,Healthcare,0
TX003723,12,2025-08-28 13:06:00,Purchase,Debit Card,272.51,Success,Travel,0
TX003724,72,2025-11-27 21:42:00,Transfer,UPI,240.23,Success,Shopping,0
TX003725,423,2025-03-23 11:34:00,Withdrawal,Debit Card,646.3,Success,Travel,0
TX003726,409,2025-09-20 17:00:00,Withdrawal,UPI,1799.61,Success,Groceries,0
TX003727,141,2025-12-28 19:35:00,Bill Payment,UPI,1672.95,Success,Dining,0
TX003728,77,2025-07-20 17:51:00,Purchase,Credit Card,2722.5,Success,Healthcare,0
TX003729,57,2025-09-09 21:55:00,Purchase,UPI,395.54,Success,Healthcare,0
TX003730,179,2025-04-17 12:23:00,Purchase,UPI,153.13,Success,Groceries,0
TX003731,409,2025-08-08 18:35:00,Bill Payment,Debit Card,2274.04,Success,Travel,0
TX003732,245,2025-08-31 07:46:00,Bill Payment,UPI,542.42,Success,Shopping,0
TX003733,353,2025-06-15 04:58:00,Transfer,ATM,197.21,Success,Travel,0
TX003734,213,2025-06-15 21:20:00,Purchase,UPI,1240.54,Reversed,Utilities,0
TX003735,434,2025-02-01 15:04:00,Transfer,Net Banking,2152.1,Success,Utilities,0
TX003736,390,2025-06-04 21:13:00,Purchase,UPI,988.56,Success,Dining,0
TX003737,270,2025-02-13 03:42:00,Transfer,Net Banking,743.1,Success,Groceries,0
TX003738,218,2025-07-27 21:38:00,Purchase,Debit Card,957.71,Success,Shopping,0
TX003739,473,2025-08-14 04:14:00,Transfer,ATM,800.31,Success,Groceries,0
TX003740,160,2025-05-03 04:24:00,Purchase,UPI,348.68,Success,Utilities,0
TX003741,470,2025-10-26 21:02:00,Purchase,Credit Card,597.36,Success,Travel,0
TX003742,486,2025-03-05 01:49:00,Bill Payment,UPI,1708.02,Success,Groceries,0
TX003743,158,2025-07-02 19:15:00,Purchase,ATM,1441.48,Success,Groceries,0
TX003744,75,2025-05-15 10:58:00,Transfer,UPI,1265.03,Success,Utilities,0
TX003745,284,2025-03-05 23:19:00,Withdrawal,UPI,470.65,Success,Healthcare,0
TX003746,393,2025-05-16 02:35:00,Purchase,Debit Card,939.85,Success,Healthcare,0
TX003747,150,2025-08-03 23:36:00,Purchase,UPI,172.34,Success,Shopping,0
TX003748,332,2025-04-19 22:03:00,Purchase,Net Banking,1276.28,Success,Travel,0
TX003749,454,2025-01-14 21:13:00,Transfer,Net Banking,3694.24,Success,Other,0
TX003750,61,2025-09-04 22:14:00,Transfer,UPI,313.25,Success,Travel,0
TX003751,486,2025-09-03 02:02:00,Bill Payment,Debit Card,666.45,Success,Healthcare,0
TX003752,415,2025-01-24 09:15:00,Bill Payment,UPI,1450.61,Success,Education,0
TX003753,73,2025-09-07 12:18:00,Transfer,Credit Card,3180.89,Success,Utilities,0
TX003754,81,2025-02-05 15:54:00,Transfer,UPI,749.2,Success,Healthcare,0
TX003755,227,2025-03-21 07:26:00,Transfer,UPI,608.86,Success,Healthcare,0
TX003756,71,2025-07-25 15:59:00,Transfer,Debit Card,146520.4,Success,Travel,1
TX003757,192,2025-11-11 08:24:00,Purchase,UPI,1197.42,Success,Utilities,0
TX003758,4,2025-02-17 16:06:00,Withdrawal,UPI,6221.49,Success,Other,0
TX003759,285,2025-08-12 03:45:00,Purchase,UPI,1388.19,Success,Groceries,0
TX003760,88,2025-08-05 10:20:00,Purchase,UPI,1076.06,Success,Groceries,0
TX003761,140,2025-01-04 02:21:00,Transfer,Credit Card,1441.98,Success,Other,0
TX003762,348,2025-05-07 16:44:00,Purchase,UPI,1086.34,Success,Education,0
TX003763,278,2025-07-03 20:39:00,Purchase,UPI,549.46,Success,Utilities,0
TX003764,229,2025-03-04 19:31:00,Purchase,Net Banking,2207.88,Success,Dining,0
TX003765,193,2025-01-22 21:13:00,Purchase,UPI,1328.62,Success,Utilities,0
TX003766,186,2025-10-17 20:22:00,Purchase,UPI,1113.17,Success,Travel,0
TX003767,452,2025-10-01 21:21:00,Transfer,Debit Card,478.64,Success,Shopping,0
TX003768,213,2025-11-03 05:36:00,Purchase,Debit Card,3320.87,Success,Other,0
TX003769,126,2025-09-26 19:11:00,Purchase,UPI,1929.46,Success,Dining,0
TX003770,332,2025-06-26 23:32:00,Purchase,UPI,685.41,Success,Travel,0
TX003771,132,2025-09-12 09:45:00,Withdrawal,Net Banking,2569.72,Success,Other,0
TX003772,59,2025-06-07 21:44:00,Purchase,Debit Card,718.43,Success,Healthcare,0
TX003773,54,2025-03-07 15:30:00,Purchase,UPI,564.14,Success,Travel,0
TX003774,319,2025-04-07 10:07:00,Withdrawal,UPI,574.93,Success,Other,0
TX003775,73,2025-08-13 13:59:00,Purchase,UPI,243.37,Success,Other,0
TX003776,220,2025-07-01 12:06:00,Purchase,UPI,1637.31,Success,Education,0
TX003777,385,2025-02-21 11:16:00,Bill Payment,UPI,231.26,Success,Education,0
TX003778,392,2025-10-29 21:29:00,Purchase,Net Banking,385.99,Failed,Healthcare,0
TX003779,187,2025-06-30 00:17:00,Purchase,UPI,187.87,Success,Other,0
TX003780,383,2025-04-15 07:26:00,Bill Payment,UPI,1019.27,Success,Dining,0
TX003781,342,2025-05-19 15:18:00,Bill Payment,UPI,965.1,Success,Utilities,0
TX003782,254,2025-06-04 11:15:00,Purchase,UPI,830.73,Success,Travel,0
TX003783,413,2025-06-16 10:00:00,Purchase,UPI,452.06,Success,Travel,0
TX003784,192,2025-03-09 13:31:00,Purchase,UPI,404.88,Reversed,Education,0
TX003785,107,2025-11-20 00:15:00,Bill Payment,UPI,1627.36,Success,Healthcare,0
TX003786,194,2025-07-16 02:46:00,Refund,UPI,686.79,Success,Groceries,0
TX003787,111,2025-05-18 09:48:00,Transfer,Net Banking,1434.98,Success,Shopping,0
TX003788,250,2025-09-06 15:22:00,Transfer,Debit Card,516.74,Success,Travel,0
TX003789,392,2025-05-06 10:25:00,Transfer,UPI,1279.09,Success,Travel,0
TX003790,339,2025-08-23 10:02:00,Purchase,ATM,3320.22,Success,Dining,0
TX003791,33,2025-01-16 21:41:00,Bill Payment,UPI,1804.86,Success,Travel,0
TX003792,42,2025-07-17 18:41:00,Transfer,UPI,772.36,Success,Shopping,0
TX003793,11,2025-02-01 20:37:00,Transfer,UPI,1364.6,Reversed,Education,0
TX003794,334,2025-01-20 10:51:00,Bill Payment,Debit Card,893.76,Success,Dining,0
TX003795,427,2025-07-29 21:58:00,Transfer,UPI,1104.0,Success,Groceries,0
TX003796,162,2025-02-28 16:50:00,Bill Payment,UPI,831.5,Success,Education,0
TX003797,405,2025-05-03 05:50:00,Refund,UPI,953.67,Success,Travel,0
TX003798,482,2025-11-21 13:02:00,Bill Payment,UPI,1313.28,Success,Healthcare,0
TX003799,209,2025-11-10 16:31:00,Purchase,ATM,471.37,Success,Other,0
TX003800,490,2025-05-14 10:43:00,Bill Payment,UPI,462.43,Success,Education,0
TX003801,53,2025-06-02 09:22:00,Transfer,Debit Card,336.88,Success,Travel,0
TX003802,46,2025-07-28 23:19:00,Bill Payment,UPI,281.4,Success,Groceries,0
TX003803,201,2025-07-13 02:43:00,Refund,UPI,389.67,Success,Groceries,0
TX003804,256,2025-01-28 23:36:00,Purchase,Debit Card,1255.82,Success,Utilities,0
TX003805,59,2025-05-22 15:17:00,Purchase,ATM,513.44,Success,Shopping,0
TX003806,40,2025-06-21 04:43:00,Transfer,Debit Card,1696.92,Success,Groceries,0
TX003807,159,2025-09-08 22:43:00,Transfer,UPI,1129.47,Success,Healthcare,0
TX003808,384,2025-04-18 17:12:00,Purchase,Net Banking,205.77,Success,Education,0
TX003809,463,2025-12-19 07:46:00,Bill Payment,UPI,1913.58,Success,Travel,0
TX003810,79,2025-06-25 10:17:00,Bill Payment,ATM,2184.58,Success,Utilities,0
TX003811,467,2025-04-28 07:02:00,Withdrawal,Net Banking,471.17,Success,Travel,0
TX003812,427,2025-08-07 12:37:00,Withdrawal,UPI,1567.38,Success,Dining,0
TX003813,427,2025-06-29 16:32:00,Bill Payment,Net Banking,529.52,Success,Utilities,0
TX003814,362,2025-03-10 09:37:00,Purchase,UPI,1191.56,Success,Dining,0
TX003815,184,2025-04-05 00:15:00,Purchase,UPI,374.34,Success,Shopping,0
TX003816,49,2025-04-25 07:20:00,Purchase,Net Banking,238.86,Success,Other,0
TX003817,307,2025-05-26 14:45:00,Transfer,Credit Card,792.03,Success,Education,0
TX003818,357,2025-08-29 21:09:00,Purchase,Net Banking,987.16,Success,Dining,0
TX003819,469,2025-09-23 13:25:00,Purchase,ATM,782.09,Success,Travel,0
TX003820,236,2025-06-26 00:29:00,Transfer,Net Banking,400.84,Failed,Travel,0
TX003821,215,2025-05-26 19:16:00,Transfer,UPI,780.62,Failed,Other,0
TX003822,99,2025-12-07 04:05:00,Purchase,UPI,1378.71,Success,Shopping,0
TX003823,362,2025-04-17 22:41:00,Refund,Credit Card,1055.58,Success,Utilities,0
TX003824,331,2025-03-04 03:54:00,Withdrawal,ATM,1280.65,Success,Shopping,0
TX003825,416,2025-10-22 16:27:00,Purchase,Credit Card,620.42,Success,Education,0
TX003826,161,2025-04-23 08:04:00,Bill Payment,UPI,2968.94,Success,Dining,0
TX003827,149,2025-04-08 17:47:00,Purchase,Credit Card,403.53,Success,Utilities,0
TX003828,343,2025-12-25 17:14:00,Transfer,UPI,1659.76,Success,Healthcare,0
TX003829,4,2025-09-12 00:39:00,Transfer,UPI,2994.72,Success,Travel,0
TX003830,61,2025-09-01 07:45:00,Withdrawal,UPI,1650.4,Success,Dining,0
TX003831,5,2025-08-12 01:45:00,Withdrawal,UPI,923.21,Success,Travel,0
TX003832,460,2025-03-12 02:16:00,Transfer,UPI,699.91,Success,Healthcare,0
TX003833,48,2025-09-07 04:10:00,Transfer,UPI,2645.66,Success,Travel,0
TX003834,342,2025-11-25 08:12:00,Bill Payment,UPI,327.17,Success,Healthcare,0
TX003835,316,2025-04-08 06:32:00,Purchase,Debit Card,480.77,Success,Utilities,0
TX003836,124,2025-06-24 20:47:00,Purchase,UPI,782.17,Failed,Education,0
TX003837,308,2025-03-05 02:02:00,Withdrawal,Debit Card,3140.09,Success,Travel,0
TX003838,292,2025-04-02 00:57:00,Purchase,UPI,1514.44,Success,Shopping,0
TX003839,312,2025-09-04 10:01:00,Purchase,Debit Card,481.62,Success,Utilities,0
TX003840,144,2025-08-27 00:09:00,Transfer,UPI,113695.98,Success,Shopping,1
TX003841,139,2025-05-30 07:36:00,Purchase,Net Banking,650.55,Success,Shopping,0
TX003842,488,2025-03-28 16:48:00,Purchase,Debit Card,599.85,Failed,Education,0
TX003843,224,2025-11-25 14:25:00,Transfer,Credit Card,2520.11,Success,Healthcare,0
TX003844,416,2025-04-15 20:19:00,Purchase,UPI,341.73,Success,Utilities,0
TX003845,284,2025-05-01 01:34:00,Purchase,UPI,4304.7,Success,Groceries,0
TX003846,296,2025-11-10 19:59:00,Purchase,ATM,2217.19,Success,Healthcare,0
TX003847,312,2025-04-10 00:35:00,Bill Payment,ATM,2771.75,Success,Shopping,0
TX003848,292,2025-06-05 10:29:00,Withdrawal,Debit Card,739.89,Success,Shopping,0
TX003849,166,2025-08-07 19:05:00,Purchase,Net Banking,965.41,Success,Other,0
TX003850,64,2025-10-20 04:56:00,Transfer,UPI,324.35,Success,Healthcare,0
TX003851,141,2025-02-19 15:39:00,Transfer,ATM,702.07,Success,Dining,0
TX003852,379,2025-09-23 16:26:00,Transfer,UPI,1668.38,Failed,Education,0
TX003853,231,2025-08-03 11:08:00,Transfer,Debit Card,3299.92,Success,Travel,0
TX003854,235,2025-09-12 23:08:00,Bill Payment,Debit Card,427.91,Success,Education,0
TX003855,300,2025-01-19 17:55:00,Purchase,UPI,803.78,Success,Groceries,0
TX003856,494,2025-10-04 05:46:00,Purchase,Debit Card,964.29,Failed,Other,0
TX003857,53,2025-05-03 14:19:00,Purchase,Net Banking,334.82,Success,Groceries,0
TX003858,335,2025-05-04 07:39:00,Purchase,Credit Card,1812.83,Success,Travel,0
TX003859,197,2025-06-28 21:52:00,Transfer,UPI,592.65,Success,Shopping,0
TX003860,146,2025-09-10 18:50:00,Purchase,ATM,928.82,Success,Education,0
TX003861,295,2025-07-08 06:41:00,Purchase,Net Banking,746.83,Success,Groceries,0
TX003862,331,2025-05-03 00:21:00,Withdrawal,UPI,560.63,Success,Shopping,0
TX003863,249,2025-05-05 22:32:00,Purchase,UPI,1090.09,Success,Utilities,0
TX003864,408,2025-07-24 06:00:00,Purchase,Debit Card,913.0,Success,Healthcare,0
TX003865,411,2025-06-12 06:36:00,Purchase,ATM,799.45,Success,Shopping,0
TX003866,276,2025-04-28 20:45:00,Bill Payment,ATM,590.4,Success,Education,0
TX003867,448,2025-10-30 12:42:00,Purchase,ATM,1438.84,Success,Shopping,0
TX003868,265,2025-08-24 12:02:00,Purchase,UPI,4471.93,Success,Groceries,0
TX003869,344,2025-05-21 07:20:00,Purchase,Debit Card,1235.1,Success,Travel,0
TX003870,12,2025-10-08 06:26:00,Purchase,Credit Card,2557.28,Success,Healthcare,0
TX003871,44,2025-12-19 00:21:00,Withdrawal,Debit Card,94091.88,Success,Healthcare,1
TX003872,76,2025-11-27 01:33:00,Bill Payment,Credit Card,1254.0,Success,Other,0
TX003873,25,2025-11-21 14:20:00,Purchase,UPI,431.49,Failed,Education,0
TX003874,111,2025-04-03 09:07:00,Purchase,UPI,312.5,Success,Education,0
TX003875,383,2025-09-26 23:17:00,Withdrawal,UPI,584.95,Success,Utilities,0
TX003876,101,2025-03-22 22:55:00,Purchase,Credit Card,3020.31,Success,Groceries,0
TX003877,230,2025-11-18 09:58:00,Purchase,UPI,2459.01,Success,Healthcare,0
TX003878,237,2025-06-18 01:05:00,Bill Payment,UPI,1348.24,Success,Shopping,0
TX003879,483,2025-05-23 20:57:00,Purchase,UPI,298.03,Success,Other,0
TX003880,417,2025-06-30 13:13:00,Purchase,Debit Card,928.12,Success,Dining,0
TX003881,351,2025-04-15 10:34:00,Transfer,ATM,1417.21,Success,Utilities,0
TX003882,301,2025-05-09 22:32:00,Bill Payment,UPI,1273.09,Success,Groceries,0
TX003883,493,2025-10-02 05:53:00,Withdrawal,Debit Card,228.78,Success,Dining,0
TX003884,13,2025-04-07 12:48:00,Bill Payment,UPI,514.52,Success,Healthcare,0
TX003885,42,2025-04-23 04:26:00,Transfer,UPI,1038.5,Success,Other,0
TX003886,393,2025-03-17 14:53:00,Transfer,UPI,1729.95,Success,Groceries,0
TX003887,330,2025-09-19 06:43:00,Purchase,Net Banking,169.57,Success,Healthcare,0
TX003888,204,2025-05-11 00:06:00,Withdrawal,UPI,955.46,Success,Healthcare,0
TX003889,126,2025-07-11 06:26:00,Refund,Net Banking,1238.42,Success,Shopping,0
TX003890,176,2025-12-14 06:42:00,Purchase,UPI,2257.85,Failed,Education,0
TX003891,17,2025-08-18 20:21:00,Transfer,Net Banking,1976.2,Success,Groceries,0
TX003892,134,2025-06-19 19:35:00,Purchase,ATM,1799.36,Success,Shopping,0
TX003893,418,2025-04-23 00:25:00,Transfer,Credit Card,555.6,Success,Travel,0
TX003894,308,2025-09-09 00:22:00,Withdrawal,Debit Card,216.63,Success,Healthcare,0
TX003895,42,2025-02-01 14:09:00,Transfer,Credit Card,785.17,Success,Other,0
TX003896,404,2025-12-05 07:01:00,Purchase,UPI,2569.3,Success,Other,0
TX003897,218,2025-12-03 04:03:00,Purchase,Debit Card,3584.72,Success,Groceries,0
TX003898,144,2025-09-20 08:14:00,Transfer,Debit Card,2006.14,Success,Education,0
TX003899,281,2025-11-19 09:04:00,Purchase,Debit Card,1579.62,Success,Healthcare,0
TX003900,207,2025-05-05 21:59:00,Refund,Debit Card,146285.58,Success,Utilities,1
TX003901,360,2025-03-26 17:06:00,Transfer,UPI,683.55,Success,Other,0
TX003902,217,2025-11-27 16:34:00,Purchase,UPI,981.86,Success,Shopping,0
TX003903,320,2025-07-14 19:09:00,Purchase,Net Banking,4531.05,Success,Travel,0
TX003904,111,2025-11-15 19:43:00,Purchase,UPI,492.17,Success,Other,0
TX003905,445,2025-03-30 16:55:00,Purchase,Debit Card,4326.71,Success,Healthcare,0
TX003906,86,2025-04-06 01:57:00,Transfer,Net Banking,834.04,Success,Healthcare,0
TX003907,311,2025-04-06 13:22:00,Purchase,UPI,3383.34,Success,Utilities,0
TX003908,470,2025-09-20 20:59:00,Purchase,Debit Card,331.69,Success,Travel,0
TX003909,276,2025-11-30 10:10:00,Withdrawal,Credit Card,1804.46,Success,Other,0
TX003910,246,2025-04-21 02:48:00,Purchase,UPI,586.25,Success,Shopping,0
TX003911,5,2025-02-21 11:10:00,Purchase,UPI,329.32,Failed,Education,0
TX003912,396,2025-04-26 21:10:00,Transfer,UPI,1320.48,Success,Healthcare,0
TX003913,327,2025-03-03 02:08:00,Transfer,Debit Card,2586.47,Success,Groceries,0
TX003914,415,2025-07-30 04:50:00,Transfer,Credit Card,534.75,Failed,Utilities,0
TX003915,498,2025-12-30 08:17:00,Transfer,UPI,306.69,Success,Travel,0
TX003916,193,2025-06-17 17:47:00,Purchase,Debit Card,1014.28,Success,Travel,0
TX003917,301,2025-03-22 05:21:00,Purchase,Credit Card,1018.09,Success,Groceries,0
TX003918,375,2025-01-21 04:51:00,Refund,ATM,1747.73,Success,Education,0
TX003919,97,2025-04-05 08:11:00,Purchase,Debit Card,2458.13,Success,Utilities,0
TX003920,53,2025-09-08 21:46:00,Transfer,UPI,1042.63,Success,Groceries,0
TX003921,431,2025-08-02 22:46:00,Withdrawal,UPI,5309.1,Success,Other,0
TX003922,464,2025-03-12 08:08:00,Purchase,ATM,1326.9,Success,Shopping,0
TX003923,128,2025-01-31 12:40:00,Purchase,Debit Card,816.92,Success,Travel,0
TX003924,165,2025-03-23 08:35:00,Purchase,UPI,278.71,Success,Other,0
TX003925,273,2025-02-02 00:31:00,Transfer,UPI,877.2,Reversed,Education,0
TX003926,185,2025-08-12 12:26:00,Transfer,Credit Card,823.92,Success,Education,0
TX003927,122,2025-09-30 19:35:00,Withdrawal,UPI,2480.61,Success,Utilities,0
TX003928,306,2025-08-04 04:20:00,Purchase,UPI,1624.75,Success,Dining,0
TX003929,175,2025-02-25 14:19:00,Purchase,UPI,402.44,Success,Travel,0
TX003930,12,2025-06-02 16:20:00,Refund,Net Banking,1269.55,Reversed,Education,0
TX003931,354,2025-08-13 05:27:00,Purchase,UPI,1940.7,Success,Utilities,0
TX003932,82,2025-08-30 19:27:00,Purchase,Net Banking,4019.15,Success,Education,0
TX003933,423,2025-07-03 07:16:00,Bill Payment,UPI,2331.76,Success,Healthcare,0
TX003934,476,2025-08-21 07:14:00,Purchase,Credit Card,2093.77,Success,Education,0
TX003935,489,2025-02-23 03:51:00,Purchase,UPI,1154.1,Success,Travel,0
TX003936,382,2025-01-02 09:55:00,Purchase,Debit Card,1525.48,Success,Healthcare,0
TX003937,253,2025-02-17 03:38:00,Withdrawal,Debit Card,3171.88,Success,Utilities,0
TX003938,75,2025-01-12 02:33:00,Purchase,Debit Card,353.24,Success,Healthcare,0
TX003939,316,2025-06-29 14:55:00,Withdrawal,UPI,814.83,Success,Travel,0
TX003940,75,2025-08-11 02:47:00,Purchase,UPI,568.68,Success,Groceries,0
TX003941,170,2025-09-04 10:46:00,Refund,Net Banking,1513.65,Success,Utilities,0
TX003942,468,2025-08-19 00:20:00,Bill Payment,UPI,3120.31,Success,Groceries,0
TX003943,89,2025-10-16 02:26:00,Bill Payment,UPI,167476.35,Success,Other,1
TX003944,135,2025-06-14 06:15:00,Bill Payment,UPI,143.77,Failed,Groceries,0
TX003945,368,2025-07-31 00:22:00,Purchase,Net Banking,772.48,Failed,Healthcare,0
TX003946,224,2025-05-23 18:35:00,Bill Payment,UPI,2383.8,Success,Healthcare,0
TX003947,322,2025-11-03 04:44:00,Purchase,Net Banking,1731.92,Success,Other,0
TX003948,373,2025-11-17 10:11:00,Purchase,UPI,1578.07,Failed,Shopping,0
TX003949,38,2025-03-17 00:05:00,Purchase,ATM,864.37,Success,Utilities,0
TX003950,432,2025-08-04 09:17:00,Purchase,UPI,369.75,Success,Shopping,0
TX003951,285,2025-05-20 03:37:00,Purchase,UPI,1699.35,Success,Other,0
TX003952,463,2025-11-18 04:50:00,Purchase,Debit Card,126340.96,Success,Travel,1
TX003953,390,2025-09-20 12:27:00,Withdrawal,Net Banking,7019.75,Success,Healthcare,0
TX003954,374,2025-03-31 12:38:00,Transfer,ATM,1781.0,Success,Travel,0
TX003955,133,2025-06-17 08:03:00,Withdrawal,Credit Card,669.44,Success,Other,0
TX003956,66,2025-07-24 04:17:00,Purchase,UPI,652.18,Success,Other,0
TX003957,111,2025-08-21 20:57:00,Purchase,Debit Card,1013.33,Success,Education,0
TX003958,253,2025-01-03 20:23:00,Withdrawal,UPI,894.64,Success,Education,0
TX003959,428,2025-10-19 03:39:00,Purchase,Credit Card,2833.62,Success,Healthcare,0
TX003960,397,2025-08-30 14:02:00,Bill Payment,Debit Card,1284.92,Success,Utilities,0
TX003961,368,2025-07-15 08:11:00,Bill Payment,Credit Card,588.82,Success,Shopping,0
TX003962,192,2025-03-18 08:06:00,Purchase,Net Banking,5469.13,Success,Dining,0
TX003963,349,2025-12-10 00:23:00,Bill Payment,Debit Card,1143.57,Success,Groceries,0
TX003964,313,2025-12-12 13:16:00,Purchase,UPI,2108.04,Success,Dining,0
TX003965,376,2025-04-13 05:01:00,Transfer,Net Banking,653.93,Success,Shopping,0
TX003966,183,2025-08-20 15:00:00,Purchase,ATM,1493.16,Success,Healthcare,0
TX003967,308,2025-08-17 19:59:00,Purchase,Debit Card,1428.59,Success,Other,0
TX003968,495,2025-04-11 15:31:00,Purchase,Credit Card,220.04,Success,Education,0
TX003969,351,2025-11-20 01:32:00,Refund,UPI,6081.36,Success,Travel,0
TX003970,405,2025-08-13 16:16:00,Transfer,UPI,3284.76,Success,Education,0
TX003971,183,2025-10-14 14:03:00,Purchase,Credit Card,782.41,Success,Travel,0
TX003972,314,2025-05-27 20:06:00,Purchase,Debit Card,429.69,Success,Groceries,0
TX003973,290,2025-12-14 20:31:00,Purchase,Credit Card,1473.55,Success,Travel,0
TX003974,203,2025-10-13 13:10:00,Purchase,UPI,1180.5,Success,Other,0
TX003975,334,2025-08-21 18:18:00,Purchase,ATM,1483.74,Success,Shopping,0
TX003976,157,2025-10-09 04:24:00,Transfer,UPI,1290.57,Success,Dining,0
TX003977,224,2025-08-27 10:39:00,Transfer,ATM,1686.32,Success,Groceries,0
TX003978,141,2025-01-03 22:50:00,Withdrawal,UPI,3752.62,Success,Healthcare,0
TX003979,446,2025-03-21 19:10:00,Purchase,UPI,1777.37,Success,Education,0
TX003980,383,2025-06-26 22:28:00,Purchase,UPI,449.35,Success,Groceries,0
TX003981,177,2025-03-31 05:15:00,Transfer,Net Banking,3491.82,Success,Other,0
TX003982,439,2025-04-08 07:54:00,Bill Payment,Net Banking,4422.77,Success,Other,0
TX003983,70,2025-01-18 12:06:00,Transfer,Credit Card,15982.48,Success,Dining,0
TX003984,320,2025-07-28 18:19:00,Purchase,Debit Card,422.01,Success,Healthcare,0
TX003985,210,2025-06-11 19:38:00,Withdrawal,ATM,1348.1,Success,Groceries,0
TX003986,88,2025-12-24 05:06:00,Purchase,Net Banking,186.83,Success,Shopping,0
TX003987,286,2025-03-31 12:42:00,Bill Payment,Credit Card,1754.92,Success,Utilities,0
TX003988,46,2025-11-29 20:16:00,Purchase,UPI,688.17,Failed,Healthcare,0
TX003989,204,2025-06-23 22:08:00,Transfer,UPI,5624.73,Success,Groceries,0
TX003990,426,2025-06-24 22:39:00,Bill Payment,UPI,567.69,Success,Travel,0
TX003991,311,2025-07-03 19:38:00,Purchase,Debit Card,260.91,Success,Dining,0
TX003992,154,2025-02-04 22:39:00,Withdrawal,Debit Card,734.67,Success,Travel,0
TX003993,220,2025-12-01 02:34:00,Purchase,Debit Card,204.55,Success,Shopping,0
TX003994,265,2025-10-12 05:11:00,Transfer,Credit Card,2076.49,Success,Education,0
TX003995,180,2025-05-19 01:48:00,Withdrawal,Debit Card,189.56,Success,Healthcare,0
TX003996,156,2025-09-22 01:37:00,Transfer,Debit Card,1123.48,Success,Dining,0
TX003997,114,2025-12-25 06:14:00,Withdrawal,Debit Card,187.52,Success,Education,0
TX003998,410,2025-07-25 05:29:00,Purchase,UPI,137339.39,Success,Groceries,1
TX003999,250,2025-05-28 10:12:00,Bill Payment,Credit Card,4433.18,Success,Shopping,0
TX004000,185,2025-08-05 04:11:00,Transfer,UPI,1490.03,Success,Travel,0
TX004001,487,2025-05-02 06:01:00,Transfer,Debit Card,526.38,Success,Dining,0
TX004002,124,2025-08-30 11:14:00,Purchase,Net Banking,1067.93,Success,Utilities,0
TX004003,89,2025-05-09 07:17:00,Bill Payment,Debit Card,1113.56,Success,Travel,0
TX004004,115,2025-05-05 17:45:00,Purchase,ATM,1638.83,Success,Education,0
TX004005,274,2025-04-30 17:05:00,Bill Payment,UPI,343.15,Success,Utilities,0
TX004006,122,2025-11-10 08:56:00,Purchase,UPI,1814.71,Success,Healthcare,0
TX004007,249,2025-09-29 21:57:00,Transfer,Net Banking,110.09,Success,Education,0
TX004008,207,2025-01-17 03:11:00,Purchase,Net Banking,642.01,Success,Travel,0
TX004009,398,2025-03-12 10:06:00,Purchase,UPI,724.13,Success,Dining,0
TX004010,228,2025-01-01 16:26:00,Purchase,Debit Card,1878.69,Success,Other,0
TX004011,325,2025-09-18 19:16:00,Purchase,Credit Card,1117.93,Success,Shopping,0
TX004012,499,2025-04-16 21:27:00,Purchase,UPI,332.05,Success,Groceries,0
TX004013,266,2025-09-17 13:08:00,Purchase,ATM,474.73,Success,Groceries,0
TX004014,63,2025-06-18 00:28:00,Purchase,Debit Card,1298.39,Success,Other,0
TX004015,179,2025-08-13 04:43:00,Transfer,Credit Card,1025.35,Success,Groceries,0
TX004016,482,2025-05-20 12:36:00,Transfer,Net Banking,670.31,Success,Education,0
TX004017,359,2025-08-06 12:00:00,Purchase,Debit Card,728.72,Success,Utilities,0
TX004018,57,2025-09-30 19:08:00,Withdrawal,Debit Card,1981.76,Success,Education,0
TX004019,228,2025-05-27 07:01:00,Transfer,UPI,706.24,Success,Shopping,0
TX004020,189,2025-11-17 02:29:00,Transfer,UPI,1017.52,Success,Other,0
TX004021,30,2025-06-15 11:05:00,Purchase,Debit Card,6935.76,Success,Shopping,0
TX004022,119,2025-10-19 13:53:00,Purchase,UPI,326.97,Success,Dining,0
TX004023,98,2025-01-18 03:48:00,Transfer,Net Banking,227.22,Success,Dining,0
TX004024,500,2025-08-12 17:27:00,Purchase,UPI,2134.64,Success,Other,0
TX004025,365,2025-10-09 00:53:00,Withdrawal,UPI,615.94,Success,Dining,0
TX004026,267,2025-12-17 17:08:00,Purchase,Credit Card,836.73,Success,Groceries,0
TX004027,341,2025-01-19 18:26:00,Bill Payment,Credit Card,564.54,Success,Education,0
TX004028,432,2025-05-13 19:17:00,Transfer,UPI,879.34,Success,Healthcare,0
TX004029,93,2025-12-12 08:50:00,Refund,UPI,4267.39,Success,Dining,0
TX004030,363,2025-10-11 09:47:00,Withdrawal,UPI,2168.54,Success,Education,0
TX004031,220,2025-12-08 20:52:00,Transfer,UPI,2282.19,Success,Shopping,0
TX004032,408,2025-10-20 02:19:00,Purchase,UPI,329.05,Success,Utilities,0
TX004033,413,2025-05-18 11:36:00,Purchase,UPI,412.2,Success,Utilities,0
TX004034,432,2025-05-02 07:04:00,Withdrawal,Net Banking,98.18,Success,Healthcare,0
TX004035,232,2025-12-17 21:28:00,Purchase,Debit Card,551.16,Success,Shopping,0
TX004036,93,2025-05-17 10:55:00,Transfer,UPI,2473.03,Success,Travel,0
TX004037,409,2025-10-09 05:54:00,Transfer,Credit Card,1701.74,Success,Travel,0
TX004038,110,2025-05-20 02:22:00,Bill Payment,UPI,908.43,Success,Utilities,0
TX004039,30,2025-03-17 00:43:00,Transfer,Debit Card,1076.04,Success,Shopping,0
TX004040,228,2025-11-01 22:11:00,Bill Payment,UPI,610.6,Success,Dining,0
TX004041,442,2025-06-30 19:50:00,Bill Payment,UPI,1305.11,Success,Travel,0
TX004042,134,2025-08-29 23:33:00,Transfer,UPI,2102.74,Failed,Travel,0
TX004043,57,2025-03-09 04:55:00,Purchase,Debit Card,277.69,Success,Groceries,0
TX004044,261,2025-06-25 09:00:00,Bill Payment,UPI,1414.74,Success,Groceries,0
TX004045,375,2025-07-28 15:02:00,Purchase,UPI,2422.53,Success,Shopping,0
TX004046,398,2025-06-19 07:30:00,Purchase,Credit Card,770.6,Success,Other,0
TX004047,353,2025-11-02 05:30:00,Purchase,UPI,1989.41,Success,Groceries,0
TX004048,145,2025-07-18 15:31:00,Transfer,Debit Card,11997.53,Success,Travel,0
TX004049,257,2025-05-22 23:16:00,Withdrawal,UPI,1003.56,Success,Utilities,0
TX004050,199,2025-11-04 15:17:00,Purchase,UPI,1531.97,Success,Other,0
TX004051,153,2025-02-09 18:06:00,Transfer,UPI,585.61,Success,Shopping,0
TX004052,312,2025-09-06 05:03:00,Purchase,Net Banking,1279.29,Success,Groceries,0
TX004053,495,2025-07-25 13:11:00,Withdrawal,Credit Card,1621.7,Success,Utilities,0
TX004054,173,2025-10-24 11:54:00,Transfer,UPI,1294.16,Success,Groceries,0
TX004055,64,2025-07-21 02:10:00,Purchase,Net Banking,460.94,Success,Education,0
TX004056,279,2025-02-21 18:34:00,Transfer,Debit Card,91590.8,Success,Healthcare,1
TX004057,473,2025-03-31 18:50:00,Purchase,UPI,3800.42,Success,Healthcare,0
TX004058,488,2025-03-04 13:50:00,Purchase,UPI,1605.74,Success,Groceries,0
TX004059,282,2025-09-15 17:11:00,Transfer,UPI,2484.16,Success,Shopping,0
TX004060,102,2025-10-09 07:58:00,Refund,Debit Card,896.54,Success,Shopping,0
TX004061,350,2025-11-02 13:00:00,Transfer,UPI,2074.38,Success,Healthcare,0
TX004062,436,2025-01-31 18:01:00,Transfer,UPI,1390.44,Success,Healthcare,0
TX004063,63,2025-01-10 11:10:00,Bill Payment,Credit Card,488.69,Success,Travel,0
TX004064,78,2025-11-28 15:24:00,Transfer,UPI,1437.62,Success,Other,0
TX004065,290,2025-07-30 12:17:00,Purchase,UPI,472.04,Success,Other,0
TX004066,52,2025-06-29 09:59:00,Bill Payment,UPI,640.37,Success,Groceries,0
TX004067,177,2025-05-30 13:40:00,Transfer,Net Banking,1288.11,Success,Utilities,0
TX004068,130,2025-11-28 08:21:00,Bill Payment,UPI,1411.85,Failed,Dining,0
TX004069,277,2025-10-22 14:28:00,Purchase,Debit Card,399.08,Success,Shopping,0
TX004070,230,2025-05-21 05:47:00,Transfer,UPI,2686.21,Success,Education,0
TX004071,235,2025-06-19 05:22:00,Bill Payment,UPI,1783.27,Success,Shopping,0
TX004072,159,2025-04-29 04:22:00,Bill Payment,Credit Card,602.44,Success,Other,0
TX004073,347,2025-08-20 04:54:00,Transfer,UPI,296.8,Success,Shopping,0
TX004074,23,2025-03-24 21:12:00,Purchase,UPI,969.55,Success,Other,0
TX004075,171,2025-11-29 04:45:00,Withdrawal,Debit Card,750.66,Reversed,Healthcare,0
TX004076,60,2025-10-11 19:12:00,Purchase,Debit Card,1207.33,Success,Dining,0
TX004077,359,2025-11-14 22:32:00,Refund,Credit Card,805.41,Success,Travel,0
TX004078,177,2025-05-21 21:48:00,Purchase,UPI,199.07,Success,Other,0
TX004079,305,2025-10-11 18:56:00,Bill Payment,Net Banking,788.32,Success,Dining,0
TX004080,412,2025-06-23 18:52:00,Purchase,UPI,845.75,Success,Other,0
TX004081,201,2025-04-22 15:45:00,Bill Payment,UPI,1879.22,Success,Healthcare,0
TX004082,237,2025-02-24 13:28:00,Transfer,Net Banking,605.79,Success,Shopping,0
TX004083,152,2025-07-04 13:26:00,Purchase,ATM,4568.2,Success,Groceries,0
TX004084,312,2025-07-04 18:20:00,Purchase,Credit Card,215.96,Success,Education,0
TX004085,6,2025-11-03 20:56:00,Purchase,Credit Card,3342.56,Success,Education,0
TX004086,35,2025-03-21 13:08:00,Transfer,ATM,906.26,Success,Other,0
TX004087,453,2025-06-10 10:57:00,Bill Payment,UPI,2277.08,Success,Shopping,0
TX004088,292,2025-07-25 17:03:00,Bill Payment,UPI,1173.6,Success,Utilities,0
TX004089,451,2025-09-29 09:39:00,Withdrawal,ATM,2888.87,Success,Groceries,0
TX004090,485,2025-06-09 09:35:00,Withdrawal,ATM,788.98,Success,Education,0
TX004091,89,2025-03-10 05:48:00,Transfer,UPI,431.03,Success,Utilities,0
TX004092,148,2025-03-15 10:37:00,Purchase,UPI,3668.1,Success,Utilities,0
TX004093,111,2025-08-13 13:31:00,Transfer,UPI,995.8,Success,Education,0
TX004094,417,2025-09-15 21:49:00,Bill Payment,Net Banking,1323.88,Success,Dining,0
TX004095,363,2025-03-24 11:45:00,Transfer,UPI,3132.35,Success,Shopping,0
TX004096,175,2025-06-09 08:12:00,Transfer,UPI,456.16,Success,Travel,0
TX004097,70,2025-07-04 04:10:00,Purchase,Debit Card,1819.23,Success,Education,0
TX004098,442,2025-12-09 07:38:00,Purchase,Debit Card,664.2,Success,Other,0
TX004099,400,2025-12-11 19:43:00,Purchase,UPI,980.1,Success,Groceries,0
TX004100,132,2025-03-02 16:48:00,Purchase,ATM,1166.12,Success,Groceries,0
TX004101,166,2025-04-01 03:23:00,Refund,UPI,306.38,Failed,Healthcare,0
TX004102,171,2025-10-19 12:44:00,Purchase,Debit Card,565.66,Success,Other,0
TX004103,279,2025-05-25 12:03:00,Purchase,UPI,3457.88,Success,Utilities,0
TX004104,87,2025-02-14 13:03:00,Purchase,UPI,2329.16,Success,Travel,0
TX004105,319,2025-12-19 17:50:00,Withdrawal,UPI,1039.77,Success,Shopping,0
TX004106,488,2025-08-04 11:48:00,Withdrawal,Credit Card,1348.37,Success,Other,0
TX004107,82,2025-12-01 20:20:00,Bill Payment,Debit Card,853.97,Success,Dining,0
TX004108,411,2025-02-27 08:18:00,Withdrawal,Debit Card,3474.12,Success,Travel,0
TX004109,243,2025-11-30 09:37:00,Transfer,UPI,924.91,Success,Shopping,0
TX004110,100,2025-10-04 19:05:00,Purchase,Debit Card,50673.36,Success,Groceries,1
TX004111,92,2025-07-11 21:37:00,Transfer,UPI,2904.82,Failed,Utilities,0
TX004112,349,2025-02-27 23:12:00,Withdrawal,Credit Card,158473.78,Success,Dining,1
TX004113,188,2025-12-11 20:01:00,Purchase,UPI,4125.62,Success,Travel,0
TX004114,29,2025-11-13 04:34:00,Bill Payment,UPI,298.6,Success,Groceries,0
TX004115,400,2025-02-05 13:29:00,Purchase,UPI,4381.72,Success,Dining,0
TX004116,88,2025-10-28 11:01:00,Purchase,Net Banking,798.89,Success,Healthcare,0
TX004117,150,2025-09-25 14:02:00,Transfer,ATM,892.21,Success,Healthcare,0
TX004118,260,2025-12-13 17:44:00,Transfer,Net Banking,219.97,Success,Groceries,0
TX004119,219,2025-01-18 19:56:00,Withdrawal,Net Banking,745.03,Failed,Utilities,0
TX004120,118,2025-02-18 23:59:00,Purchase,UPI,453.12,Success,Travel,0
TX004121,318,2025-08-19 22:19:00,Transfer,UPI,654.26,Success,Education,0
TX004122,255,2025-08-10 20:10:00,Refund,ATM,975.83,Success,Utilities,0
TX004123,180,2025-01-27 19:14:00,Transfer,UPI,2475.31,Success,Healthcare,0
TX004124,65,2025-03-28 18:04:00,Purchase,UPI,1308.27,Success,Dining,0
TX004125,295,2025-08-24 17:27:00,Bill Payment,Credit Card,1424.43,Success,Travel,0
TX004126,176,2025-07-14 23:29:00,Bill Payment,Debit Card,432.17,Success,Travel,0
TX004127,40,2025-06-06 07:46:00,Bill Payment,Net Banking,518.72,Success,Utilities,0
TX004128,499,2025-01-08 01:29:00,Bill Payment,Debit Card,5058.96,Success,Travel,0
TX004129,406,2025-12-17 16:19:00,Purchase,UPI,587.03,Success,Shopping,0
TX004130,299,2025-05-31 00:30:00,Purchase,UPI,4481.79,Success,Shopping,0
TX004131,355,2025-01-26 12:27:00,Purchase,Credit Card,891.94,Failed,Other,0
TX004132,373,2025-06-13 16:04:00,Purchase,ATM,1098.77,Success,Other,0
TX004133,88,2025-11-18 01:53:00,Withdrawal,UPI,2723.87,Success,Healthcare,0
TX004134,441,2025-04-21 19:01:00,Transfer,Debit Card,3232.82,Success,Education,0
TX004135,186,2025-06-23 12:10:00,Purchase,Net Banking,998.06,Success,Shopping,0
TX004136,458,2025-07-08 18:57:00,Bill Payment,Debit Card,788.39,Success,Groceries,0
TX004137,391,2025-10-21 11:38:00,Purchase,ATM,1045.73,Success,Utilities,0
TX004138,151,2025-06-21 10:47:00,Transfer,UPI,1461.57,Success,Groceries,0
TX004139,291,2025-04-15 12:32:00,Purchase,UPI,2339.3,Success,Other,0
TX004140,213,2025-02-16 09:37:00,Purchase,UPI,1100.58,Success,Utilities,0
TX004141,65,2025-05-14 05:52:00,Purchase,UPI,1855.77,Success,Shopping,0
TX004142,28,2025-08-05 18:58:00,Withdrawal,Credit Card,4414.31,Success,Groceries,0
TX004143,468,2025-02-06 12:02:00,Transfer,UPI,1516.43,Failed,Travel,0
TX004144,386,2025-06-17 12:32:00,Purchase,UPI,1429.25,Success,Other,0
TX004145,492,2025-11-12 09:42:00,Purchase,Debit Card,301.55,Success,Travel,0
TX004146,268,2025-04-07 19:25:00,Purchase,Debit Card,117.2,Failed,Dining,0
TX004147,230,2025-10-19 16:21:00,Purchase,UPI,1525.56,Success,Healthcare,0
TX004148,316,2025-06-01 22:02:00,Transfer,Net Banking,1011.71,Success,Travel,0
TX004149,181,2025-04-01 17:30:00,Bill Payment,UPI,707.99,Success,Utilities,0
TX004150,380,2025-04-20 15:52:00,Transfer,Net Banking,1348.84,Success,Shopping,0
TX004151,74,2025-08-09 07:33:00,Transfer,Debit Card,1041.75,Success,Education,0
TX004152,154,2025-11-03 17:14:00,Transfer,UPI,2860.1,Success,Utilities,0
TX004153,232,2025-07-03 05:21:00,Transfer,Net Banking,1179.91,Success,Groceries,0
TX004154,366,2025-12-02 08:29:00,Purchase,Debit Card,581.21,Success,Utilities,0
TX004155,371,2025-09-14 19:15:00,Withdrawal,Credit Card,2544.38,Success,Dining,0
TX004156,485,2025-07-27 20:38:00,Purchase,UPI,911.82,Success,Education,0
TX004157,301,2025-01-07 23:59:00,Purchase,Net Banking,1715.67,Success,Utilities,0
TX004158,406,2025-12-27 22:28:00,Transfer,UPI,730.84,Success,Healthcare,0
TX004159,234,2025-03-14 03:16:00,Purchase,Net Banking,631.22,Success,Shopping,0
TX004160,11,2025-12-07 03:38:00,Transfer,UPI,1177.96,Success,Shopping,0
TX004161,26,2025-03-07 19:45:00,Refund,UPI,1108.66,Success,Dining,0
TX004162,389,2025-06-23 04:19:00,Bill Payment,UPI,1648.88,Success,Other,0
TX004163,81,2025-01-21 00:17:00,Purchase,UPI,872.75,Success,Groceries,0
TX004164,65,2025-04-01 11:45:00,Bill Payment,UPI,230.23,Success,Travel,0
TX004165,188,2025-12-11 20:50:00,Purchase,Debit Card,759.11,Success,Dining,0
TX004166,325,2025-12-30 05:44:00,Transfer,UPI,2153.28,Success,Dining,0
TX004167,485,2025-05-05 02:43:00,Purchase,UPI,851.7,Success,Healthcare,0
TX004168,439,2025-02-01 21:28:00,Purchase,UPI,889.42,Success,Other,0
TX004169,395,2025-07-08 04:30:00,Purchase,UPI,2536.19,Failed,Healthcare,0
TX004170,463,2025-01-08 18:18:00,Purchase,Credit Card,598.74,Success,Dining,0
TX004171,477,2025-10-05 11:15:00,Refund,Debit Card,295.48,Success,Other,0
TX004172,440,2025-10-03 09:57:00,Purchase,Debit Card,956.67,Failed,Education,0
TX004173,409,2025-03-25 23:08:00,Purchase,Debit Card,726.66,Reversed,Education,0
TX004174,126,2025-01-07 08:28:00,Bill Payment,UPI,482.36,Success,Travel,0
TX004175,344,2025-09-01 19:11:00,Bill Payment,Credit Card,944.76,Success,Shopping,0
TX004176,162,2025-02-17 20:23:00,Purchase,Net Banking,1665.33,Failed,Healthcare,0
TX004177,22,2025-04-16 06:44:00,Purchase,UPI,1088.01,Success,Healthcare,0
TX004178,342,2025-08-26 10:24:00,Purchase,UPI,1423.59,Success,Shopping,0
TX004179,355,2025-12-18 02:38:00,Purchase,Net Banking,5122.49,Success,Groceries,0
TX004180,56,2025-01-17 01:37:00,Purchase,UPI,819.38,Success,Groceries,0
TX004181,376,2025-03-20 20:14:00,Transfer,Debit Card,1389.36,Success,Travel,0
TX004182,276,2025-08-05 05:32:00,Purchase,UPI,711.35,Success,Travel,0
TX004183,198,2025-12-08 14:44:00,Purchase,Debit Card,534.11,Success,Healthcare,0
TX004184,46,2025-07-12 00:51:00,Withdrawal,UPI,667.03,Success,Healthcare,0
TX004185,322,2025-01-13 19:26:00,Transfer,UPI,730.01,Success,Utilities,0
TX004186,195,2025-06-24 06:21:00,Purchase,UPI,1488.55,Success,Other,0
TX004187,81,2025-10-28 01:17:00,Purchase,Debit Card,8076.5,Success,Dining,0
TX004188,230,2025-02-26 04:37:00,Transfer,Debit Card,596.67,Success,Other,0
TX004189,265,2025-03-23 07:00:00,Withdrawal,Credit Card,769.6,Success,Groceries,0
TX004190,394,2025-05-26 18:14:00,Transfer,ATM,1039.34,Success,Healthcare,0
TX004191,53,2025-08-22 13:53:00,Purchase,ATM,1535.22,Success,Other,0
TX004192,457,2025-01-29 22:04:00,Purchase,Debit Card,1371.99,Failed,Education,0
TX004193,270,2025-07-07 13:01:00,Withdrawal,UPI,3266.52,Success,Other,0
TX004194,458,2025-02-06 18:20:00,Purchase,UPI,139.43,Success,Healthcare,0
TX004195,421,2025-05-27 10:13:00,Purchase,UPI,144.19,Success,Groceries,0
TX004196,470,2025-08-16 20:28:00,Transfer,UPI,719.46,Success,Groceries,0
TX004197,69,2025-05-08 05:53:00,Transfer,ATM,2786.96,Success,Shopping,0
TX004198,123,2025-10-08 12:59:00,Transfer,Debit Card,289.8,Success,Shopping,0
TX004199,51,2025-05-18 19:37:00,Transfer,Debit Card,85.07,Success,Education,0
TX004200,56,2025-05-16 03:23:00,Purchase,Debit Card,1782.02,Success,Utilities,0
TX004201,135,2025-08-31 00:59:00,Purchase,ATM,1348.99,Success,Healthcare,0
TX004202,13,2025-08-28 15:18:00,Purchase,UPI,434.12,Success,Groceries,0
TX004203,341,2025-07-25 04:40:00,Transfer,Debit Card,474.51,Success,Education,0
TX004204,324,2025-06-16 20:13:00,Purchase,Debit Card,480.93,Success,Education,0
TX004205,110,2025-01-05 19:15:00,Purchase,Net Banking,1204.66,Success,Groceries,0
TX004206,15,2025-01-11 21:20:00,Transfer,UPI,643.96,Success,Shopping,0
TX004207,10,2025-06-29 00:42:00,Transfer,Credit Card,1668.96,Reversed,Education,0
TX004208,161,2025-12-27 13:58:00,Purchase,Credit Card,96.89,Success,Shopping,0
TX004209,184,2025-02-06 07:51:00,Transfer,Net Banking,529.36,Success,Other,0
TX004210,399,2025-04-30 04:02:00,Transfer,UPI,421.09,Success,Utilities,0
TX004211,115,2025-11-23 10:57:00,Bill Payment,UPI,881.93,Success,Travel,0
TX004212,95,2025-05-11 20:42:00,Purchase,UPI,694.13,Success,Dining,0
TX004213,53,2025-12-03 01:32:00,Transfer,Debit Card,2160.66,Success,Groceries,0
TX004214,173,2025-01-26 06:51:00,Purchase,UPI,225.78,Success,Utilities,0
TX004215,112,2025-07-30 20:22:00,Purchase,Debit Card,1139.87,Success,Groceries,0
TX004216,299,2025-07-22 18:02:00,Purchase,UPI,1762.67,Success,Education,0
TX004217,314,2025-04-28 14:03:00,Bill Payment,Net Banking,5314.27,Success,Dining,0
TX004218,80,2025-01-06 09:26:00,Purchase,Net Banking,728.14,Success,Dining,0
TX004219,275,2025-07-18 03:27:00,Bill Payment,UPI,1444.89,Success,Shopping,0
TX004220,237,2025-01-28 23:10:00,Purchase,UPI,236.68,Success,Travel,0
TX004221,468,2025-07-14 01:32:00,Purchase,UPI,143.57,Success,Travel,0
TX004222,472,2025-04-06 23:06:00,Withdrawal,Debit Card,2248.59,Success,Groceries,0
TX004223,197,2025-02-01 01:05:00,Purchase,Debit Card,1091.46,Success,Travel,0
TX004224,426,2025-02-07 02:43:00,Withdrawal,Net Banking,2986.14,Success,Education,0
TX004225,490,2025-08-28 11:44:00,Transfer,UPI,341.25,Success,Shopping,0
TX004226,149,2025-01-24 01:54:00,Bill Payment,UPI,1706.02,Success,Travel,0
TX004227,265,2025-02-07 17:39:00,Purchase,Net Banking,5369.53,Success,Dining,0
TX004228,5,2025-12-12 10:32:00,Refund,ATM,1566.74,Success,Healthcare,0
TX004229,326,2025-02-12 04:15:00,Purchase,Debit Card,96772.87,Success,Healthcare,1
TX004230,213,2025-01-01 11:54:00,Transfer,UPI,1104.64,Reversed,Education,0
TX004231,233,2025-02-06 10:34:00,Purchase,Net Banking,288.52,Success,Groceries,0
TX004232,102,2025-02-08 01:42:00,Purchase,Net Banking,3471.14,Success,Healthcare,0
TX004233,243,2025-02-15 13:31:00,Bill Payment,UPI,652.47,Failed,Dining,0
TX004234,405,2025-01-20 21:33:00,Transfer,UPI,1683.8,Success,Other,0
TX004235,136,2025-04-05 00:48:00,Transfer,Debit Card,290.45,Success,Groceries,0
TX004236,310,2025-12-10 04:17:00,Purchase,Debit Card,402.41,Success,Dining,0
TX004237,46,2025-03-09 15:44:00,Withdrawal,UPI,3713.85,Success,Education,0
TX004238,9,2025-03-23 14:37:00,Purchase,Credit Card,816.31,Success,Travel,0
TX004239,360,2025-08-24 03:59:00,Transfer,UPI,3771.71,Success,Travel,0
TX004240,351,2025-11-01 13:35:00,Purchase,UPI,1026.08,Success,Healthcare,0
TX004241,152,2025-05-29 04:27:00,Withdrawal,UPI,229.15,Success,Dining,0
TX004242,11,2025-01-23 08:48:00,Purchase,UPI,2340.82,Success,Dining,0
TX004243,449,2025-07-24 09:51:00,Purchase,Debit Card,664.21,Success,Dining,0
TX004244,261,2025-04-02 20:51:00,Transfer,Debit Card,1986.02,Success,Travel,0
TX004245,13,2025-12-26 19:15:00,Purchase,Net Banking,1120.39,Success,Travel,0
TX004246,228,2025-06-27 01:14:00,Bill Payment,Credit Card,295.41,Success,Dining,0
TX004247,305,2025-03-13 19:46:00,Withdrawal,Net Banking,1260.99,Success,Travel,0
TX004248,57,2025-12-06 04:14:00,Bill Payment,UPI,7092.48,Success,Groceries,0
TX004249,19,2025-04-12 05:28:00,Transfer,UPI,1667.43,Success,Travel,0
TX004250,484,2025-12-20 19:10:00,Withdrawal,UPI,1044.31,Success,Shopping,0
TX004251,119,2025-03-26 22:32:00,Transfer,Debit Card,2735.42,Success,Healthcare,0
TX004252,192,2025-12-09 06:55:00,Purchase,Debit Card,1311.69,Success,Groceries,0
TX004253,420,2025-03-18 20:45:00,Withdrawal,UPI,1310.42,Success,Groceries,0
TX004254,160,2025-08-13 17:04:00,Transfer,Debit Card,433.6,Success,Healthcare,0
TX004255,110,2025-09-19 21:41:00,Purchase,UPI,1337.79,Success,Other,0
TX004256,121,2025-02-07 18:43:00,Refund,UPI,2644.21,Success,Education,0
TX004257,356,2025-11-29 10:15:00,Purchase,Debit Card,538.8,Success,Shopping,0
TX004258,406,2025-09-29 16:49:00,Withdrawal,Net Banking,3680.56,Success,Healthcare,0
TX004259,497,2025-08-29 18:07:00,Purchase,Debit Card,1014.4,Success,Education,0
TX004260,284,2025-06-15 00:25:00,Transfer,UPI,515.63,Success,Shopping,0
TX004261,141,2025-07-29 21:35:00,Purchase,UPI,2560.58,Success,Education,0
TX004262,226,2025-12-08 05:36:00,Purchase,UPI,859.39,Success,Other,0
TX004263,447,2025-03-25 08:59:00,Bill Payment,Debit Card,2091.4,Success,Travel,0
TX004264,199,2025-02-19 14:32:00,Purchase,UPI,855.77,Success,Shopping,0
TX004265,479,2025-11-16 06:32:00,Purchase,UPI,1042.26,Success,Other,0
TX004266,8,2025-02-07 00:00:00,Bill Payment,Credit Card,1668.24,Success,Other,0
TX004267,3,2025-11-05 08:48:00,Bill Payment,Debit Card,1404.26,Success,Other,0
TX004268,357,2025-11-02 19:24:00,Refund,Credit Card,201.1,Success,Utilities,0
TX004269,186,2025-04-28 07:01:00,Purchase,Net Banking,422.82,Success,Utilities,0
TX004270,200,2025-12-25 14:17:00,Purchase,UPI,2416.31,Failed,Travel,0
TX004271,342,2025-10-08 14:38:00,Withdrawal,UPI,980.13,Success,Travel,0
TX004272,434,2025-08-02 03:28:00,Transfer,Debit Card,702.63,Failed,Travel,0
TX004273,72,2025-12-11 23:53:00,Purchase,UPI,345.58,Success,Utilities,0
TX004274,336,2025-10-06 02:01:00,Purchase,Net Banking,438.0,Success,Groceries,0
TX004275,392,2025-09-05 17:25:00,Transfer,Net Banking,196.66,Success,Education,0
TX004276,245,2025-02-16 13:13:00,Purchase,ATM,1006.18,Success,Dining,0
TX004277,271,2025-02-15 11:07:00,Transfer,Net Banking,659.4,Failed,Shopping,0
TX004278,322,2025-12-28 02:58:00,Purchase,Net Banking,482.22,Success,Education,0
TX004279,36,2025-08-09 14:30:00,Purchase,ATM,1034.94,Success,Utilities,0
TX004280,450,2025-02-20 20:47:00,Purchase,UPI,1494.24,Success,Education,0
TX004281,421,2025-04-15 15:34:00,Purchase,UPI,6497.8,Success,Shopping,0
TX004282,425,2025-01-11 13:53:00,Purchase,UPI,303.35,Success,Education,0
TX004283,312,2025-03-28 22:06:00,Purchase,UPI,2937.97,Success,Travel,0
TX004284,212,2025-11-05 14:35:00,Transfer,UPI,2507.74,Success,Travel,0
TX004285,366,2025-07-28 02:24:00,Withdrawal,Credit Card,565.53,Success,Utilities,0
TX004286,454,2025-11-19 21:35:00,Transfer,UPI,1303.42,Success,Education,0
TX004287,455,2025-08-08 08:45:00,Purchase,Debit Card,743.23,Success,Healthcare,0
TX004288,433,2025-11-10 03:27:00,Purchase,UPI,1284.13,Success,Dining,0
TX004289,133,2025-04-20 16:39:00,Transfer,UPI,3955.1,Success,Education,0
TX004290,393,2025-09-14 03:03:00,Withdrawal,UPI,1834.94,Failed,Travel,0
TX004291,39,2025-04-23 13:02:00,Withdrawal,UPI,1689.72,Success,Groceries,0
TX004292,165,2025-07-24 14:12:00,Transfer,UPI,760.7,Success,Groceries,0
TX004293,395,2025-08-22 03:05:00,Bill Payment,Credit Card,310.61,Success,Other,0
TX004294,476,2025-08-11 00:04:00,Purchase,ATM,918.56,Success,Groceries,0
TX004295,366,2025-09-23 16:31:00,Purchase,UPI,3058.31,Success,Education,0
TX004296,92,2025-11-19 16:49:00,Withdrawal,UPI,299.44,Success,Shopping,0
TX004297,166,2025-07-05 05:15:00,Purchase,Debit Card,143373.31,Success,Other,1
TX004298,240,2025-10-08 04:32:00,Purchase,Debit Card,1220.88,Success,Healthcare,0
TX004299,251,2025-11-07 11:08:00,Transfer,Credit Card,474.87,Failed,Utilities,0
TX004300,131,2025-09-20 01:48:00,Transfer,Credit Card,559.11,Success,Shopping,0
TX004301,201,2025-12-17 16:21:00,Bill Payment,UPI,765.05,Success,Healthcare,0
TX004302,202,2025-12-15 17:44:00,Transfer,Net Banking,343.51,Success,Dining,0
TX004303,374,2025-11-06 12:49:00,Purchase,UPI,479.14,Success,Healthcare,0
TX004304,204,2025-12-15 03:45:00,Purchase,Credit Card,1994.03,Success,Utilities,0
TX004305,322,2025-04-03 00:31:00,Refund,Debit Card,360.95,Success,Utilities,0
TX004306,410,2025-02-10 06:42:00,Purchase,Debit Card,281.97,Success,Travel,0
TX004307,88,2025-08-20 19:21:00,Purchase,Credit Card,641.93,Success,Dining,0
TX004308,279,2025-05-08 01:02:00,Purchase,UPI,2042.97,Success,Other,0
TX004309,433,2025-01-09 04:39:00,Transfer,UPI,927.61,Success,Travel,0
TX004310,224,2025-09-06 06:20:00,Withdrawal,Debit Card,738.86,Success,Shopping,0
TX004311,323,2025-05-25 00:27:00,Purchase,UPI,1138.77,Success,Healthcare,0
TX004312,47,2025-09-07 04:39:00,Withdrawal,UPI,248.68,Success,Travel,0
TX004313,317,2025-04-21 12:40:00,Transfer,Credit Card,1669.87,Success,Utilities,0
TX004314,107,2025-09-09 06:01:00,Purchase,UPI,117769.52,Success,Healthcare,1
TX004315,20,2025-02-25 21:39:00,Withdrawal,Debit Card,185662.19,Success,Utilities,1
TX004316,450,2025-10-26 06:55:00,Transfer,UPI,2578.69,Success,Travel,0
TX004317,223,2025-10-07 10:41:00,Transfer,Net Banking,420.58,Success,Travel,0
TX004318,447,2025-06-01 07:04:00,Withdrawal,UPI,2860.42,Success,Education,0
TX004319,314,2025-05-21 08:36:00,Bill Payment,Debit Card,1250.53,Success,Shopping,0
TX004320,440,2025-01-01 12:32:00,Purchase,UPI,823.8,Failed,Education,0
TX004321,51,2025-06-08 16:54:00,Purchase,Debit Card,152866.14,Success,Healthcare,1
TX004322,283,2025-01-11 00:01:00,Purchase,Credit Card,1001.07,Success,Utilities,0
TX004323,298,2025-12-11 04:46:00,Purchase,Credit Card,3094.06,Success,Dining,0
TX004324,50,2025-02-13 07:58:00,Purchase,UPI,439.14,Success,Education,0
TX004325,316,2025-07-28 16:13:00,Refund,UPI,573.56,Success,Travel,0
TX004326,169,2025-11-01 13:04:00,Purchase,UPI,2646.14,Success,Utilities,0
TX004327,69,2025-08-29 12:55:00,Withdrawal,Debit Card,661.03,Success,Shopping,0
TX004328,234,2025-08-24 21:37:00,Purchase,UPI,2357.73,Success,Groceries,0
TX004329,489,2025-09-12 15:46:00,Bill Payment,UPI,4649.53,Success,Healthcare,0
TX004330,383,2025-11-13 21:22:00,Transfer,Debit Card,779.36,Success,Travel,0
TX004331,469,2025-05-01 00:11:00,Withdrawal,Net Banking,1956.98,Success,Utilities,0
TX004332,238,2025-06-12 03:16:00,Withdrawal,Debit Card,411.32,Success,Travel,0
TX004333,228,2025-04-11 14:52:00,Transfer,UPI,2082.91,Success,Healthcare,0
TX004334,411,2025-11-25 13:22:00,Transfer,Net Banking,163884.85,Success,Education,1
TX004335,35,2025-10-19 00:09:00,Bill Payment,Net Banking,1639.39,Success,Shopping,0
TX004336,189,2025-12-15 12:49:00,Withdrawal,ATM,633.5,Success,Healthcare,0
TX004337,306,2025-11-17 03:16:00,Purchase,UPI,267.22,Success,Other,0
TX004338,165,2025-06-11 23:44:00,Transfer,Debit Card,1682.04,Success,Shopping,0
TX004339,403,2025-06-13 13:16:00,Refund,Net Banking,189.83,Success,Healthcare,0
TX004340,240,2025-05-30 21:17:00,Refund,UPI,837.36,Success,Travel,0
TX004341,45,2025-12-30 02:43:00,Purchase,Debit Card,2440.61,Success,Other,0
TX004342,467,2025-12-12 08:56:00,Purchase,Credit Card,1290.92,Success,Utilities,0
TX004343,93,2025-02-12 08:07:00,Withdrawal,UPI,5745.03,Success,Education,0
TX004344,32,2025-01-03 19:49:00,Bill Payment,UPI,2621.08,Success,Travel,0
TX004345,67,2025-09-02 12:41:00,Transfer,Debit Card,629.03,Success,Shopping,0
TX004346,4,2025-09-08 01:51:00,Refund,Debit Card,1122.39,Success,Travel,0
TX004347,383,2025-03-31 17:13:00,Withdrawal,Debit Card,1053.35,Success,Utilities,0
TX004348,239,2025-02-08 06:39:00,Transfer,ATM,285.76,Failed,Shopping,0
TX004349,109,2025-07-09 15:26:00,Transfer,Credit Card,493.07,Success,Utilities,0
TX004350,263,2025-05-14 01:44:00,Withdrawal,ATM,680.86,Success,Education,0
TX004351,263,2025-08-26 08:55:00,Purchase,Net Banking,194.26,Success,Other,0
TX004352,203,2025-09-11 15:39:00,Purchase,Credit Card,1141.81,Success,Groceries,0
TX004353,241,2025-03-28 08:47:00,Transfer,UPI,887.39,Success,Dining,0
TX004354,401,2025-04-11 17:46:00,Purchase,Credit Card,264.55,Success,Dining,0
TX004355,142,2025-02-10 03:59:00,Bill Payment,UPI,1546.24,Success,Utilities,0
TX004356,381,2025-06-05 02:49:00,Purchase,Debit Card,2015.24,Success,Shopping,0
TX004357,153,2025-10-07 20:03:00,Transfer,UPI,1330.06,Success,Groceries,0
TX004358,480,2025-10-19 09:24:00,Withdrawal,UPI,832.59,Success,Shopping,0
TX004359,472,2025-08-11 12:57:00,Transfer,ATM,1812.98,Success,Groceries,0
TX004360,237,2025-10-23 18:38:00,Transfer,Net Banking,1955.08,Success,Healthcare,0
TX004361,231,2025-07-04 17:34:00,Withdrawal,ATM,1424.1,Success,Travel,0
TX004362,194,2025-06-23 15:39:00,Transfer,ATM,544.07,Success,Groceries,0
TX004363,251,2025-11-03 04:50:00,Bill Payment,UPI,1387.29,Success,Travel,0
TX004364,413,2025-09-08 00:32:00,Bill Payment,Debit Card,3029.52,Success,Shopping,0
TX004365,162,2025-08-28 10:05:00,Purchase,Debit Card,660.41,Success,Education,0
TX004366,299,2025-02-27 01:27:00,Purchase,UPI,6524.04,Success,Groceries,0
TX004367,121,2025-11-26 04:55:00,Purchase,Debit Card,701.49,Success,Healthcare,0
TX004368,350,2025-10-06 19:54:00,Purchase,UPI,1127.26,Reversed,Utilities,0
TX004369,477,2025-10-27 01:09:00,Transfer,UPI,619.17,Success,Healthcare,0
TX004370,356,2025-09-02 07:02:00,Withdrawal,Net Banking,1325.81,Success,Dining,0
TX004371,305,2025-09-09 05:04:00,Purchase,UPI,249.41,Success,Other,0
TX004372,39,2025-04-17 07:42:00,Purchase,Debit Card,689.43,Success,Healthcare,0
TX004373,161,2025-05-15 00:53:00,Purchase,Debit Card,433.42,Success,Utilities,0
TX004374,19,2025-01-15 21:51:00,Purchase,Debit Card,1230.33,Success,Dining,0
TX004375,136,2025-12-08 03:47:00,Bill Payment,UPI,2553.65,Success,Education,0
TX004376,57,2025-10-06 21:09:00,Purchase,Debit Card,1899.04,Success,Travel,0
TX004377,490,2025-08-20 03:33:00,Purchase,Credit Card,146.07,Success,Education,0
TX004378,167,2025-01-11 19:12:00,Purchase,UPI,6221.46,Success,Utilities,0
TX004379,465,2025-12-23 05:36:00,Transfer,UPI,1409.5,Success,Education,0
TX004380,152,2025-04-14 03:22:00,Purchase,Credit Card,566.78,Success,Dining,0
TX004381,190,2025-05-15 14:38:00,Purchase,ATM,1253.33,Success,Education,0
TX004382,109,2025-09-14 22:26:00,Purchase,UPI,1273.8,Success,Dining,0
TX004383,473,2025-10-16 22:27:00,Purchase,Debit Card,622.15,Success,Shopping,0
TX004384,296,2025-09-21 07:11:00,Transfer,UPI,1297.54,Success,Utilities,0
TX004385,356,2025-09-28 02:12:00,Bill Payment,UPI,654.35,Success,Utilities,0
TX004386,486,2025-12-16 11:39:00,Purchase,ATM,192041.9,Success,Groceries,1
TX004387,289,2025-06-11 16:48:00,Purchase,UPI,611.96,Success,Groceries,0
TX004388,222,2025-08-23 05:22:00,Bill Payment,Debit Card,324.48,Success,Healthcare,0
TX004389,348,2025-02-09 06:05:00,Purchase,UPI,1241.36,Success,Dining,0
TX004390,314,2025-01-13 01:47:00,Transfer,Debit Card,1803.54,Success,Education,0
TX004391,94,2025-09-23 02:22:00,Purchase,Debit Card,1698.76,Success,Shopping,0
TX004392,302,2025-09-25 11:50:00,Transfer,Net Banking,2201.59,Success,Education,0
TX004393,401,2025-08-25 05:17:00,Transfer,UPI,1444.75,Success,Other,0
TX004394,44,2025-02-28 02:44:00,Purchase,UPI,697.28,Success,Utilities,0
TX004395,453,2025-02-22 21:48:00,Transfer,Credit Card,2238.84,Success,Other,0
TX004396,400,2025-01-20 17:05:00,Purchase,Debit Card,345.89,Success,Other,0
TX004397,405,2025-03-02 15:01:00,Bill Payment,ATM,510.01,Success,Utilities,0
TX004398,355,2025-08-29 09:12:00,Transfer,Credit Card,483.2,Failed,Utilities,0
TX004399,216,2025-12-22 08:46:00,Transfer,UPI,2746.4,Success,Education,0
TX004400,188,2025-07-03 05:38:00,Transfer,UPI,2443.95,Success,Groceries,0
TX004401,433,2025-07-26 18:06:00,Purchase,Credit Card,1659.4,Success,Dining,0
TX004402,226,2025-02-26 15:55:00,Transfer,UPI,2727.5,Success,Healthcare,0
TX004403,237,2025-03-21 04:42:00,Transfer,Debit Card,519.37,Success,Dining,0
TX004404,8,2025-06-10 18:03:00,Purchase,Credit Card,1474.84,Success,Other,0
TX004405,240,2025-06-16 19:21:00,Withdrawal,UPI,985.95,Success,Other,0
TX004406,489,2025-12-02 10:15:00,Purchase,UPI,2252.62,Success,Utilities,0
TX004407,263,2025-10-18 01:13:00,Refund,Net Banking,994.32,Success,Education,0
TX004408,132,2025-02-13 12:26:00,Purchase,UPI,790.61,Success,Education,0
TX004409,18,2025-05-02 20:33:00,Purchase,Credit Card,1736.75,Success,Shopping,0
TX004410,39,2025-09-09 05:04:00,Bill Payment,Debit Card,2309.4,Reversed,Healthcare,0
TX004411,326,2025-01-24 08:08:00,Purchase,Debit Card,621.36,Success,Utilities,0
TX004412,390,2025-10-05 08:17:00,Refund,UPI,1041.15,Success,Healthcare,0
TX004413,345,2025-09-07 15:30:00,Purchase,Net Banking,446.0,Success,Travel,0
TX004414,316,2025-07-22 13:36:00,Transfer,Debit Card,131.19,Success,Travel,0
TX004415,242,2025-01-01 10:15:00,Transfer,Net Banking,1300.35,Success,Travel,0
TX004416,188,2025-03-04 02:17:00,Purchase,Debit Card,1840.09,Failed,Other,0
TX004417,424,2025-04-14 20:23:00,Purchase,UPI,1370.26,Success,Healthcare,0
TX004418,375,2025-06-11 03:47:00,Transfer,Debit Card,209.11,Success,Education,0
TX004419,43,2025-09-01 19:50:00,Purchase,ATM,813.85,Success,Groceries,0
TX004420,27,2025-09-04 05:28:00,Transfer,Net Banking,166.4,Success,Groceries,0
TX004421,372,2025-03-06 07:14:00,Purchase,UPI,3513.07,Success,Other,0
TX004422,84,2025-09-07 19:02:00,Withdrawal,Debit Card,435.66,Success,Groceries,0
TX004423,42,2025-01-05 08:27:00,Refund,UPI,3187.82,Success,Other,0
TX004424,138,2025-08-25 01:59:00,Transfer,Credit Card,2450.36,Failed,Shopping,0
TX004425,445,2025-08-07 03:25:00,Purchase,Debit Card,510.04,Success,Dining,0
TX004426,131,2025-10-30 17:01:00,Withdrawal,UPI,418.69,Success,Dining,0
TX004427,343,2025-08-25 02:12:00,Purchase,UPI,1477.07,Success,Shopping,0
TX004428,226,2025-04-17 05:05:00,Purchase,Net Banking,535.03,Success,Shopping,0
TX004429,123,2025-06-16 23:11:00,Bill Payment,ATM,1196.45,Success,Education,0
TX004430,408,2025-10-01 15:31:00,Purchase,Debit Card,727.49,Success,Education,0
TX004431,274,2025-02-11 22:44:00,Withdrawal,Net Banking,241.29,Success,Healthcare,0
TX004432,176,2025-06-30 17:38:00,Withdrawal,Net Banking,164.7,Success,Groceries,0
TX004433,410,2025-05-13 05:25:00,Transfer,Debit Card,1329.66,Success,Dining,0
TX004434,140,2025-08-03 04:02:00,Transfer,Debit Card,680.4,Success,Healthcare,0
TX004435,258,2025-05-26 21:57:00,Purchase,Credit Card,685.31,Success,Dining,0
TX004436,170,2025-01-10 18:15:00,Transfer,Debit Card,1981.25,Success,Healthcare,0
TX004437,392,2025-03-30 15:37:00,Purchase,ATM,2973.29,Success,Travel,0
TX004438,47,2025-09-09 18:11:00,Bill Payment,Net Banking,869.86,Success,Travel,0
TX004439,493,2025-07-14 12:11:00,Purchase,Credit Card,820.97,Success,Healthcare,0
TX004440,306,2025-03-22 23:07:00,Withdrawal,UPI,1677.6,Success,Travel,0
TX004441,257,2025-08-31 11:40:00,Purchase,Net Banking,346.06,Success,Dining,0
TX004442,355,2025-12-08 03:34:00,Bill Payment,UPI,1325.68,Success,Utilities,0
TX004443,337,2025-11-09 13:02:00,Purchase,UPI,1753.03,Failed,Utilities,0
TX004444,5,2025-05-02 22:48:00,Bill Payment,UPI,1955.1,Success,Other,0
TX004445,472,2025-10-16 05:50:00,Transfer,UPI,211.4,Failed,Dining,0
TX004446,241,2025-12-20 19:13:00,Transfer,Debit Card,574.13,Success,Education,0
TX004447,3,2025-04-18 07:01:00,Purchase,UPI,519.82,Success,Dining,0
TX004448,350,2025-06-22 17:43:00,Refund,Net Banking,1193.81,Success,Other,0
TX004449,94,2025-07-01 16:38:00,Purchase,UPI,1650.17,Success,Utilities,0
TX004450,217,2025-06-12 09:19:00,Bill Payment,Net Banking,3913.56,Success,Other,0
TX004451,302,2025-12-28 14:17:00,Transfer,Debit Card,720.02,Success,Healthcare,0
TX004452,263,2025-04-04 22:17:00,Bill Payment,Credit Card,718.43,Success,Groceries,0
TX004453,60,2025-12-01 06:11:00,Transfer,ATM,2913.82,Success,Shopping,0
TX004454,213,2025-12-29 04:00:00,Bill Payment,UPI,1411.05,Success,Utilities,0
TX004455,357,2025-06-15 04:18:00,Purchase,ATM,3221.18,Success,Dining,0
TX004456,193,2025-11-23 03:43:00,Purchase,Debit Card,1401.67,Success,Dining,0
TX004457,404,2025-04-18 06:18:00,Transfer,UPI,410.12,Success,Education,0
TX004458,61,2025-12-02 08:53:00,Bill Payment,ATM,353.13,Success,Utilities,0
TX004459,362,2025-02-18 04:10:00,Withdrawal,UPI,293.31,Failed,Other,0
TX004460,15,2025-08-28 06:58:00,Purchase,Debit Card,1925.12,Success,Shopping,0
TX004461,53,2025-05-18 21:43:00,Purchase,Credit Card,3011.84,Success,Shopping,0
TX004462,128,2025-01-20 05:52:00,Purchase,UPI,5281.46,Success,Other,0
TX004463,35,2025-07-15 11:27:00,Purchase,Debit Card,2245.4,Success,Healthcare,0
TX004464,215,2025-03-10 11:13:00,Bill Payment,Net Banking,2946.62,Success,Shopping,0
TX004465,279,2025-09-12 07:50:00,Purchase,Debit Card,669.8,Success,Groceries,0
TX004466,464,2025-05-24 20:22:00,Purchase,UPI,410.36,Success,Healthcare,0
TX004467,263,2025-05-27 02:57:00,Purchase,UPI,2258.75,Success,Travel,0
TX004468,268,2025-12-05 15:16:00,Purchase,Debit Card,1564.04,Success,Healthcare,0
TX004469,72,2025-01-28 16:19:00,Bill Payment,Net Banking,1201.5,Success,Education,0
TX004470,300,2025-01-16 02:39:00,Bill Payment,UPI,1524.26,Success,Dining,0
TX004471,90,2025-07-15 11:07:00,Transfer,UPI,1443.33,Success,Dining,0
TX004472,230,2025-11-18 15:30:00,Purchase,UPI,3265.75,Success,Utilities,0
TX004473,418,2025-08-13 14:30:00,Transfer,Net Banking,3296.9,Success,Utilities,0
TX004474,108,2025-09-29 12:49:00,Purchase,UPI,1741.65,Failed,Education,0
TX004475,151,2025-02-16 03:47:00,Withdrawal,ATM,2250.56,Success,Utilities,0
TX004476,219,2025-12-10 23:16:00,Transfer,Credit Card,1697.57,Success,Other,0
TX004477,379,2025-05-18 21:17:00,Refund,Credit Card,741.0,Success,Other,0
TX004478,230,2025-07-24 06:25:00,Purchase,UPI,2086.16,Failed,Groceries,0
TX004479,209,2025-03-08 06:18:00,Transfer,UPI,335.18,Success,Healthcare,0
TX004480,417,2025-11-13 18:55:00,Withdrawal,ATM,2686.0,Success,Shopping,0
TX004481,176,2025-11-21 07:07:00,Purchase,UPI,397.29,Success,Other,0
TX004482,256,2025-08-23 14:07:00,Withdrawal,UPI,1398.19,Success,Healthcare,0
TX004483,362,2025-08-01 15:10:00,Transfer,UPI,534.65,Success,Utilities,0
TX004484,88,2025-07-20 12:32:00,Purchase,ATM,1755.27,Success,Dining,0
TX004485,364,2025-03-01 10:12:00,Withdrawal,UPI,1065.46,Success,Healthcare,0
TX004486,173,2025-04-16 17:08:00,Bill Payment,Debit Card,282.72,Success,Shopping,0
TX004487,297,2025-10-17 17:29:00,Purchase,Net Banking,1568.06,Success,Travel,0
TX004488,54,2025-06-01 07:17:00,Transfer,Debit Card,671.0,Success,Education,0
TX004489,327,2025-10-13 13:41:00,Bill Payment,UPI,2319.19,Success,Education,0
TX004490,431,2025-10-14 10:54:00,Refund,UPI,1097.87,Success,Dining,0
TX004491,264,2025-09-02 09:03:00,Bill Payment,UPI,1534.73,Success,Shopping,0
TX004492,107,2025-03-10 05:38:00,Withdrawal,Debit Card,485.93,Success,Dining,0
TX004493,279,2025-08-08 06:52:00,Purchase,Debit Card,664.52,Success,Groceries,0
TX004494,338,2025-11-06 02:48:00,Purchase,UPI,742.6,Success,Healthcare,0
TX004495,299,2025-11-02 22:41:00,Transfer,Net Banking,2271.5,Success,Groceries,0
TX004496,250,2025-05-31 05:10:00,Purchase,Debit Card,4563.16,Success,Utilities,0
TX004497,484,2025-09-19 13:34:00,Purchase,Net Banking,553.14,Success,Travel,0
TX004498,124,2025-09-20 15:10:00,Bill Payment,Debit Card,2738.93,Success,Shopping,0
TX004499,127,2025-05-10 13:29:00,Purchase,Debit Card,173.43,Success,Travel,0
TX004500,20,2025-07-16 21:54:00,Transfer,ATM,397.4,Success,Other,0
TX004501,144,2025-11-01 23:58:00,Withdrawal,UPI,485.43,Success,Other,0
TX004502,252,2025-03-02 07:54:00,Transfer,Debit Card,347.36,Success,Healthcare,0
TX004503,312,2025-06-07 02:26:00,Transfer,UPI,285.42,Success,Dining,0
TX004504,181,2025-12-16 18:51:00,Transfer,Debit Card,1557.83,Success,Healthcare,0
TX004505,14,2025-11-21 09:57:00,Purchase,Net Banking,914.19,Success,Utilities,0
TX004506,289,2025-09-16 12:43:00,Transfer,UPI,1513.98,Success,Dining,0
TX004507,460,2025-01-28 01:18:00,Transfer,Debit Card,1972.19,Success,Utilities,0
TX004508,379,2025-11-07 15:43:00,Transfer,UPI,1374.4,Success,Other,0
TX004509,458,2025-09-01 11:29:00,Withdrawal,Debit Card,1918.12,Success,Travel,0
TX004510,202,2025-08-25 16:45:00,Purchase,Net Banking,1033.7,Success,Travel,0
TX004511,154,2025-10-31 00:08:00,Bill Payment,Debit Card,399.84,Success,Groceries,0
TX004512,412,2025-03-16 11:01:00,Purchase,Net Banking,2694.97,Success,Dining,0
TX004513,238,2025-03-15 17:18:00,Purchase,Credit Card,664.65,Success,Groceries,0
TX004514,97,2025-10-27 11:24:00,Withdrawal,Credit Card,495.09,Success,Travel,0
TX004515,403,2025-03-03 08:38:00,Withdrawal,UPI,942.72,Success,Utilities,0
TX004516,299,2025-03-14 22:01:00,Refund,UPI,504.77,Success,Groceries,0
TX004517,295,2025-04-02 05:01:00,Purchase,Net Banking,769.07,Success,Groceries,0
TX004518,186,2025-09-19 13:44:00,Bill Payment,UPI,1469.16,Success,Groceries,0
TX004519,363,2025-01-10 19:08:00,Purchase,Net Banking,1474.52,Success,Utilities,0
TX004520,410,2025-11-28 15:32:00,Transfer,Net Banking,511.24,Success,Travel,0
TX004521,284,2025-11-24 16:42:00,Transfer,ATM,724.48,Success,Dining,0
TX004522,380,2025-12-17 16:51:00,Withdrawal,UPI,2733.08,Success,Other,0
TX004523,36,2025-03-15 14:13:00,Purchase,Credit Card,1672.27,Success,Other,0
TX004524,219,2025-07-19 02:34:00,Purchase,UPI,6398.41,Success,Travel,0
TX004525,394,2025-02-12 09:58:00,Purchase,Net Banking,2990.24,Success,Shopping,0
TX004526,258,2025-01-31 10:21:00,Refund,UPI,2900.53,Success,Groceries,0
TX004527,84,2025-08-14 00:46:00,Transfer,Debit Card,337.08,Success,Travel,0
TX004528,297,2025-05-19 07:08:00,Transfer,UPI,2099.14,Success,Travel,0
TX004529,347,2025-07-29 14:40:00,Bill Payment,UPI,1048.23,Success,Shopping,0
TX004530,165,2025-05-23 22:11:00,Bill Payment,Credit Card,686.54,Success,Utilities,0
TX004531,120,2025-10-04 20:15:00,Purchase,Net Banking,1264.98,Success,Dining,0
TX004532,499,2025-12-04 01:30:00,Withdrawal,Credit Card,2448.99,Success,Groceries,0
TX004533,440,2025-08-27 13:10:00,Purchase,Debit Card,1678.59,Success,Other,0
TX004534,149,2025-01-14 00:31:00,Purchase,Net Banking,519.72,Success,Utilities,0
TX004535,12,2025-10-05 23:03:00,Bill Payment,UPI,2061.3,Success,Healthcare,0
TX004536,221,2025-01-11 03:03:00,Bill Payment,UPI,637.82,Success,Education,0
TX004537,177,2025-01-22 03:05:00,Bill Payment,Debit Card,1318.41,Success,Healthcare,0
TX004538,363,2025-11-09 23:51:00,Transfer,UPI,847.38,Success,Shopping,0
TX004539,61,2025-05-24 14:05:00,Purchase,UPI,910.47,Success,Travel,0
TX004540,48,2025-08-26 12:05:00,Refund,Credit Card,2103.39,Success,Other,0
TX004541,500,2025-11-05 08:11:00,Refund,ATM,452.97,Success,Education,0
TX004542,441,2025-10-08 21:20:00,Purchase,UPI,5729.68,Success,Healthcare,0
TX004543,305,2025-08-10 04:43:00,Purchase,Net Banking,233.24,Failed,Education,0
TX004544,352,2025-08-09 03:02:00,Purchase,Credit Card,659.83,Success,Other,0
TX004545,31,2025-01-11 15:50:00,Transfer,Credit Card,1502.19,Success,Groceries,0
TX004546,297,2025-06-30 09:32:00,Bill Payment,UPI,1802.03,Success,Shopping,0
TX004547,128,2025-03-08 11:37:00,Purchase,UPI,1006.86,Success,Healthcare,0
TX004548,456,2025-07-14 14:40:00,Withdrawal,UPI,1044.42,Success,Shopping,0
TX004549,320,2025-11-15 16:14:00,Transfer,UPI,1554.59,Success,Other,0
TX004550,96,2025-02-21 18:02:00,Transfer,Net Banking,901.08,Success,Utilities,0
TX004551,352,2025-05-17 02:36:00,Transfer,UPI,3583.89,Success,Travel,0
TX004552,109,2025-08-14 19:26:00,Withdrawal,Net Banking,2238.24,Success,Shopping,0
TX004553,471,2025-04-24 03:56:00,Transfer,UPI,2302.85,Success,Shopping,0
TX004554,281,2025-09-16 15:52:00,Transfer,UPI,482.4,Success,Utilities,0
TX004555,488,2025-03-29 13:42:00,Transfer,UPI,1025.07,Success,Other,0
TX004556,187,2025-07-08 22:03:00,Purchase,UPI,849.46,Success,Other,0
TX004557,484,2025-09-17 03:01:00,Purchase,UPI,466.49,Success,Groceries,0
TX004558,205,2025-03-25 00:09:00,Purchase,UPI,1489.42,Success,Other,0
TX004559,205,2025-01-14 14:04:00,Purchase,UPI,694.37,Success,Travel,0
TX004560,384,2025-10-10 15:00:00,Purchase,Net Banking,1914.27,Success,Travel,0
TX004561,362,2025-04-24 10:51:00,Withdrawal,Credit Card,441.57,Success,Education,0
TX004562,61,2025-02-07 03:05:00,Purchase,Net Banking,4727.65,Success,Travel,0
TX004563,46,2025-07-08 00:20:00,Transfer,UPI,511.89,Success,Healthcare,0
TX004564,174,2025-09-16 05:45:00,Transfer,UPI,1321.35,Success,Education,0
TX004565,257,2025-12-20 02:02:00,Purchase,Debit Card,2149.69,Success,Shopping,0
TX004566,256,2025-06-14 14:18:00,Purchase,UPI,675.16,Success,Dining,0
TX004567,324,2025-09-07 18:14:00,Purchase,ATM,2263.34,Success,Education,0
TX004568,404,2025-06-04 08:53:00,Purchase,UPI,62934.95,Success,Education,1
TX004569,330,2025-12-23 14:17:00,Purchase,Debit Card,3768.0,Success,Education,0
TX004570,410,2025-08-02 17:40:00,Transfer,UPI,1109.9,Success,Other,0
TX004571,381,2025-11-14 14:09:00,Withdrawal,UPI,660.54,Success,Groceries,0
TX004572,483,2025-07-31 12:14:00,Purchase,Credit Card,850.39,Failed,Shopping,0
TX004573,133,2025-01-11 16:41:00,Withdrawal,Debit Card,2181.09,Success,Healthcare,0
TX004574,17,2025-07-17 22:00:00,Purchase,UPI,667.28,Success,Groceries,0
TX004575,124,2025-04-11 03:48:00,Withdrawal,Debit Card,580.01,Success,Other,0
TX004576,417,2025-06-18 17:14:00,Purchase,Credit Card,908.41,Success,Healthcare,0
TX004577,365,2025-08-29 13:51:00,Transfer,Net Banking,403.26,Success,Healthcare,0
TX004578,131,2025-04-14 19:06:00,Transfer,UPI,5153.66,Success,Travel,0
TX004579,380,2025-10-01 15:20:00,Transfer,Net Banking,677.61,Success,Education,0
TX004580,67,2025-06-22 19:33:00,Purchase,Debit Card,2223.58,Success,Travel,0
TX004581,332,2025-12-28 11:26:00,Purchase,UPI,1310.35,Success,Dining,0
TX004582,357,2025-10-01 12:37:00,Purchase,UPI,474.92,Success,Education,0
TX004583,365,2025-03-19 11:59:00,Transfer,Net Banking,1091.1,Success,Other,0
TX004584,368,2025-02-03 04:00:00,Transfer,Credit Card,2135.39,Success,Groceries,0
TX004585,239,2025-07-22 12:01:00,Bill Payment,UPI,934.47,Success,Healthcare,0
TX004586,230,2025-05-28 11:15:00,Bill Payment,Credit Card,3023.43,Success,Dining,0
TX004587,287,2025-04-13 14:46:00,Purchase,ATM,2613.09,Success,Shopping,0
TX004588,161,2025-09-17 19:49:00,Purchase,UPI,2394.85,Success,Shopping,0
TX004589,328,2025-03-19 15:33:00,Transfer,Credit Card,741.96,Success,Education,0
TX004590,338,2025-06-29 02:39:00,Transfer,Debit Card,437.96,Success,Utilities,0
TX004591,213,2025-11-19 07:31:00,Purchase,UPI,650.96,Success,Travel,0
TX004592,424,2025-01-31 03:24:00,Purchase,Debit Card,1295.7,Success,Travel,0
TX004593,428,2025-07-11 00:46:00,Bill Payment,ATM,1743.97,Success,Dining,0
TX004594,38,2025-12-06 11:05:00,Withdrawal,UPI,173.15,Success,Education,0
TX004595,62,2025-01-28 16:40:00,Purchase,UPI,1089.1,Success,Travel,0
TX004596,496,2025-02-07 12:38:00,Refund,Net Banking,1254.35,Success,Other,0
TX004597,186,2025-10-19 08:38:00,Purchase,Credit Card,866.18,Success,Shopping,0
TX004598,492,2025-09-24 09:25:00,Withdrawal,Credit Card,3286.51,Success,Healthcare,0
TX004599,497,2025-09-16 15:59:00,Purchase,Debit Card,1569.5,Success,Dining,0
TX004600,287,2025-09-03 15:32:00,Bill Payment,Credit Card,3339.79,Success,Travel,0
TX004601,324,2025-02-23 12:46:00,Purchase,UPI,912.72,Success,Groceries,0
TX004602,282,2025-12-19 18:29:00,Purchase,UPI,2432.94,Failed,Groceries,0
TX004603,315,2025-05-29 22:45:00,Transfer,UPI,4401.97,Success,Healthcare,0
TX004604,467,2025-09-19 18:03:00,Bill Payment,Debit Card,3344.06,Success,Healthcare,0
TX004605,236,2025-01-24 00:03:00,Purchase,UPI,433.41,Success,Travel,0
TX004606,394,2025-09-19 03:40:00,Purchase,UPI,883.93,Success,Groceries,0
TX004607,426,2025-10-03 14:52:00,Withdrawal,Net Banking,817.79,Success,Shopping,0
TX004608,250,2025-07-09 09:27:00,Withdrawal,Debit Card,1662.15,Success,Education,0
TX004609,385,2025-10-22 00:46:00,Bill Payment,UPI,1965.3,Success,Groceries,0
TX004610,293,2025-12-17 22:42:00,Bill Payment,Debit Card,537.51,Success,Utilities,0
TX004611,345,2025-09-11 03:08:00,Transfer,Debit Card,1161.73,Success,Education,0
TX004612,479,2025-09-07 01:53:00,Purchase,UPI,196.97,Success,Dining,0
TX004613,345,2025-11-11 09:13:00,Purchase,UPI,3735.56,Success,Other,0
TX004614,203,2025-05-12 05:39:00,Transfer,UPI,709.44,Success,Travel,0
TX004615,229,2025-12-30 08:05:00,Transfer,Debit Card,1149.96,Success,Groceries,0
TX004616,100,2025-04-22 21:30:00,Purchase,UPI,842.86,Success,Utilities,0
TX004617,204,2025-08-11 14:59:00,Refund,UPI,2904.81,Success,Education,0
TX004618,340,2025-12-13 15:00:00,Bill Payment,UPI,98.31,Success,Other,0
TX004619,115,2025-03-29 22:27:00,Purchase,Net Banking,1081.26,Reversed,Other,0
TX004620,386,2025-10-10 06:27:00,Bill Payment,Net Banking,1002.3,Success,Healthcare,0
TX004621,45,2025-06-07 12:49:00,Transfer,UPI,745.76,Success,Other,0
TX004622,189,2025-02-14 11:33:00,Purchase,Credit Card,4756.62,Success,Groceries,0
TX004623,32,2025-09-20 04:31:00,Withdrawal,Net Banking,515.83,Success,Education,0
TX004624,308,2025-12-05 20:36:00,Purchase,UPI,2113.34,Success,Dining,0
TX004625,67,2025-02-24 09:54:00,Transfer,UPI,1484.47,Success,Shopping,0
TX004626,239,2025-02-20 21:42:00,Bill Payment,Net Banking,3204.44,Success,Utilities,0
TX004627,96,2025-05-03 16:54:00,Withdrawal,UPI,621.97,Success,Other,0
TX004628,423,2025-10-07 04:35:00,Withdrawal,Credit Card,588.15,Success,Dining,0
TX004629,73,2025-08-27 11:18:00,Purchase,ATM,2784.04,Success,Groceries,0
TX004630,137,2025-03-13 21:54:00,Purchase,Net Banking,1574.23,Success,Shopping,0
TX004631,274,2025-04-13 06:48:00,Purchase,Debit Card,294.95,Success,Other,0
TX004632,457,2025-07-19 07:28:00,Transfer,UPI,693.39,Success,Healthcare,0
TX004633,386,2025-12-07 12:19:00,Transfer,UPI,1522.98,Success,Education,0
TX004634,277,2025-01-07 00:43:00,Bill Payment,Credit Card,2235.23,Success,Healthcare,0
TX004635,158,2025-04-21 02:51:00,Withdrawal,Credit Card,615.63,Success,Shopping,0
TX004636,238,2025-08-14 23:58:00,Transfer,UPI,92.1,Success,Utilities,0
TX004637,323,2025-10-27 23:24:00,Transfer,Debit Card,1710.84,Success,Healthcare,0
TX004638,316,2025-03-16 08:08:00,Purchase,ATM,388.67,Success,Groceries,0
TX004639,114,2025-08-08 15:06:00,Transfer,Net Banking,197.41,Success,Shopping,0
TX004640,347,2025-03-18 21:43:00,Purchase,UPI,98.74,Success,Healthcare,0
TX004641,388,2025-07-31 18:34:00,Bill Payment,UPI,2190.5,Success,Travel,0
TX004642,349,2025-09-07 09:10:00,Withdrawal,UPI,115386.78,Success,Education,1
TX004643,327,2025-09-02 08:06:00,Withdrawal,UPI,905.23,Reversed,Other,0
TX004644,214,2025-06-21 11:56:00,Purchase,UPI,3571.25,Success,Education,0
TX004645,127,2025-02-21 19:39:00,Transfer,UPI,1885.08,Success,Groceries,0
TX004646,119,2025-07-12 03:26:00,Purchase,UPI,4332.31,Success,Utilities,0
TX004647,53,2025-04-29 10:06:00,Purchase,Credit Card,335.69,Success,Dining,0
TX004648,106,2025-07-28 12:51:00,Transfer,UPI,1064.9,Success,Healthcare,0
TX004649,470,2025-08-06 04:04:00,Purchase,UPI,277.49,Success,Dining,0
TX004650,213,2025-05-12 21:46:00,Purchase,Credit Card,902.37,Success,Groceries,0
TX004651,263,2025-06-28 14:55:00,Purchase,UPI,887.74,Success,Utilities,0
TX004652,377,2025-10-21 16:44:00,Bill Payment,ATM,1868.0,Success,Utilities,0
TX004653,180,2025-09-25 21:47:00,Purchase,Net Banking,1139.94,Success,Utilities,0
TX004654,88,2025-12-11 19:39:00,Withdrawal,UPI,1862.91,Success,Shopping,0
TX004655,307,2025-12-23 16:38:00,Purchase,Credit Card,64405.73,Success,Groceries,1
TX004656,155,2025-07-19 18:44:00,Transfer,UPI,6847.85,Success,Other,0
TX004657,107,2025-12-22 09:50:00,Bill Payment,UPI,838.82,Success,Other,0
TX004658,397,2025-10-07 21:49:00,Transfer,Debit Card,492.81,Success,Healthcare,0
TX004659,315,2025-05-13 04:31:00,Transfer,UPI,1351.77,Success,Groceries,0
TX004660,403,2025-10-25 03:06:00,Transfer,UPI,554.5,Success,Education,0
TX004661,150,2025-11-30 05:56:00,Bill Payment,Credit Card,3864.81,Success,Travel,0
TX004662,8,2025-04-14 23:17:00,Purchase,Debit Card,862.01,Success,Education,0
TX004663,493,2025-07-29 05:21:00,Bill Payment,UPI,678.08,Success,Shopping,0
TX004664,277,2025-06-10 08:58:00,Withdrawal,Net Banking,734.64,Success,Healthcare,0
TX004665,67,2025-07-02 11:19:00,Bill Payment,UPI,2019.6,Success,Travel,0
TX004666,284,2025-03-11 16:19:00,Purchase,Net Banking,959.02,Success,Travel,0
TX004667,304,2025-07-12 11:32:00,Bill Payment,Debit Card,635.61,Success,Shopping,0
TX004668,418,2025-04-07 03:04:00,Purchase,Debit Card,4516.76,Success,Shopping,0
TX004669,258,2025-01-15 18:33:00,Purchase,Credit Card,529.67,Success,Education,0
TX004670,144,2025-05-24 04:32:00,Withdrawal,ATM,1130.29,Failed,Dining,0
TX004671,397,2025-11-15 12:41:00,Purchase,UPI,1909.24,Success,Travel,0
TX004672,96,2025-10-26 15:26:00,Purchase,UPI,274.06,Success,Other,0
TX004673,33,2025-01-02 20:38:00,Transfer,UPI,1649.49,Success,Dining,0
TX004674,196,2025-06-05 12:38:00,Purchase,UPI,447.27,Success,Education,0
TX004675,133,2025-06-10 16:06:00,Purchase,UPI,2206.95,Success,Travel,0
TX004676,219,2025-01-30 12:20:00,Purchase,UPI,483.84,Reversed,Shopping,0
TX004677,373,2025-07-29 04:31:00,Withdrawal,UPI,1976.05,Success,Education,0
TX004678,364,2025-07-03 00:44:00,Withdrawal,Credit Card,2807.24,Success,Groceries,0
TX004679,22,2025-10-14 20:09:00,Bill Payment,UPI,2280.66,Success,Shopping,0
TX004680,191,2025-02-17 16:53:00,Bill Payment,UPI,1357.8,Success,Travel,0
TX004681,418,2025-03-23 08:18:00,Transfer,UPI,179391.03,Success,Healthcare,1
TX004682,403,2025-11-08 03:27:00,Transfer,Net Banking,198727.72,Success,Travel,1
TX004683,95,2025-11-08 12:03:00,Purchase,UPI,3829.08,Failed,Travel,0
TX004684,467,2025-05-17 10:53:00,Transfer,UPI,605.12,Success,Dining,0
TX004685,312,2025-07-26 21:02:00,Withdrawal,UPI,454.18,Success,Healthcare,0
TX004686,19,2025-11-16 08:06:00,Purchase,UPI,1930.56,Success,Shopping,0
TX004687,427,2025-12-05 03:07:00,Transfer,Debit Card,557.4,Success,Other,0
TX004688,40,2025-06-25 20:45:00,Purchase,UPI,489.04,Failed,Shopping,0
TX004689,363,2025-03-01 07:45:00,Withdrawal,ATM,321.48,Success,Healthcare,0
TX004690,9,2025-06-28 13:08:00,Bill Payment,Credit Card,727.44,Success,Shopping,0
TX004691,107,2025-10-23 22:11:00,Purchase,Credit Card,1022.18,Success,Utilities,0
TX004692,22,2025-07-24 19:31:00,Bill Payment,Net Banking,1348.34,Success,Groceries,0
TX004693,484,2025-12-28 04:27:00,Bill Payment,Debit Card,2461.71,Failed,Other,0
TX004694,254,2025-05-13 05:49:00,Transfer,UPI,1716.19,Success,Groceries,0
TX004695,199,2025-05-26 10:14:00,Purchase,Credit Card,932.4,Reversed,Education,0
TX004696,404,2025-12-22 11:22:00,Withdrawal,Credit Card,926.61,Success,Education,0
TX004697,304,2025-12-29 20:46:00,Bill Payment,ATM,1691.94,Success,Travel,0
TX004698,87,2025-02-10 02:39:00,Purchase,UPI,3234.68,Success,Travel,0
TX004699,461,2025-02-14 05:08:00,Transfer,UPI,1220.93,Success,Shopping,0
TX004700,448,2025-09-05 09:58:00,Transfer,Debit Card,736.01,Success,Healthcare,0
TX004701,183,2025-08-01 12:35:00,Bill Payment,Debit Card,471.57,Success,Utilities,0
TX004702,31,2025-06-06 06:19:00,Withdrawal,UPI,321.04,Success,Healthcare,0
TX004703,308,2025-06-06 17:32:00,Transfer,Credit Card,1932.04,Reversed,Travel,0
TX004704,434,2025-01-08 08:11:00,Bill Payment,Credit Card,1792.35,Success,Education,0
TX004705,441,2025-07-19 08:45:00,Purchase,UPI,1791.41,Success,Travel,0
TX004706,73,2025-10-02 17:13:00,Purchase,UPI,983.03,Success,Education,0
TX004707,403,2025-04-10 18:59:00,Withdrawal,ATM,3626.03,Success,Dining,0
TX004708,131,2025-09-30 00:42:00,Withdrawal,UPI,726.69,Success,Travel,0
TX004709,355,2025-08-11 12:36:00,Transfer,UPI,2470.01,Success,Shopping,0
TX004710,140,2025-06-04 16:24:00,Transfer,UPI,1061.11,Success,Education,0
TX004711,6,2025-08-04 00:56:00,Transfer,Net Banking,653.87,Success,Groceries,0
TX004712,212,2025-10-29 08:30:00,Purchase,ATM,1814.66,Success,Shopping,0
TX004713,351,2025-08-14 02:14:00,Transfer,Net Banking,1553.38,Success,Other,0
TX004714,133,2025-02-21 13:50:00,Transfer,UPI,1485.38,Success,Groceries,0
TX004715,149,2025-08-14 20:14:00,Purchase,ATM,1175.07,Success,Education,0
TX004716,92,2025-04-26 02:57:00,Bill Payment,Credit Card,1061.87,Success,Education,0
TX004717,386,2025-05-23 04:32:00,Transfer,Net Banking,8350.83,Success,Travel,0
TX004718,201,2025-12-08 13:43:00,Bill Payment,UPI,3000.75,Reversed,Education,0
TX004719,64,2025-06-20 21:47:00,Refund,Credit Card,2027.18,Success,Groceries,0
TX004720,69,2025-12-18 17:47:00,Withdrawal,Credit Card,1205.96,Success,Education,0
TX004721,44,2025-02-14 00:57:00,Withdrawal,UPI,2581.39,Success,Education,0
TX004722,5,2025-10-07 14:49:00,Purchase,Debit Card,1703.25,Success,Education,0
TX004723,449,2025-07-19 15:55:00,Transfer,Debit Card,1121.33,Success,Groceries,0
TX004724,64,2025-05-25 02:51:00,Purchase,UPI,847.23,Success,Dining,0
TX004725,23,2025-02-27 13:49:00,Purchase,UPI,1023.74,Failed,Shopping,0
TX004726,45,2025-09-18 23:28:00,Bill Payment,UPI,74.08,Failed,Healthcare,0
TX004727,78,2025-05-05 08:41:00,Bill Payment,UPI,1311.61,Success,Dining,0
TX004728,308,2025-05-23 04:03:00,Bill Payment,Debit Card,724.0,Failed,Groceries,0
TX004729,174,2025-10-09 08:05:00,Purchase,Debit Card,4246.16,Success,Healthcare,0
TX004730,102,2025-10-07 10:53:00,Purchase,Credit Card,1114.81,Success,Education,0
TX004731,9,2025-04-30 22:13:00,Transfer,Net Banking,399.17,Success,Shopping,0
TX004732,77,2025-02-16 04:39:00,Withdrawal,Credit Card,62779.61,Success,Dining,1
TX004733,470,2025-04-04 23:41:00,Bill Payment,UPI,450.7,Success,Travel,0
TX004734,144,2025-11-10 21:18:00,Purchase,Net Banking,1639.91,Success,Shopping,0
TX004735,136,2025-09-10 22:05:00,Bill Payment,Net Banking,1404.32,Success,Other,0
TX004736,303,2025-10-05 10:58:00,Transfer,Credit Card,2475.42,Success,Travel,0
TX004737,476,2025-02-11 18:45:00,Purchase,Debit Card,559.9,Success,Travel,0
TX004738,258,2025-02-09 16:53:00,Transfer,ATM,1128.8,Success,Utilities,0
TX004739,442,2025-04-24 03:13:00,Purchase,UPI,343.69,Success,Education,0
TX004740,416,2025-03-21 00:33:00,Transfer,UPI,1990.76,Failed,Healthcare,0
TX004741,444,2025-02-16 10:04:00,Purchase,Credit Card,1704.52,Success,Utilities,0
TX004742,101,2025-09-30 16:44:00,Withdrawal,Debit Card,1671.43,Success,Dining,0
TX004743,383,2025-03-09 14:29:00,Purchase,UPI,1098.14,Success,Other,0
TX004744,497,2025-07-11 15:38:00,Transfer,Credit Card,1560.18,Success,Shopping,0
TX004745,129,2025-05-03 11:35:00,Purchase,Debit Card,4288.48,Success,Other,0
TX004746,82,2025-01-03 14:10:00,Refund,UPI,860.63,Success,Education,0
TX004747,363,2025-01-17 02:45:00,Transfer,Debit Card,1233.79,Success,Other,0
TX004748,41,2025-09-21 05:18:00,Transfer,UPI,435.63,Success,Shopping,0
TX004749,367,2025-11-28 19:06:00,Purchase,UPI,524.25,Success,Utilities,0
TX004750,203,2025-02-16 17:55:00,Purchase,Credit Card,1191.71,Success,Travel,0
TX004751,132,2025-10-15 18:12:00,Bill Payment,UPI,2802.71,Success,Education,0
TX004752,42,2025-04-11 23:38:00,Bill Payment,UPI,881.97,Success,Education,0
TX004753,477,2025-04-22 08:55:00,Purchase,Debit Card,897.37,Success,Travel,0
TX004754,305,2025-10-17 16:54:00,Transfer,Debit Card,776.0,Success,Healthcare,0
TX004755,117,2025-03-24 16:16:00,Withdrawal,Net Banking,696.07,Failed,Utilities,0
TX004756,319,2025-06-07 08:03:00,Bill Payment,Debit Card,1409.13,Success,Shopping,0
TX004757,406,2025-08-19 12:49:00,Purchase,UPI,307.15,Success,Healthcare,0
TX004758,417,2025-07-20 19:30:00,Withdrawal,Debit Card,3257.77,Success,Travel,0
TX004759,429,2025-12-06 13:06:00,Transfer,UPI,622.9,Reversed,Utilities,0
TX004760,60,2025-05-14 09:16:00,Transfer,UPI,2025.59,Success,Education,0
TX004761,471,2025-03-21 22:48:00,Transfer,Debit Card,372.6,Success,Shopping,0
TX004762,110,2025-02-12 18:56:00,Purchase,UPI,1936.26,Success,Groceries,0
TX004763,476,2025-11-17 08:04:00,Purchase,UPI,1941.38,Success,Dining,0
TX004764,375,2025-12-09 21:34:00,Bill Payment,Net Banking,1520.16,Success,Other,0
TX004765,159,2025-06-17 10:04:00,Transfer,Net Banking,470.94,Success,Shopping,0
TX004766,207,2025-05-21 04:08:00,Purchase,ATM,1355.76,Success,Groceries,0
TX004767,345,2025-12-19 01:35:00,Purchase,ATM,401.18,Success,Utilities,0
TX004768,62,2025-11-12 02:28:00,Bill Payment,Net Banking,884.61,Success,Shopping,0
TX004769,440,2025-11-08 19:19:00,Transfer,Net Banking,2630.69,Success,Dining,0
TX004770,391,2025-06-10 07:57:00,Purchase,UPI,2158.56,Success,Shopping,0
TX004771,436,2025-01-05 00:56:00,Bill Payment,Credit Card,1110.88,Success,Education,0
TX004772,292,2025-03-02 11:24:00,Transfer,UPI,478.86,Success,Education,0
TX004773,17,2025-11-20 02:36:00,Purchase,UPI,1898.37,Success,Dining,0
TX004774,335,2025-11-29 19:55:00,Purchase,ATM,1114.85,Success,Travel,0
TX004775,58,2025-12-18 22:09:00,Transfer,UPI,152.59,Success,Travel,0
TX004776,79,2025-12-19 00:39:00,Purchase,UPI,2132.89,Success,Other,0
TX004777,286,2025-09-06 09:14:00,Purchase,Credit Card,1074.28,Success,Shopping,0
TX004778,405,2025-05-17 23:51:00,Purchase,ATM,3047.52,Success,Healthcare,0
TX004779,297,2025-05-08 06:57:00,Bill Payment,Credit Card,432.26,Success,Healthcare,0
TX004780,294,2025-12-06 08:23:00,Purchase,UPI,73.69,Success,Shopping,0
TX004781,472,2025-02-08 00:16:00,Purchase,Net Banking,1390.23,Success,Healthcare,0
TX004782,296,2025-06-30 18:52:00,Purchase,UPI,1405.05,Success,Other,0
TX004783,188,2025-07-26 18:52:00,Purchase,Net Banking,260.59,Success,Dining,0
TX004784,46,2025-06-26 18:35:00,Purchase,Debit Card,477.36,Success,Groceries,0
TX004785,492,2025-07-19 10:06:00,Transfer,Net Banking,11406.46,Success,Utilities,0
TX004786,99,2025-03-14 23:51:00,Transfer,UPI,845.76,Success,Travel,0
TX004787,187,2025-11-12 06:13:00,Purchase,UPI,2041.24,Success,Healthcare,0
TX004788,158,2025-07-11 09:32:00,Bill Payment,UPI,630.77,Success,Dining,0
TX004789,256,2025-08-14 04:18:00,Purchase,UPI,185.53,Success,Travel,0
TX004790,2,2025-11-11 13:48:00,Withdrawal,ATM,948.88,Failed,Dining,0
TX004791,423,2025-06-17 13:53:00,Withdrawal,UPI,875.01,Reversed,Travel,0
TX004792,176,2025-12-24 06:12:00,Bill Payment,UPI,780.63,Success,Other,0
TX004793,314,2025-12-08 17:39:00,Transfer,Debit Card,994.81,Success,Groceries,0
TX004794,300,2025-09-03 23:20:00,Purchase,UPI,1372.83,Success,Utilities,0
TX004795,222,2025-04-22 05:57:00,Purchase,UPI,965.26,Success,Other,0
TX004796,82,2025-11-23 03:39:00,Purchase,UPI,374.5,Success,Healthcare,0
TX004797,186,2025-11-30 03:26:00,Transfer,Debit Card,1657.82,Success,Other,0
TX004798,4,2025-02-13 03:51:00,Purchase,UPI,209.15,Success,Other,0
TX004799,347,2025-07-01 17:31:00,Purchase,Net Banking,191.94,Success,Groceries,0
TX004800,419,2025-12-18 20:38:00,Transfer,Debit Card,2055.56,Success,Education,0
TX004801,387,2025-01-23 21:04:00,Purchase,Credit Card,1687.44,Success,Shopping,0
TX004802,483,2025-05-07 06:06:00,Transfer,ATM,1044.42,Success,Dining,0
TX004803,425,2025-03-19 09:11:00,Bill Payment,Net Banking,334.91,Success,Dining,0
TX004804,453,2025-06-30 15:43:00,Purchase,UPI,600.81,Success,Other,0
TX004805,337,2025-06-04 11:33:00,Bill Payment,Credit Card,877.14,Success,Dining,0
TX004806,377,2025-05-02 21:20:00,Transfer,Credit Card,282.45,Success,Dining,0
TX004807,498,2025-06-11 03:39:00,Withdrawal,UPI,585.13,Success,Shopping,0
TX004808,141,2025-11-07 19:28:00,Purchase,UPI,1909.28,Success,Utilities,0
TX004809,130,2025-01-09 13:30:00,Withdrawal,UPI,3689.36,Success,Groceries,0
TX004810,287,2025-09-21 22:55:00,Purchase,Net Banking,767.76,Success,Shopping,0
TX004811,329,2025-08-16 02:21:00,Purchase,Net Banking,2086.02,Success,Healthcare,0
TX004812,144,2025-07-21 16:37:00,Bill Payment,UPI,215.52,Success,Healthcare,0
TX004813,118,2025-07-13 17:31:00,Purchase,Credit Card,1920.87,Success,Shopping,0
TX004814,96,2025-09-20 17:34:00,Transfer,UPI,553.71,Success,Groceries,0
TX004815,357,2025-12-01 12:37:00,Purchase,Net Banking,1424.03,Success,Groceries,0
TX004816,496,2025-10-20 08:07:00,Bill Payment,UPI,181986.68,Success,Dining,1
TX004817,430,2025-01-11 16:09:00,Purchase,UPI,3368.93,Success,Healthcare,0
TX004818,265,2025-03-25 21:47:00,Bill Payment,Debit Card,521.51,Success,Dining,0
TX004819,474,2025-05-24 15:47:00,Transfer,Debit Card,1869.57,Reversed,Education,0
TX004820,443,2025-06-07 05:51:00,Withdrawal,UPI,864.73,Failed,Other,0
TX004821,101,2025-10-27 08:48:00,Withdrawal,Debit Card,958.57,Success,Utilities,0
TX004822,401,2025-01-20 13:06:00,Withdrawal,Credit Card,937.98,Success,Groceries,0
TX004823,450,2025-02-02 07:50:00,Purchase,Debit Card,534.42,Success,Travel,0
TX004824,350,2025-11-15 03:50:00,Transfer,UPI,1083.57,Success,Other,0
TX004825,244,2025-07-25 23:52:00,Transfer,UPI,1039.76,Success,Groceries,0
TX004826,219,2025-02-01 17:55:00,Purchase,UPI,1346.22,Success,Healthcare,0
TX004827,139,2025-09-14 23:30:00,Bill Payment,Debit Card,1178.3,Success,Healthcare,0
TX004828,343,2025-10-03 18:16:00,Withdrawal,Credit Card,2160.93,Success,Other,0
TX004829,15,2025-09-22 09:37:00,Purchase,Debit Card,2404.22,Success,Groceries,0
TX004830,247,2025-02-01 00:27:00,Transfer,Net Banking,448.98,Failed,Utilities,0
TX004831,308,2025-03-08 09:15:00,Purchase,Credit Card,2294.93,Success,Travel,0
TX004832,66,2025-03-10 07:18:00,Transfer,UPI,400.06,Success,Dining,0
TX004833,492,2025-09-02 17:31:00,Purchase,Credit Card,1807.46,Success,Other,0
TX004834,211,2025-12-07 11:40:00,Transfer,UPI,1857.11,Success,Groceries,0
TX004835,251,2025-07-30 17:27:00,Purchase,UPI,216.02,Success,Healthcare,0
TX004836,61,2025-11-19 17:53:00,Purchase,UPI,1186.82,Success,Other,0
TX004837,271,2025-03-16 15:11:00,Withdrawal,Credit Card,736.4,Success,Dining,0
TX004838,263,2025-12-19 19:07:00,Purchase,UPI,575.39,Success,Healthcare,0
TX004839,237,2025-03-19 13:48:00,Purchase,Net Banking,3457.24,Success,Groceries,0
TX004840,445,2025-04-16 23:16:00,Bill Payment,Debit Card,629.15,Success,Groceries,0
TX004841,97,2025-02-12 20:20:00,Bill Payment,Debit Card,552.57,Success,Education,0
TX004842,412,2025-12-26 00:02:00,Purchase,Credit Card,1169.51,Success,Healthcare,0
TX004843,383,2025-08-16 06:07:00,Transfer,UPI,1964.03,Success,Groceries,0
TX004844,283,2025-07-24 14:33:00,Transfer,Net Banking,972.24,Success,Groceries,0
TX004845,103,2025-12-29 13:51:00,Purchase,Debit Card,2955.48,Success,Education,0
TX004846,3,2025-11-04 13:27:00,Withdrawal,UPI,1722.15,Success,Groceries,0
TX004847,64,2025-09-28 14:19:00,Purchase,UPI,172.18,Success,Utilities,0
TX004848,311,2025-12-12 00:05:00,Transfer,Debit Card,699.21,Success,Utilities,0
TX004849,467,2025-03-31 12:35:00,Purchase,ATM,680.23,Failed,Shopping,0
TX004850,16,2025-06-10 06:14:00,Transfer,Debit Card,1648.23,Success,Groceries,0
TX004851,412,2025-03-07 12:52:00,Transfer,UPI,117.79,Success,Healthcare,0
TX004852,111,2025-02-04 00:17:00,Transfer,ATM,93830.93,Success,Utilities,1
TX004853,359,2025-01-15 04:37:00,Withdrawal,Credit Card,1722.22,Success,Groceries,0
TX004854,155,2025-07-12 08:45:00,Bill Payment,Net Banking,1244.57,Success,Groceries,0
TX004855,466,2025-12-16 19:02:00,Purchase,Debit Card,2993.9,Success,Healthcare,0
TX004856,228,2025-10-03 10:17:00,Bill Payment,Debit Card,8039.37,Success,Utilities,0
TX004857,139,2025-10-30 13:37:00,Withdrawal,Debit Card,2298.78,Success,Travel,0
TX004858,192,2025-11-09 09:30:00,Purchase,UPI,2456.5,Success,Utilities,0
TX004859,224,2025-12-06 06:10:00,Purchase,UPI,1225.48,Failed,Healthcare,0
TX004860,95,2025-11-14 01:21:00,Purchase,Debit Card,972.34,Success,Travel,0
TX004861,173,2025-11-26 14:18:00,Purchase,UPI,731.85,Success,Education,0
TX004862,373,2025-09-22 14:10:00,Bill Payment,Debit Card,543.38,Success,Other,0
TX004863,199,2025-02-07 14:46:00,Transfer,UPI,611.58,Success,Dining,0
TX004864,300,2025-09-27 05:25:00,Purchase,Credit Card,347.94,Success,Utilities,0
TX004865,336,2025-04-03 22:54:00,Purchase,Credit Card,1028.14,Success,Groceries,0
TX004866,228,2025-12-06 14:43:00,Bill Payment,Debit Card,261.92,Success,Shopping,0
TX004867,189,2025-11-10 11:01:00,Purchase,Debit Card,1289.85,Success,Utilities,0
TX004868,340,2025-02-25 12:56:00,Purchase,Net Banking,1063.29,Success,Other,0
TX004869,322,2025-06-30 19:49:00,Bill Payment,UPI,1242.52,Success,Dining,0
TX004870,451,2025-09-15 18:56:00,Purchase,UPI,703.58,Success,Shopping,0
TX004871,248,2025-08-06 01:06:00,Transfer,UPI,14992.89,Success,Healthcare,0
TX004872,458,2025-05-13 14:19:00,Transfer,UPI,3484.57,Success,Education,0
TX004873,237,2025-11-23 08:45:00,Purchase,Credit Card,380.75,Success,Utilities,0
TX004874,102,2025-09-04 18:13:00,Transfer,Net Banking,1336.67,Success,Utilities,0
TX004875,169,2025-05-13 12:48:00,Transfer,UPI,654.06,Success,Other,0
TX004876,221,2025-06-12 15:46:00,Purchase,Credit Card,462.98,Success,Utilities,0
TX004877,467,2025-10-10 11:06:00,Refund,Debit Card,351.05,Success,Shopping,0
TX004878,413,2025-01-23 20:21:00,Bill Payment,Net Banking,1583.49,Success,Shopping,0
TX004879,142,2025-02-07 13:56:00,Transfer,ATM,614.51,Success,Dining,0
TX004880,492,2025-05-13 17:22:00,Purchase,UPI,2496.52,Success,Healthcare,0
TX004881,455,2025-10-30 11:27:00,Purchase,UPI,2552.21,Success,Shopping,0
TX004882,105,2025-05-16 19:25:00,Withdrawal,ATM,3525.68,Failed,Education,0
TX004883,213,2025-07-05 07:29:00,Purchase,Net Banking,531.38,Success,Dining,0
TX004884,412,2025-09-28 19:34:00,Transfer,UPI,1642.64,Success,Dining,0
TX004885,103,2025-01-29 22:18:00,Transfer,UPI,1877.29,Success,Healthcare,0
TX004886,393,2025-02-27 18:31:00,Purchase,Credit Card,732.86,Success,Education,0
TX004887,285,2025-05-20 16:57:00,Bill Payment,Net Banking,569.06,Failed,Travel,0
TX004888,343,2025-09-05 13:40:00,Purchase,Debit Card,4307.41,Success,Healthcare,0
TX004889,331,2025-09-05 07:05:00,Purchase,UPI,1330.58,Success,Shopping,0
TX004890,306,2025-01-29 12:00:00,Purchase,UPI,1882.91,Success,Education,0
TX004891,146,2025-01-18 15:41:00,Purchase,Credit Card,545.25,Success,Shopping,0
TX004892,482,2025-07-27 18:32:00,Purchase,Debit Card,389.01,Success,Shopping,0
TX004893,279,2025-07-24 01:51:00,Transfer,Debit Card,675.85,Reversed,Travel,0
TX004894,287,2025-07-13 19:16:00,Transfer,Debit Card,986.91,Failed,Travel,0
TX004895,386,2025-10-03 05:20:00,Purchase,Debit Card,443.82,Success,Dining,0
TX004896,451,2025-11-04 01:04:00,Withdrawal,Credit Card,1087.49,Success,Travel,0
TX004897,96,2025-04-18 00:32:00,Purchase,Credit Card,261.07,Success,Utilities,0
TX004898,373,2025-10-25 03:49:00,Purchase,UPI,423.25,Success,Shopping,0
TX004899,393,2025-09-07 02:50:00,Withdrawal,Credit Card,1939.67,Success,Shopping,0
TX004900,227,2025-08-05 05:25:00,Withdrawal,UPI,1832.11,Success,Other,0
TX004901,228,2025-10-28 07:06:00,Bill Payment,UPI,785.96,Success,Other,0
TX004902,340,2025-02-02 03:40:00,Purchase,ATM,461.69,Success,Healthcare,0
TX004903,128,2025-02-03 10:36:00,Withdrawal,UPI,457.93,Success,Utilities,0
TX004904,101,2025-08-12 22:23:00,Purchase,ATM,798.49,Success,Groceries,0
TX004905,434,2025-07-22 06:12:00,Bill Payment,Net Banking,1896.64,Failed,Education,0
TX004906,200,2025-06-02 07:09:00,Transfer,Net Banking,2413.92,Success,Utilities,0
TX004907,430,2025-02-20 15:31:00,Transfer,Net Banking,719.06,Success,Utilities,0
TX004908,137,2025-05-20 16:53:00,Transfer,UPI,411.39,Success,Shopping,0
TX004909,118,2025-06-26 22:28:00,Withdrawal,Net Banking,1377.01,Success,Travel,0
TX004910,105,2025-07-07 09:21:00,Purchase,Net Banking,544.57,Reversed,Healthcare,0
TX004911,254,2025-07-02 13:40:00,Purchase,ATM,705.91,Success,Education,0
TX004912,352,2025-10-19 07:13:00,Bill Payment,UPI,3382.89,Success,Healthcare,0
TX004913,423,2025-10-19 16:29:00,Transfer,UPI,2215.09,Success,Healthcare,0
TX004914,173,2025-01-25 10:21:00,Bill Payment,UPI,1254.23,Success,Education,0
TX004915,134,2025-08-21 16:57:00,Purchase,Debit Card,371.99,Success,Shopping,0
TX004916,85,2025-06-19 23:45:00,Purchase,UPI,1312.5,Success,Shopping,0
TX004917,452,2025-04-02 11:59:00,Withdrawal,UPI,2706.09,Success,Education,0
TX004918,227,2025-04-02 01:03:00,Transfer,UPI,796.89,Success,Healthcare,0
TX004919,43,2025-08-18 22:45:00,Transfer,Debit Card,3458.0,Success,Groceries,0
TX004920,412,2025-05-04 21:51:00,Purchase,Debit Card,3290.63,Success,Healthcare,0
TX004921,26,2025-07-17 20:30:00,Purchase,UPI,4510.54,Success,Utilities,0
TX004922,364,2025-07-24 20:33:00,Transfer,ATM,1421.48,Success,Shopping,0
TX004923,96,2025-11-08 00:11:00,Transfer,Debit Card,1806.75,Success,Utilities,0
TX004924,107,2025-03-16 10:33:00,Transfer,UPI,3648.46,Reversed,Travel,0
TX004925,378,2025-10-27 19:37:00,Transfer,UPI,1604.05,Success,Dining,0
TX004926,179,2025-06-17 03:55:00,Bill Payment,Credit Card,716.19,Success,Education,0
TX004927,186,2025-08-14 01:20:00,Transfer,UPI,749.0,Success,Utilities,0
TX004928,180,2025-08-13 10:22:00,Transfer,UPI,1343.15,Success,Healthcare,0
TX004929,463,2025-12-23 20:20:00,Transfer,UPI,366.14,Success,Other,0
TX004930,246,2025-09-24 08:35:00,Bill Payment,Credit Card,970.91,Success,Travel,0
TX004931,6,2025-08-05 18:08:00,Withdrawal,Net Banking,2785.17,Success,Other,0
TX004932,148,2025-05-04 11:33:00,Withdrawal,UPI,170.28,Success,Other,0
TX004933,123,2025-12-18 20:45:00,Bill Payment,UPI,4041.25,Success,Other,0
TX004934,145,2025-04-01 15:00:00,Withdrawal,UPI,2846.99,Success,Groceries,0
TX004935,90,2025-03-22 16:55:00,Purchase,UPI,741.89,Success,Groceries,0
TX004936,215,2025-10-05 17:45:00,Purchase,Debit Card,1740.42,Success,Other,0
TX004937,482,2025-02-20 13:15:00,Bill Payment,Credit Card,1099.57,Success,Groceries,0
TX004938,74,2025-06-15 13:10:00,Withdrawal,UPI,194024.66,Success,Education,1
TX004939,282,2025-06-27 11:12:00,Purchase,Debit Card,2528.25,Failed,Travel,0
TX004940,498,2025-03-06 17:54:00,Purchase,Debit Card,333.6,Success,Shopping,0
TX004941,415,2025-03-07 14:51:00,Refund,UPI,1806.55,Success,Shopping,0
TX004942,390,2025-09-11 12:01:00,Bill Payment,UPI,920.78,Success,Dining,0
TX004943,376,2025-08-01 04:14:00,Withdrawal,ATM,1176.63,Success,Other,0
TX004944,419,2025-01-21 09:54:00,Bill Payment,Debit Card,590.55,Success,Shopping,0
TX004945,17,2025-02-23 20:25:00,Purchase,UPI,4846.04,Success,Healthcare,0
TX004946,322,2025-12-05 04:26:00,Transfer,Credit Card,2654.61,Success,Groceries,0
TX004947,156,2025-01-26 01:23:00,Bill Payment,Credit Card,584.76,Success,Groceries,0
TX004948,399,2025-04-26 01:47:00,Purchase,Debit Card,352.69,Success,Healthcare,0
TX004949,371,2025-04-01 05:25:00,Purchase,UPI,790.11,Success,Other,0
TX004950,363,2025-10-09 03:59:00,Purchase,UPI,1586.57,Success,Groceries,0
TX004951,296,2025-10-26 10:03:00,Transfer,UPI,1345.03,Reversed,Shopping,0
TX004952,231,2025-12-05 06:23:00,Purchase,Debit Card,3181.67,Success,Groceries,0
TX004953,425,2025-12-18 22:46:00,Withdrawal,UPI,2146.15,Success,Utilities,0
TX004954,283,2025-11-24 03:24:00,Transfer,Net Banking,2500.22,Success,Other,0
TX004955,48,2025-06-13 12:07:00,Transfer,Net Banking,1447.84,Success,Other,0
TX004956,194,2025-08-09 07:42:00,Purchase,UPI,336.67,Success,Shopping,0
TX004957,496,2025-09-09 00:15:00,Withdrawal,UPI,928.58,Success,Groceries,0
TX004958,352,2025-05-07 09:32:00,Withdrawal,Net Banking,2700.19,Success,Shopping,0
TX004959,127,2025-09-19 05:23:00,Transfer,Debit Card,1049.64,Success,Dining,0
TX004960,330,2025-07-01 21:17:00,Purchase,Debit Card,1681.81,Success,Groceries,0
TX004961,198,2025-05-08 13:42:00,Withdrawal,Net Banking,836.36,Reversed,Healthcare,0
TX004962,424,2025-02-24 08:05:00,Refund,UPI,456.99,Success,Other,0
TX004963,11,2025-08-30 17:39:00,Transfer,ATM,987.48,Success,Dining,0
TX004964,201,2025-03-07 12:13:00,Bill Payment,Debit Card,1426.09,Success,Utilities,0
TX004965,335,2025-12-09 21:30:00,Withdrawal,Debit Card,628.08,Success,Education,0
TX004966,14,2025-10-04 17:44:00,Purchase,ATM,897.53,Success,Travel,0
TX004967,63,2025-07-24 07:04:00,Purchase,Net Banking,493.47,Success,Shopping,0
TX004968,224,2025-11-02 06:22:00,Purchase,Debit Card,2839.43,Success,Groceries,0
TX004969,418,2025-07-22 08:11:00,Purchase,Debit Card,853.81,Success,Utilities,0
TX004970,256,2025-09-09 07:53:00,Purchase,UPI,3770.04,Success,Other,0
TX004971,239,2025-10-27 17:56:00,Transfer,Debit Card,4021.6,Success,Other,0
TX004972,69,2025-09-12 00:15:00,Purchase,UPI,1023.63,Success,Healthcare,0
TX004973,219,2025-08-24 17:45:00,Transfer,Credit Card,465.36,Success,Groceries,0
TX004974,494,2025-06-28 17:10:00,Purchase,Debit Card,186.23,Success,Travel,0
TX004975,304,2025-10-25 14:51:00,Purchase,UPI,313.8,Success,Travel,0
TX004976,498,2025-03-16 12:16:00,Purchase,UPI,341.12,Success,Other,0
TX004977,409,2025-04-13 18:51:00,Withdrawal,Net Banking,3539.35,Success,Groceries,0
TX004978,254,2025-05-10 22:51:00,Purchase,Debit Card,1210.09,Success,Education,0
TX004979,328,2025-06-22 04:07:00,Purchase,Debit Card,1527.16,Success,Other,0
TX004980,373,2025-06-30 19:41:00,Purchase,UPI,166.11,Success,Shopping,0
TX004981,192,2025-11-11 07:46:00,Refund,ATM,396.12,Failed,Dining,0
TX004982,111,2025-07-15 12:47:00,Purchase,UPI,2330.92,Success,Travel,0
TX004983,91,2025-05-08 16:10:00,Purchase,UPI,1399.34,Success,Education,0
TX004984,457,2025-04-03 12:59:00,Purchase,Debit Card,967.65,Success,Travel,0
TX004985,296,2025-02-02 10:06:00,Transfer,ATM,1772.45,Success,Shopping,0
TX004986,348,2025-01-14 16:18:00,Purchase,UPI,4404.7,Success,Shopping,0
TX004987,21,2025-04-27 20:23:00,Transfer,Debit Card,908.79,Success,Other,0
TX004988,192,2025-03-26 12:29:00,Purchase,Net Banking,1163.24,Success,Groceries,0
TX004989,70,2025-08-06 19:21:00,Transfer,Net Banking,1291.69,Success,Travel,0
TX004990,59,2025-03-09 19:53:00,Transfer,UPI,8377.4,Success,Dining,0
TX004991,382,2025-05-15 03:02:00,Purchase,UPI,184.11,Success,Utilities,0
TX004992,297,2025-03-22 11:22:00,Purchase,Debit Card,1960.08,Success,Groceries,0
TX004993,407,2025-03-30 22:40:00,Transfer,UPI,994.68,Success,Healthcare,0
TX004994,429,2025-10-03 23:48:00,Transfer,UPI,1775.36,Success,Other,0
TX004995,372,2025-06-25 16:17:00,Withdrawal,Debit Card,627.18,Success,Utilities,0
TX004996,343,2025-04-20 16:31:00,Purchase,Debit Card,1051.93,Success,Travel,0
TX004997,36,2025-09-09 04:44:00,Purchase,UPI,2007.61,Success,Other,0
TX004998,81,2025-01-19 06:20:00,Transfer,Debit Card,15459.42,Success,Healthcare,0
TX004999,231,2025-08-23 08:19:00,Purchase,UPI,2179.46,Success,Shopping,0
TX005000,296,2025-02-06 13:28:00,Purchase,UPI,533.33,Success,Groceries,0
TX005001,413,2025-07-09 15:17:00,Transfer,UPI,764.95,Success,Shopping,0
TX005002,397,2025-12-02 23:00:00,Transfer,Net Banking,745.9,Success,Travel,0
TX005003,9,2025-04-20 04:03:00,Purchase,Debit Card,238.34,Success,Shopping,0
TX005004,179,2025-04-12 08:44:00,Bill Payment,UPI,828.34,Success,Travel,0
TX005005,259,2025-07-18 16:22:00,Bill Payment,Debit Card,2044.49,Failed,Travel,0
TX005006,110,2025-12-16 07:14:00,Purchase,Net Banking,371.26,Success,Other,0
TX005007,498,2025-12-14 01:34:00,Purchase,Debit Card,2673.68,Success,Travel,0
TX005008,52,2025-02-02 11:01:00,Purchase,Debit Card,1660.06,Success,Healthcare,0
TX005009,203,2025-01-20 08:57:00,Transfer,Net Banking,587.51,Success,Utilities,0
TX005010,197,2025-03-10 05:19:00,Purchase,ATM,972.33,Success,Utilities,0
TX005011,2,2025-11-29 01:27:00,Purchase,UPI,4266.6,Success,Education,0
TX005012,319,2025-09-16 05:02:00,Transfer,UPI,2045.74,Success,Other,0
TX005013,429,2025-11-10 03:38:00,Purchase,UPI,1104.85,Success,Education,0
TX005014,197,2025-11-29 10:31:00,Purchase,ATM,896.03,Success,Dining,0
TX005015,242,2025-09-07 11:11:00,Purchase,Credit Card,1170.42,Success,Shopping,0
TX005016,475,2025-07-27 18:40:00,Transfer,ATM,709.81,Success,Healthcare,0
TX005017,56,2025-05-23 10:12:00,Purchase,UPI,183.27,Success,Travel,0
TX005018,379,2025-03-06 13:27:00,Purchase,UPI,6222.03,Success,Healthcare,0
TX005019,205,2025-01-25 12:43:00,Purchase,UPI,1251.41,Success,Travel,0
TX005020,271,2025-09-24 11:43:00,Bill Payment,UPI,1538.29,Success,Shopping,0
TX005021,223,2025-05-23 17:55:00,Purchase,Net Banking,1043.96,Success,Travel,0
TX005022,169,2025-11-26 10:10:00,Purchase,Credit Card,587.07,Success,Travel,0
TX005023,342,2025-05-16 21:09:00,Withdrawal,Debit Card,936.33,Success,Utilities,0
TX005024,378,2025-10-20 08:40:00,Purchase,UPI,281.61,Success,Travel,0
TX005025,330,2025-09-07 14:38:00,Purchase,UPI,7597.11,Success,Dining,0
TX005026,258,2025-02-11 02:33:00,Purchase,UPI,384.01,Success,Healthcare,0
TX005027,356,2025-09-14 01:17:00,Purchase,Debit Card,456.15,Success,Utilities,0
TX005028,212,2025-04-28 00:51:00,Purchase,Net Banking,754.29,Success,Groceries,0
TX005029,56,2025-06-13 22:07:00,Purchase,UPI,3277.59,Success,Dining,0
TX005030,360,2025-04-22 20:33:00,Purchase,ATM,1110.24,Success,Education,0
TX005031,187,2025-08-16 06:42:00,Purchase,UPI,383.48,Success,Travel,0
TX005032,127,2025-08-30 01:17:00,Purchase,Net Banking,3184.94,Success,Travel,0
TX005033,468,2025-06-01 14:03:00,Purchase,UPI,2041.32,Success,Healthcare,0
TX005034,98,2025-10-17 18:39:00,Purchase,UPI,1733.1,Success,Travel,0
TX005035,98,2025-01-23 10:35:00,Transfer,Net Banking,2015.0,Success,Utilities,0
TX005036,455,2025-12-18 05:11:00,Purchase,UPI,8393.46,Success,Groceries,0
TX005037,373,2025-02-15 15:37:00,Purchase,Credit Card,7025.7,Success,Utilities,0
TX005038,483,2025-05-24 02:39:00,Transfer,UPI,611.73,Success,Groceries,0
TX005039,72,2025-04-25 00:12:00,Purchase,Net Banking,4360.33,Success,Shopping,0
TX005040,275,2025-06-04 08:11:00,Purchase,UPI,1518.83,Success,Dining,0
TX005041,396,2025-02-19 00:17:00,Transfer,Credit Card,1676.11,Success,Other,0
TX005042,328,2025-09-15 01:48:00,Bill Payment,UPI,260.23,Success,Groceries,0
TX005043,498,2025-07-16 06:33:00,Withdrawal,Net Banking,948.78,Success,Travel,0
TX005044,21,2025-06-13 09:51:00,Transfer,UPI,549.55,Success,Groceries,0
TX005045,124,2025-10-31 03:01:00,Purchase,UPI,2216.87,Success,Groceries,0
TX005046,353,2025-09-03 02:38:00,Withdrawal,Credit Card,2725.53,Success,Utilities,0
TX005047,146,2025-10-18 15:27:00,Transfer,ATM,188.05,Success,Healthcare,0
TX005048,149,2025-11-19 08:25:00,Purchase,Credit Card,1076.28,Success,Shopping,0
TX005049,304,2025-03-06 18:21:00,Transfer,Net Banking,2845.75,Failed,Shopping,0
TX005050,298,2025-07-20 13:54:00,Purchase,UPI,935.73,Success,Utilities,0
TX005051,408,2025-12-04 20:09:00,Transfer,UPI,2037.96,Success,Utilities,0
TX005052,398,2025-10-31 17:20:00,Transfer,Credit Card,1478.07,Success,Groceries,0
TX005053,141,2025-03-07 18:30:00,Transfer,UPI,1466.17,Success,Shopping,0
TX005054,41,2025-07-09 17:07:00,Transfer,UPI,870.77,Success,Education,0
TX005055,350,2025-07-30 15:51:00,Transfer,Credit Card,389.91,Success,Dining,0
TX005056,363,2025-06-20 05:46:00,Withdrawal,UPI,422.72,Reversed,Groceries,0
TX005057,254,2025-06-24 13:48:00,Purchase,Credit Card,2004.1,Success,Dining,0
TX005058,290,2025-04-13 20:58:00,Transfer,Debit Card,1114.92,Success,Healthcare,0
TX005059,234,2025-05-18 14:00:00,Transfer,Credit Card,974.83,Success,Shopping,0
TX005060,280,2025-12-07 04:35:00,Purchase,UPI,764.86,Success,Dining,0
TX005061,283,2025-04-12 18:04:00,Withdrawal,UPI,846.06,Success,Healthcare,0
TX005062,173,2025-02-06 16:59:00,Purchase,Net Banking,2670.11,Success,Healthcare,0
TX005063,314,2025-01-25 12:15:00,Purchase,UPI,824.72,Success,Healthcare,0
TX005064,57,2025-12-02 05:21:00,Withdrawal,ATM,350.76,Success,Other,0
TX005065,159,2025-05-05 17:54:00,Purchase,UPI,2063.39,Failed,Shopping,0
TX005066,206,2025-10-03 08:44:00,Purchase,Debit Card,921.36,Success,Groceries,0
TX005067,129,2025-01-24 14:58:00,Transfer,Debit Card,1126.29,Success,Shopping,0
TX005068,134,2025-02-18 21:36:00,Purchase,Credit Card,4300.31,Success,Other,0
TX005069,445,2025-12-16 17:19:00,Bill Payment,ATM,1077.63,Failed,Utilities,0
TX005070,111,2025-08-19 13:52:00,Bill Payment,UPI,1402.21,Success,Shopping,0
TX005071,181,2025-12-10 21:27:00,Bill Payment,Credit Card,402.59,Success,Healthcare,0
TX005072,450,2025-02-20 14:50:00,Bill Payment,UPI,909.85,Success,Healthcare,0
TX005073,486,2025-07-31 15:51:00,Purchase,Credit Card,1841.06,Success,Travel,0
TX005074,45,2025-04-22 08:14:00,Transfer,ATM,292.34,Reversed,Groceries,0
TX005075,274,2025-07-03 10:52:00,Purchase,ATM,1300.78,Success,Healthcare,0
TX005076,401,2025-12-20 13:26:00,Transfer,UPI,1194.73,Success,Travel,0
TX005077,261,2025-10-19 16:41:00,Purchase,Credit Card,1135.8,Failed,Travel,0
TX005078,347,2025-01-14 15:06:00,Bill Payment,UPI,2648.07,Success,Dining,0
TX005079,13,2025-07-18 01:18:00,Purchase,UPI,1457.2,Failed,Travel,0
TX005080,218,2025-08-19 23:32:00,Transfer,Debit Card,3852.05,Success,Utilities,0
TX005081,389,2025-01-24 09:15:00,Purchase,Debit Card,471.28,Success,Groceries,0
TX005082,108,2025-08-31 00:35:00,Purchase,UPI,1230.94,Success,Other,0
TX005083,131,2025-03-19 13:37:00,Withdrawal,UPI,1178.26,Success,Healthcare,0
TX005084,34,2025-11-14 01:04:00,Purchase,UPI,441.92,Success,Groceries,0
TX005085,323,2025-04-17 10:07:00,Purchase,UPI,2472.17,Success,Other,0
TX005086,293,2025-04-21 11:41:00,Purchase,Credit Card,7910.71,Reversed,Utilities,0
TX005087,348,2025-03-26 11:26:00,Transfer,UPI,1080.9,Reversed,Other,0
TX005088,67,2025-08-28 04:23:00,Purchase,UPI,1684.57,Success,Other,0
TX005089,367,2025-07-21 14:31:00,Bill Payment,Net Banking,1178.31,Success,Other,0
TX005090,470,2025-05-16 02:25:00,Bill Payment,UPI,597.92,Success,Utilities,0
TX005091,405,2025-03-19 13:56:00,Transfer,UPI,233.31,Success,Other,0
TX005092,330,2025-08-20 12:14:00,Withdrawal,UPI,601.9,Success,Dining,0
TX005093,185,2025-02-12 13:34:00,Transfer,UPI,335.91,Success,Travel,0
TX005094,331,2025-09-26 04:01:00,Withdrawal,Net Banking,4668.0,Success,Groceries,0
TX005095,256,2025-12-17 04:41:00,Refund,Credit Card,994.42,Success,Groceries,0
TX005096,127,2025-08-17 01:22:00,Transfer,UPI,817.27,Success,Healthcare,0
TX005097,318,2025-03-12 03:53:00,Bill Payment,UPI,2335.03,Success,Shopping,0
TX005098,339,2025-05-23 11:12:00,Withdrawal,UPI,422.64,Success,Shopping,0
TX005099,393,2025-03-27 18:09:00,Transfer,UPI,571.44,Success,Groceries,0
TX005100,483,2025-05-30 11:41:00,Purchase,UPI,1161.96,Success,Utilities,0
TX005101,28,2025-09-27 00:26:00,Transfer,Debit Card,2629.25,Success,Dining,0
TX005102,96,2025-01-21 02:04:00,Transfer,UPI,1679.8,Success,Healthcare,0
TX005103,387,2025-03-21 18:02:00,Transfer,UPI,1354.35,Success,Other,0
TX005104,389,2025-12-08 21:40:00,Bill Payment,Credit Card,1171.92,Success,Utilities,0
TX005105,330,2025-09-18 14:49:00,Bill Payment,UPI,1541.02,Success,Groceries,0
TX005106,380,2025-01-15 02:09:00,Transfer,UPI,1301.67,Success,Groceries,0
TX005107,394,2025-10-03 06:52:00,Transfer,Debit Card,456.93,Reversed,Utilities,0
TX005108,152,2025-05-27 13:22:00,Purchase,UPI,1140.44,Success,Groceries,0
TX005109,457,2025-12-10 13:10:00,Purchase,ATM,440.26,Success,Dining,0
TX005110,283,2025-06-05 15:45:00,Purchase,UPI,1174.88,Failed,Utilities,0
TX005111,492,2025-06-07 19:08:00,Purchase,UPI,728.84,Failed,Groceries,0
TX005112,357,2025-04-05 05:05:00,Transfer,UPI,9494.56,Success,Travel,0
TX005113,258,2025-06-18 15:22:00,Transfer,UPI,1060.07,Success,Groceries,0
TX005114,355,2025-04-14 20:41:00,Transfer,UPI,332.42,Success,Utilities,0
TX005115,158,2025-11-02 20:58:00,Purchase,UPI,978.43,Reversed,Other,0
TX005116,337,2025-11-21 19:39:00,Purchase,Net Banking,1705.23,Success,Groceries,0
TX005117,134,2025-10-18 13:51:00,Bill Payment,Debit Card,4547.62,Success,Utilities,0
TX005118,134,2025-05-28 01:42:00,Bill Payment,UPI,664.45,Success,Travel,0
TX005119,54,2025-12-05 06:31:00,Bill Payment,UPI,285.7,Success,Dining,0
TX005120,126,2025-02-19 11:30:00,Purchase,Net Banking,2195.82,Success,Healthcare,0
TX005121,50,2025-07-05 17:21:00,Withdrawal,UPI,339.17,Success,Other,0
TX005122,30,2025-01-08 20:30:00,Purchase,UPI,756.93,Success,Utilities,0
TX005123,182,2025-11-20 10:04:00,Purchase,Credit Card,880.97,Failed,Healthcare,0
TX005124,108,2025-05-19 07:59:00,Purchase,UPI,1033.61,Success,Travel,0
TX005125,38,2025-10-27 03:24:00,Purchase,UPI,1970.0,Success,Groceries,0
TX005126,328,2025-02-20 01:34:00,Purchase,UPI,613.33,Success,Shopping,0
TX005127,28,2025-10-13 11:12:00,Purchase,Net Banking,868.99,Failed,Dining,0
TX005128,136,2025-03-01 16:37:00,Transfer,UPI,1083.41,Success,Shopping,0
TX005129,384,2025-10-02 13:36:00,Purchase,UPI,1245.33,Success,Education,0
TX005130,62,2025-02-15 00:51:00,Bill Payment,UPI,1191.72,Success,Dining,0
TX005131,139,2025-09-25 10:40:00,Purchase,Net Banking,1588.59,Success,Healthcare,0
TX005132,162,2025-03-18 07:59:00,Purchase,Net Banking,2246.8,Success,Utilities,0
TX005133,206,2025-07-12 22:55:00,Purchase,Debit Card,1531.1,Success,Dining,0
TX005134,436,2025-08-11 20:05:00,Transfer,Net Banking,1612.51,Success,Shopping,0
TX005135,69,2025-03-12 22:39:00,Purchase,UPI,285.75,Success,Groceries,0
TX005136,356,2025-03-17 02:16:00,Bill Payment,Credit Card,1144.47,Success,Utilities,0
TX005137,261,2025-07-08 13:13:00,Purchase,UPI,1648.43,Success,Other,0
TX005138,367,2025-08-31 08:33:00,Transfer,Debit Card,2037.75,Success,Other,0
TX005139,414,2025-03-19 02:53:00,Purchase,Net Banking,608.81,Success,Healthcare,0
TX005140,93,2025-04-13 03:02:00,Withdrawal,Debit Card,626.29,Success,Dining,0
TX005141,290,2025-05-23 04:24:00,Purchase,Debit Card,673.18,Success,Groceries,0
TX005142,25,2025-06-08 06:59:00,Purchase,Debit Card,1730.13,Success,Education,0
TX005143,153,2025-07-18 21:57:00,Purchase,ATM,2640.7,Success,Healthcare,0
TX005144,411,2025-03-17 16:35:00,Transfer,Debit Card,775.62,Success,Healthcare,0
TX005145,463,2025-08-26 05:39:00,Bill Payment,Credit Card,2372.66,Success,Utilities,0
TX005146,63,2025-01-09 01:27:00,Bill Payment,UPI,1217.99,Success,Dining,0
TX005147,415,2025-12-22 23:49:00,Purchase,UPI,986.69,Success,Education,0
TX005148,31,2025-07-28 19:21:00,Bill Payment,Debit Card,916.28,Success,Dining,0
TX005149,240,2025-01-12 07:35:00,Purchase,UPI,2068.58,Success,Travel,0
TX005150,362,2025-06-23 15:25:00,Purchase,UPI,1446.27,Success,Utilities,0
TX005151,191,2025-01-22 09:04:00,Transfer,UPI,7588.97,Success,Dining,0
TX005152,127,2025-09-03 09:23:00,Transfer,Debit Card,531.45,Failed,Utilities,0
TX005153,236,2025-07-22 17:29:00,Transfer,UPI,1703.41,Success,Other,0
TX005154,303,2025-11-28 10:33:00,Purchase,UPI,699.37,Success,Dining,0
TX005155,310,2025-09-12 08:53:00,Withdrawal,UPI,523.8,Success,Travel,0
TX005156,89,2025-06-13 08:08:00,Withdrawal,Credit Card,1086.55,Success,Utilities,0
TX005157,225,2025-09-23 13:08:00,Purchase,UPI,1232.44,Failed,Dining,0
TX005158,462,2025-01-09 14:49:00,Purchase,Debit Card,13101.05,Success,Utilities,0
TX005159,244,2025-05-22 01:42:00,Purchase,UPI,937.74,Success,Dining,0
TX005160,21,2025-04-12 06:38:00,Withdrawal,UPI,419.62,Success,Utilities,0
TX005161,283,2025-05-18 13:01:00,Purchase,UPI,1383.07,Success,Groceries,0
TX005162,481,2025-02-19 11:08:00,Withdrawal,Net Banking,188.02,Success,Groceries,0
TX005163,245,2025-10-10 03:34:00,Transfer,Credit Card,1014.18,Success,Utilities,0
TX005164,227,2025-10-11 22:22:00,Bill Payment,UPI,1111.67,Success,Shopping,0
TX005165,320,2025-03-18 12:43:00,Purchase,UPI,2154.71,Success,Other,0
TX005166,100,2025-09-24 07:08:00,Withdrawal,Credit Card,2508.85,Success,Education,0
TX005167,395,2025-09-29 16:14:00,Transfer,UPI,714.77,Success,Groceries,0
TX005168,71,2025-05-19 02:51:00,Purchase,UPI,964.86,Success,Dining,0
TX005169,489,2025-12-29 21:03:00,Transfer,UPI,571.8,Success,Education,0
TX005170,498,2025-10-15 15:46:00,Bill Payment,UPI,420.37,Success,Healthcare,0
TX005171,244,2025-04-01 12:31:00,Purchase,UPI,1427.12,Success,Shopping,0
TX005172,34,2025-07-22 11:23:00,Transfer,UPI,371.46,Reversed,Groceries,0
TX005173,244,2025-08-15 17:12:00,Purchase,UPI,770.91,Success,Shopping,0
TX005174,54,2025-12-24 16:23:00,Purchase,Debit Card,470.64,Failed,Travel,0
TX005175,380,2025-04-24 08:32:00,Transfer,UPI,1749.75,Success,Other,0
TX005176,343,2025-11-29 05:06:00,Refund,Debit Card,5070.61,Success,Utilities,0
TX005177,211,2025-07-18 02:30:00,Withdrawal,UPI,362.73,Success,Groceries,0
TX005178,288,2025-08-27 13:18:00,Transfer,UPI,227.0,Success,Dining,0
TX005179,178,2025-03-07 12:45:00,Purchase,ATM,986.19,Success,Groceries,0
TX005180,68,2025-03-27 09:46:00,Purchase,Net Banking,1111.36,Success,Other,0
TX005181,485,2025-05-08 17:09:00,Purchase,UPI,1320.63,Success,Utilities,0
TX005182,101,2025-01-06 00:14:00,Withdrawal,Debit Card,750.42,Success,Groceries,0
TX005183,454,2025-08-09 06:38:00,Purchase,UPI,924.69,Success,Dining,0
TX005184,63,2025-12-11 17:24:00,Purchase,UPI,1498.75,Success,Education,0
TX005185,253,2025-08-25 12:31:00,Purchase,Credit Card,2655.44,Success,Healthcare,0
TX005186,487,2025-12-27 18:32:00,Purchase,UPI,208.14,Success,Groceries,0
TX005187,152,2025-08-14 05:31:00,Bill Payment,UPI,801.43,Success,Dining,0
TX005188,347,2025-05-24 05:06:00,Purchase,UPI,1315.19,Success,Travel,0
TX005189,148,2025-10-07 07:39:00,Transfer,UPI,502.56,Success,Dining,0
TX005190,392,2025-08-30 01:46:00,Purchase,UPI,4776.65,Success,Education,0
TX005191,75,2025-02-08 14:38:00,Transfer,UPI,639.0,Success,Shopping,0
TX005192,440,2025-07-28 23:38:00,Bill Payment,UPI,1058.81,Success,Education,0
TX005193,230,2025-04-04 08:32:00,Bill Payment,UPI,1759.21,Success,Education,0
TX005194,289,2025-07-05 22:56:00,Withdrawal,Net Banking,663.42,Success,Healthcare,0
TX005195,273,2025-04-25 13:35:00,Purchase,Debit Card,228.24,Success,Education,0
TX005196,331,2025-10-23 07:01:00,Bill Payment,Debit Card,761.77,Success,Travel,0
TX005197,259,2025-06-12 23:10:00,Transfer,Credit Card,2630.75,Success,Healthcare,0
TX005198,111,2025-06-15 11:36:00,Transfer,UPI,823.56,Success,Travel,0
TX005199,221,2025-09-27 14:53:00,Purchase,Credit Card,534.07,Reversed,Dining,0
TX005200,127,2025-12-26 04:44:00,Bill Payment,Debit Card,2408.65,Success,Groceries,0
TX005201,248,2025-08-17 17:52:00,Transfer,UPI,827.86,Success,Other,0
TX005202,192,2025-05-24 10:03:00,Withdrawal,UPI,710.78,Success,Utilities,0
TX005203,388,2025-01-19 06:25:00,Bill Payment,Net Banking,1245.18,Success,Utilities,0
TX005204,241,2025-12-13 21:56:00,Purchase,UPI,2111.47,Success,Education,0
TX005205,457,2025-06-26 03:13:00,Refund,ATM,8303.7,Success,Groceries,0
TX005206,283,2025-10-12 03:29:00,Purchase,Credit Card,2215.32,Success,Travel,0
TX005207,189,2025-03-27 05:50:00,Purchase,UPI,2939.12,Success,Groceries,0
TX005208,4,2025-07-31 07:02:00,Transfer,Credit Card,180848.03,Success,Shopping,1
TX005209,209,2025-08-26 21:10:00,Transfer,Credit Card,458.52,Success,Dining,0
TX005210,38,2025-10-26 23:21:00,Bill Payment,UPI,1156.3,Success,Shopping,0
TX005211,65,2025-08-03 04:42:00,Transfer,UPI,1201.22,Success,Other,0
TX005212,444,2025-09-20 04:34:00,Withdrawal,Net Banking,438.46,Success,Groceries,0
TX005213,219,2025-01-17 00:16:00,Purchase,UPI,944.82,Success,Shopping,0
TX005214,127,2025-11-14 10:35:00,Purchase,ATM,1539.82,Success,Travel,0
TX005215,374,2025-11-12 21:56:00,Transfer,ATM,1489.71,Success,Education,0
TX005216,287,2025-06-09 08:31:00,Purchase,Credit Card,1683.52,Success,Shopping,0
TX005217,258,2025-11-28 11:24:00,Withdrawal,UPI,1404.34,Success,Other,0
TX005218,363,2025-06-28 07:52:00,Withdrawal,Net Banking,712.69,Success,Healthcare,0
TX005219,427,2025-07-02 14:59:00,Purchase,UPI,708.52,Success,Other,0
TX005220,158,2025-01-25 10:03:00,Purchase,Debit Card,395.79,Success,Travel,0
TX005221,129,2025-02-09 14:56:00,Withdrawal,Debit Card,4999.33,Success,Shopping,0
TX005222,363,2025-04-05 00:31:00,Transfer,UPI,1109.24,Success,Shopping,0
TX005223,296,2025-11-13 13:58:00,Transfer,Net Banking,905.85,Success,Utilities,0
TX005224,63,2025-04-25 08:09:00,Transfer,UPI,497.96,Success,Shopping,0
TX005225,441,2025-12-20 02:35:00,Purchase,Credit Card,13297.21,Success,Dining,0
TX005226,473,2025-10-12 04:41:00,Purchase,Debit Card,440.39,Success,Dining,0
TX005227,57,2025-09-25 06:33:00,Bill Payment,Debit Card,761.64,Success,Healthcare,0
TX005228,214,2025-07-19 12:59:00,Transfer,UPI,1561.59,Success,Dining,0
TX005229,190,2025-06-10 06:16:00,Transfer,Debit Card,1826.54,Success,Other,0
TX005230,385,2025-10-24 13:59:00,Purchase,UPI,2475.61,Success,Education,0
TX005231,441,2025-04-02 15:27:00,Transfer,UPI,5097.3,Success,Healthcare,0
TX005232,436,2025-08-22 07:03:00,Purchase,UPI,1686.2,Success,Utilities,0
TX005233,37,2025-06-28 18:31:00,Purchase,UPI,446.92,Success,Utilities,0
TX005234,304,2025-07-23 06:36:00,Transfer,ATM,881.48,Success,Dining,0
TX005235,73,2025-03-02 15:52:00,Purchase,UPI,1424.62,Success,Groceries,0
TX005236,213,2025-11-21 04:31:00,Transfer,Debit Card,6361.33,Success,Shopping,0
TX005237,331,2025-07-11 13:53:00,Purchase,Credit Card,334.24,Success,Other,0
TX005238,72,2025-04-22 03:39:00,Purchase,ATM,3047.84,Success,Utilities,0
TX005239,410,2025-11-12 13:31:00,Purchase,UPI,1277.84,Success,Shopping,0
TX005240,291,2025-10-26 19:55:00,Bill Payment,UPI,2235.36,Success,Travel,0
TX005241,411,2025-11-13 08:10:00,Transfer,Credit Card,1005.56,Success,Healthcare,0
TX005242,176,2025-07-10 10:39:00,Transfer,UPI,535.89,Success,Education,0
TX005243,54,2025-05-06 02:26:00,Purchase,UPI,2076.09,Failed,Healthcare,0
TX005244,233,2025-09-15 14:19:00,Bill Payment,UPI,1912.69,Success,Shopping,0
TX005245,333,2025-07-02 15:40:00,Transfer,ATM,2505.51,Success,Education,0
TX005246,490,2025-06-04 10:50:00,Bill Payment,UPI,1084.3,Success,Shopping,0
TX005247,414,2025-11-03 04:31:00,Transfer,Net Banking,658.62,Success,Education,0
TX005248,341,2025-04-02 03:28:00,Purchase,Credit Card,291.5,Success,Education,0
TX005249,463,2025-01-17 17:10:00,Transfer,Debit Card,2200.56,Reversed,Education,0
TX005250,67,2025-04-07 00:34:00,Bill Payment,ATM,1572.32,Success,Utilities,0
TX005251,304,2025-03-13 08:01:00,Purchase,Net Banking,482.55,Success,Education,0
TX005252,269,2025-11-10 02:50:00,Purchase,UPI,693.82,Success,Education,0
TX005253,247,2025-07-25 13:27:00,Withdrawal,Debit Card,737.49,Success,Groceries,0
TX005254,68,2025-08-27 11:17:00,Refund,Net Banking,310.9,Success,Groceries,0
TX005255,348,2025-10-14 09:38:00,Refund,UPI,547.29,Success,Utilities,0
TX005256,429,2025-01-04 06:53:00,Purchase,ATM,418.32,Success,Utilities,0
TX005257,64,2025-10-10 11:26:00,Bill Payment,UPI,772.32,Success,Dining,0
TX005258,461,2025-05-09 02:27:00,Withdrawal,UPI,585.29,Success,Dining,0
TX005259,214,2025-09-08 17:19:00,Purchase,UPI,275.08,Success,Shopping,0
TX005260,324,2025-10-16 08:31:00,Purchase,UPI,6119.29,Success,Utilities,0
TX005261,148,2025-03-10 16:06:00,Withdrawal,UPI,3180.07,Success,Travel,0
TX005262,489,2025-04-11 16:13:00,Purchase,UPI,565.57,Success,Dining,0
TX005263,34,2025-09-02 20:56:00,Purchase,UPI,1382.37,Success,Dining,0
TX005264,98,2025-10-02 04:01:00,Bill Payment,UPI,1563.76,Success,Shopping,0
TX005265,378,2025-11-12 17:00:00,Purchase,UPI,3018.22,Success,Other,0
TX005266,13,2025-02-20 20:50:00,Purchase,UPI,546.86,Success,Groceries,0
TX005267,465,2025-08-14 15:19:00,Purchase,Debit Card,2774.68,Success,Healthcare,0
TX005268,360,2025-09-09 00:35:00,Purchase,ATM,688.34,Success,Shopping,0
TX005269,251,2025-06-08 19:16:00,Purchase,UPI,352.31,Success,Other,0
TX005270,183,2025-06-23 05:44:00,Bill Payment,UPI,2029.44,Success,Dining,0
TX005271,240,2025-12-08 08:57:00,Purchase,Net Banking,3285.07,Success,Shopping,0
TX005272,298,2025-03-21 01:32:00,Withdrawal,Debit Card,9894.38,Success,Utilities,0
TX005273,237,2025-09-15 16:52:00,Purchase,UPI,395.53,Success,Travel,0
TX005274,107,2025-11-19 02:38:00,Purchase,Net Banking,1986.4,Success,Education,0
TX005275,81,2025-06-22 01:12:00,Transfer,Credit Card,774.08,Success,Healthcare,0
TX005276,259,2025-03-07 21:02:00,Bill Payment,Net Banking,2134.22,Success,Travel,0
TX005277,426,2025-02-17 21:54:00,Transfer,Debit Card,314.22,Success,Travel,0
TX005278,353,2025-08-07 15:22:00,Purchase,ATM,374.89,Success,Healthcare,0
TX005279,162,2025-06-18 04:39:00,Transfer,UPI,567.08,Success,Travel,0
TX005280,216,2025-12-09 09:26:00,Transfer,ATM,1172.76,Success,Education,0
TX005281,439,2025-08-26 21:53:00,Withdrawal,UPI,635.93,Success,Dining,0
TX005282,428,2025-04-02 13:01:00,Purchase,UPI,1920.22,Success,Dining,0
TX005283,108,2025-10-27 21:42:00,Purchase,Net Banking,2625.06,Success,Travel,0
TX005284,130,2025-02-23 15:36:00,Purchase,Credit Card,1825.56,Success,Groceries,0
TX005285,238,2025-08-18 02:28:00,Purchase,Net Banking,4341.48,Success,Shopping,0
TX005286,164,2025-02-27 05:43:00,Transfer,UPI,1561.58,Success,Other,0
TX005287,472,2025-07-18 13:29:00,Purchase,Debit Card,389.8,Success,Shopping,0
TX005288,277,2025-10-01 06:55:00,Purchase,UPI,3494.24,Success,Groceries,0
TX005289,341,2025-06-04 00:11:00,Purchase,ATM,655.64,Success,Education,0
TX005290,331,2025-12-15 13:21:00,Transfer,UPI,2377.62,Success,Education,0
TX005291,62,2025-06-24 13:21:00,Purchase,Credit Card,4178.36,Success,Shopping,0
TX005292,149,2025-04-10 20:09:00,Withdrawal,Debit Card,1616.77,Success,Education,0
TX005293,182,2025-08-25 02:44:00,Withdrawal,Credit Card,307.44,Success,Dining,0
TX005294,481,2025-10-27 09:28:00,Withdrawal,UPI,502.46,Success,Healthcare,0
TX005295,62,2025-06-19 11:56:00,Purchase,UPI,3375.61,Success,Healthcare,0
TX005296,56,2025-10-14 18:13:00,Withdrawal,ATM,949.79,Success,Healthcare,0
TX005297,361,2025-10-25 11:10:00,Transfer,Net Banking,1173.37,Success,Groceries,0
TX005298,22,2025-10-14 01:02:00,Bill Payment,ATM,2090.17,Success,Shopping,0
TX005299,230,2025-09-28 20:46:00,Purchase,UPI,1982.03,Success,Dining,0
TX005300,327,2025-02-20 20:28:00,Purchase,Debit Card,1389.89,Success,Healthcare,0
TX005301,48,2025-09-24 15:23:00,Purchase,UPI,918.4,Success,Shopping,0
TX005302,233,2025-08-22 10:39:00,Purchase,Debit Card,840.7,Success,Dining,0
TX005303,74,2025-12-07 16:23:00,Purchase,UPI,2273.81,Success,Groceries,0
TX005304,280,2025-01-29 05:01:00,Purchase,Debit Card,1755.54,Success,Travel,0
TX005305,9,2025-08-14 17:03:00,Withdrawal,UPI,881.21,Success,Shopping,0
TX005306,311,2025-02-25 15:26:00,Purchase,Debit Card,2751.21,Success,Dining,0
TX005307,291,2025-05-24 11:53:00,Bill Payment,Debit Card,982.72,Success,Healthcare,0
TX005308,102,2025-08-08 17:05:00,Purchase,Debit Card,531.7,Success,Dining,0
TX005309,385,2025-07-01 14:49:00,Purchase,Credit Card,575.29,Failed,Other,0
TX005310,259,2025-02-26 17:39:00,Purchase,UPI,477.26,Success,Dining,0
TX005311,353,2025-07-24 14:54:00,Purchase,ATM,869.96,Success,Dining,0
TX005312,108,2025-07-08 14:42:00,Purchase,UPI,3129.62,Success,Groceries,0
TX005313,272,2025-04-30 01:11:00,Purchase,UPI,553.17,Success,Other,0
TX005314,406,2025-03-09 02:58:00,Purchase,Debit Card,1287.17,Success,Utilities,0
TX005315,168,2025-06-13 02:02:00,Withdrawal,UPI,627.54,Failed,Education,0
TX005316,472,2025-07-16 17:11:00,Bill Payment,Debit Card,878.96,Failed,Dining,0
TX005317,240,2025-03-06 09:12:00,Purchase,Credit Card,303.83,Success,Education,0
TX005318,214,2025-05-25 19:39:00,Purchase,UPI,909.18,Success,Education,0
TX005319,45,2025-07-19 02:24:00,Purchase,UPI,930.15,Success,Education,0
TX005320,388,2025-09-26 23:56:00,Withdrawal,Credit Card,1735.84,Failed,Utilities,0
TX005321,140,2025-12-20 20:16:00,Purchase,Net Banking,1325.82,Success,Shopping,0
TX005322,349,2025-12-07 11:23:00,Withdrawal,Credit Card,395.98,Success,Education,0
TX005323,319,2025-09-15 12:16:00,Purchase,Net Banking,2756.09,Success,Groceries,0
TX005324,436,2025-07-24 09:59:00,Refund,UPI,1311.28,Success,Shopping,0
TX005325,279,2025-01-11 01:41:00,Purchase,Debit Card,1298.07,Success,Travel,0
TX005326,412,2025-02-19 05:34:00,Transfer,Net Banking,1088.11,Failed,Shopping,0
TX005327,324,2025-12-20 01:38:00,Transfer,Net Banking,706.21,Success,Utilities,0
TX005328,82,2025-12-05 17:47:00,Withdrawal,UPI,1319.66,Success,Healthcare,0
TX005329,93,2025-01-12 07:34:00,Purchase,UPI,1642.95,Success,Shopping,0
TX005330,38,2025-12-04 22:33:00,Purchase,Net Banking,248.42,Success,Shopping,0
TX005331,348,2025-01-25 05:40:00,Purchase,UPI,693.71,Success,Other,0
TX005332,24,2025-03-08 20:14:00,Purchase,Debit Card,882.97,Success,Groceries,0
TX005333,427,2025-02-10 22:08:00,Purchase,UPI,1363.41,Success,Shopping,0
TX005334,51,2025-08-30 10:08:00,Withdrawal,Debit Card,3023.94,Success,Groceries,0
TX005335,4,2025-09-12 13:19:00,Purchase,UPI,569.08,Reversed,Travel,0
TX005336,488,2025-06-18 13:00:00,Purchase,UPI,718.19,Success,Utilities,0
TX005337,481,2025-04-18 01:14:00,Bill Payment,Debit Card,709.35,Success,Other,0
TX005338,59,2025-05-16 16:51:00,Bill Payment,UPI,554.85,Success,Travel,0
TX005339,59,2025-06-19 08:56:00,Refund,UPI,816.39,Success,Groceries,0
TX005340,69,2025-06-25 17:18:00,Purchase,ATM,2111.56,Success,Groceries,0
TX005341,24,2025-08-15 21:59:00,Purchase,ATM,447.75,Success,Shopping,0
TX005342,145,2025-08-17 07:40:00,Withdrawal,Debit Card,1577.57,Success,Travel,0
TX005343,195,2025-08-31 12:10:00,Transfer,UPI,258.11,Success,Shopping,0
TX005344,92,2025-04-07 14:12:00,Transfer,Debit Card,680.52,Success,Healthcare,0
TX005345,96,2025-09-17 00:17:00,Transfer,UPI,828.76,Success,Utilities,0
TX005346,46,2025-03-22 04:30:00,Purchase,UPI,4553.41,Success,Utilities,0
TX005347,271,2025-12-14 13:08:00,Bill Payment,UPI,868.2,Success,Groceries,0
TX005348,52,2025-09-30 19:28:00,Withdrawal,UPI,168.84,Success,Education,0
TX005349,473,2025-06-20 11:54:00,Withdrawal,Credit Card,200.53,Success,Groceries,0
TX005350,92,2025-04-27 10:58:00,Purchase,UPI,1128.82,Success,Utilities,0
TX005351,222,2025-06-11 01:57:00,Purchase,UPI,1847.72,Success,Dining,0
TX005352,43,2025-06-25 23:22:00,Transfer,ATM,1508.9,Success,Groceries,0
TX005353,145,2025-12-11 05:14:00,Transfer,UPI,1264.5,Success,Dining,0
TX005354,400,2025-01-28 00:53:00,Purchase,UPI,2945.17,Success,Groceries,0
TX005355,271,2025-04-05 11:10:00,Transfer,UPI,693.22,Success,Other,0
TX005356,32,2025-03-26 17:13:00,Withdrawal,Debit Card,2346.49,Success,Groceries,0
TX005357,376,2025-01-03 12:37:00,Transfer,Credit Card,273.91,Success,Education,0
TX005358,140,2025-08-29 06:06:00,Purchase,UPI,508.16,Success,Healthcare,0
TX005359,368,2025-11-23 03:36:00,Purchase,Debit Card,236.04,Success,Other,0
TX005360,125,2025-12-05 13:07:00,Withdrawal,Debit Card,868.16,Success,Shopping,0
TX005361,67,2025-01-04 23:05:00,Purchase,UPI,1054.35,Success,Dining,0
TX005362,15,2025-06-05 12:44:00,Bill Payment,Net Banking,1208.32,Success,Groceries,0
TX005363,187,2025-01-11 17:30:00,Purchase,UPI,1155.86,Success,Other,0
TX005364,327,2025-09-17 16:32:00,Bill Payment,Net Banking,498.49,Success,Travel,0
TX005365,236,2025-01-18 20:22:00,Transfer,UPI,932.9,Success,Other,0
TX005366,291,2025-06-08 14:35:00,Bill Payment,Debit Card,307.1,Success,Travel,0
TX005367,84,2025-11-22 13:56:00,Bill Payment,Net Banking,3493.8,Success,Groceries,0
TX005368,158,2025-08-20 02:16:00,Purchase,Credit Card,847.18,Success,Travel,0
TX005369,296,2025-01-23 17:36:00,Bill Payment,UPI,723.75,Success,Healthcare,0
TX005370,358,2025-05-29 03:19:00,Transfer,Credit Card,4232.72,Success,Travel,0
TX005371,300,2025-11-10 07:15:00,Purchase,UPI,381.49,Success,Other,0
TX005372,20,2025-07-26 21:23:00,Purchase,UPI,421.26,Success,Other,0
TX005373,446,2025-12-12 00:30:00,Transfer,Net Banking,431.91,Success,Shopping,0
TX005374,285,2025-01-02 12:40:00,Purchase,ATM,1035.16,Success,Utilities,0
TX005375,226,2025-06-17 15:27:00,Transfer,UPI,1582.7,Success,Healthcare,0
TX005376,326,2025-08-03 02:30:00,Transfer,UPI,2056.42,Success,Other,0
TX005377,402,2025-03-27 19:45:00,Purchase,Debit Card,9761.45,Success,Utilities,0
TX005378,318,2025-08-10 06:01:00,Bill Payment,UPI,162.06,Success,Other,0
TX005379,457,2025-09-07 04:55:00,Transfer,UPI,1839.82,Success,Shopping,0
TX005380,295,2025-07-03 03:32:00,Purchase,UPI,682.96,Success,Dining,0
TX005381,393,2025-05-20 20:31:00,Purchase,UPI,666.17,Success,Shopping,0
TX005382,164,2025-09-21 04:14:00,Withdrawal,Net Banking,647.55,Success,Travel,0
TX005383,284,2025-09-24 21:25:00,Transfer,Credit Card,506.51,Success,Utilities,0
TX005384,243,2025-04-01 15:10:00,Purchase,ATM,4590.97,Success,Dining,0
TX005385,459,2025-01-02 01:58:00,Bill Payment,Debit Card,2243.86,Success,Education,0
TX005386,100,2025-03-31 12:12:00,Purchase,UPI,1118.47,Success,Travel,0
TX005387,192,2025-05-26 00:54:00,Transfer,UPI,3457.72,Success,Education,0
TX005388,109,2025-05-27 01:18:00,Purchase,Net Banking,303.19,Success,Shopping,0
TX005389,100,2025-05-13 16:30:00,Transfer,UPI,353.86,Success,Travel,0
TX005390,379,2025-11-27 12:07:00,Bill Payment,ATM,172.21,Success,Utilities,0
TX005391,44,2025-01-29 05:10:00,Purchase,UPI,605.16,Success,Healthcare,0
TX005392,245,2025-08-22 13:54:00,Purchase,Credit Card,1258.21,Success,Dining,0
TX005393,92,2025-11-08 18:24:00,Transfer,UPI,1196.83,Success,Healthcare,0
TX005394,39,2025-02-28 18:30:00,Transfer,UPI,1245.06,Success,Other,0
TX005395,329,2025-08-11 06:12:00,Purchase,UPI,330.5,Success,Other,0
TX005396,89,2025-04-03 04:22:00,Purchase,UPI,2170.43,Success,Other,0
TX005397,192,2025-10-06 09:49:00,Transfer,Net Banking,1344.37,Success,Groceries,0
TX005398,238,2025-04-26 01:59:00,Withdrawal,UPI,2044.88,Success,Shopping,0
TX005399,439,2025-04-12 04:50:00,Transfer,Debit Card,219.46,Success,Groceries,0
TX005400,174,2025-12-15 17:54:00,Transfer,Net Banking,1429.05,Success,Shopping,0
TX005401,40,2025-01-10 08:40:00,Withdrawal,UPI,399.57,Failed,Shopping,0
TX005402,381,2025-06-24 04:19:00,Transfer,Credit Card,782.33,Failed,Dining,0
TX005403,106,2025-09-29 03:57:00,Purchase,Net Banking,1727.12,Success,Education,0
TX005404,7,2025-06-05 00:28:00,Purchase,Credit Card,1184.92,Success,Education,0
TX005405,415,2025-11-11 21:46:00,Transfer,UPI,531.76,Success,Travel,0
TX005406,452,2025-10-23 15:48:00,Purchase,Net Banking,1102.5,Success,Groceries,0
TX005407,198,2025-05-04 02:56:00,Purchase,UPI,298.33,Success,Healthcare,0
TX005408,298,2025-01-04 06:32:00,Purchase,Net Banking,2915.3,Success,Shopping,0
TX005409,42,2025-06-01 05:04:00,Purchase,Net Banking,921.04,Success,Other,0
TX005410,85,2025-07-23 03:11:00,Bill Payment,Debit Card,2837.75,Reversed,Shopping,0
TX005411,328,2025-02-18 15:58:00,Purchase,UPI,700.96,Success,Dining,0
TX005412,383,2025-09-13 14:18:00,Transfer,UPI,702.72,Success,Education,0
TX005413,391,2025-05-19 14:50:00,Transfer,Net Banking,572.75,Success,Dining,0
TX005414,84,2025-01-12 19:17:00,Bill Payment,Debit Card,2309.41,Success,Dining,0
TX005415,70,2025-04-04 17:05:00,Purchase,Debit Card,600.03,Success,Shopping,0
TX005416,362,2025-11-04 06:28:00,Transfer,UPI,1896.77,Success,Healthcare,0
TX005417,87,2025-07-08 21:30:00,Withdrawal,Net Banking,792.28,Success,Dining,0
TX005418,234,2025-12-22 02:10:00,Purchase,Debit Card,204.47,Success,Other,0
TX005419,360,2025-10-06 11:41:00,Transfer,UPI,675.35,Success,Other,0
TX005420,245,2025-07-29 06:31:00,Transfer,Net Banking,402.53,Success,Shopping,0
TX005421,200,2025-06-11 12:02:00,Purchase,Debit Card,1128.69,Success,Healthcare,0
TX005422,301,2025-03-21 12:34:00,Transfer,Credit Card,398.68,Success,Dining,0
TX005423,419,2025-11-05 08:59:00,Purchase,UPI,2409.27,Failed,Education,0
TX005424,380,2025-01-10 06:05:00,Bill Payment,Debit Card,1014.94,Success,Education,0
TX005425,218,2025-09-18 22:30:00,Purchase,Debit Card,942.98,Success,Other,0
TX005426,465,2025-11-30 23:02:00,Purchase,Net Banking,1915.07,Success,Utilities,0
TX005427,45,2025-01-21 17:33:00,Purchase,UPI,2488.22,Success,Education,0
TX005428,160,2025-11-02 06:34:00,Transfer,Net Banking,1078.06,Success,Utilities,0
TX005429,438,2025-04-12 00:09:00,Purchase,UPI,569.34,Reversed,Shopping,0
TX005430,165,2025-05-28 13:23:00,Purchase,UPI,242.77,Success,Other,0
TX005431,396,2025-06-14 23:44:00,Withdrawal,ATM,612.08,Success,Education,0
TX005432,472,2025-09-06 05:41:00,Bill Payment,Net Banking,648.96,Success,Other,0
TX005433,449,2025-11-10 00:17:00,Purchase,Net Banking,1201.11,Success,Utilities,0
TX005434,170,2025-01-28 16:31:00,Purchase,ATM,817.81,Success,Dining,0
TX005435,215,2025-06-16 17:45:00,Withdrawal,Net Banking,1967.94,Success,Healthcare,0
TX005436,396,2025-03-03 20:35:00,Bill Payment,Net Banking,651.3,Success,Utilities,0
TX005437,319,2025-04-10 16:04:00,Transfer,Credit Card,1044.73,Success,Utilities,0
TX005438,108,2025-10-14 08:52:00,Transfer,Debit Card,3000.07,Success,Groceries,0
TX005439,73,2025-01-22 22:12:00,Withdrawal,Credit Card,1466.38,Success,Groceries,0
TX005440,31,2025-07-23 23:43:00,Purchase,UPI,1042.07,Success,Utilities,0
TX005441,145,2025-02-22 05:56:00,Purchase,Credit Card,657.44,Success,Healthcare,0
TX005442,36,2025-09-15 11:18:00,Refund,Credit Card,640.18,Success,Shopping,0
TX005443,171,2025-02-28 15:03:00,Transfer,UPI,532.18,Success,Utilities,0
TX005444,12,2025-04-09 17:04:00,Purchase,UPI,692.39,Success,Shopping,0
TX005445,135,2025-11-19 06:30:00,Purchase,UPI,2084.57,Success,Shopping,0
TX005446,230,2025-02-22 09:37:00,Transfer,Credit Card,908.14,Reversed,Shopping,0
TX005447,338,2025-03-21 13:23:00,Transfer,UPI,348.17,Failed,Travel,0
TX005448,247,2025-01-31 22:59:00,Withdrawal,Net Banking,4929.26,Success,Shopping,0
TX005449,32,2025-07-03 17:17:00,Withdrawal,UPI,1439.38,Success,Shopping,0
TX005450,215,2025-08-26 15:18:00,Withdrawal,UPI,331.66,Success,Shopping,0
TX005451,45,2025-03-23 00:23:00,Transfer,Debit Card,753.27,Success,Travel,0
TX005452,17,2025-07-31 07:11:00,Purchase,UPI,1205.02,Success,Education,0
TX005453,256,2025-12-09 01:50:00,Transfer,Debit Card,4669.95,Success,Other,0
TX005454,194,2025-04-24 06:53:00,Purchase,UPI,427.56,Success,Dining,0
TX005455,461,2025-12-17 12:32:00,Transfer,Debit Card,2514.01,Success,Shopping,0
TX005456,184,2025-10-08 21:37:00,Withdrawal,UPI,3603.15,Success,Shopping,0
TX005457,294,2025-04-25 17:41:00,Purchase,UPI,642.68,Success,Utilities,0
TX005458,99,2025-09-09 15:20:00,Purchase,Credit Card,866.2,Success,Travel,0
TX005459,160,2025-12-21 13:14:00,Transfer,UPI,454.47,Success,Groceries,0
TX005460,74,2025-05-18 02:02:00,Purchase,UPI,922.47,Success,Education,0
TX005461,226,2025-04-13 11:16:00,Withdrawal,UPI,1063.05,Success,Dining,0
TX005462,157,2025-10-24 17:17:00,Transfer,UPI,1921.19,Failed,Education,0
TX005463,492,2025-04-15 00:02:00,Transfer,UPI,2770.15,Success,Other,0
TX005464,357,2025-11-16 22:38:00,Bill Payment,Debit Card,580.63,Success,Dining,0
TX005465,28,2025-06-09 00:39:00,Transfer,Net Banking,205.98,Success,Groceries,0
TX005466,81,2025-03-25 08:04:00,Withdrawal,Net Banking,1077.01,Success,Other,0
TX005467,237,2025-10-07 18:28:00,Purchase,UPI,1407.41,Success,Travel,0
TX005468,303,2025-09-01 21:38:00,Bill Payment,Credit Card,1355.61,Success,Healthcare,0
TX005469,488,2025-01-31 01:20:00,Purchase,Credit Card,830.75,Success,Dining,0
TX005470,161,2025-11-01 10:55:00,Withdrawal,Credit Card,1219.31,Success,Dining,0
TX005471,393,2025-04-28 00:41:00,Purchase,Net Banking,88674.13,Failed,Utilities,1
TX005472,156,2025-11-14 20:35:00,Purchase,Net Banking,1516.98,Success,Other,0
TX005473,276,2025-05-14 01:35:00,Purchase,Debit Card,60368.97,Success,Other,1
TX005474,307,2025-09-08 07:24:00,Purchase,UPI,716.83,Success,Other,0
TX005475,481,2025-01-16 20:00:00,Withdrawal,Debit Card,949.21,Success,Utilities,0
TX005476,389,2025-08-22 15:05:00,Bill Payment,Net Banking,4408.23,Success,Groceries,0
TX005477,30,2025-10-18 08:17:00,Transfer,Credit Card,938.42,Success,Groceries,0
TX005478,425,2025-08-20 06:51:00,Transfer,UPI,1078.34,Success,Shopping,0
TX005479,55,2025-05-31 14:08:00,Purchase,Credit Card,123099.09,Success,Travel,1
TX005480,198,2025-11-19 07:22:00,Purchase,Debit Card,2790.95,Success,Dining,0
TX005481,332,2025-03-07 05:43:00,Withdrawal,Credit Card,5801.44,Success,Utilities,0
TX005482,390,2025-07-24 10:53:00,Withdrawal,Debit Card,1608.44,Success,Travel,0
TX005483,492,2025-05-10 06:32:00,Transfer,UPI,1176.57,Success,Travel,0
TX005484,178,2025-05-11 13:15:00,Withdrawal,UPI,1131.46,Success,Education,0
TX005485,42,2025-11-09 23:20:00,Purchase,Debit Card,144.51,Success,Groceries,0
TX005486,290,2025-03-29 04:54:00,Purchase,Credit Card,2066.02,Success,Groceries,0
TX005487,175,2025-07-27 01:09:00,Bill Payment,UPI,1229.1,Success,Travel,0
TX005488,113,2025-03-17 09:13:00,Transfer,UPI,1578.28,Success,Healthcare,0
TX005489,477,2025-01-28 04:12:00,Transfer,UPI,599.0,Success,Utilities,0
TX005490,42,2025-12-12 10:42:00,Purchase,Credit Card,790.93,Success,Dining,0
TX005491,286,2025-11-02 15:43:00,Withdrawal,Net Banking,773.27,Success,Other,0
TX005492,293,2025-10-02 09:37:00,Bill Payment,Debit Card,2613.33,Success,Travel,0
TX005493,293,2025-06-04 16:27:00,Bill Payment,UPI,794.77,Success,Dining,0
TX005494,363,2025-03-16 14:08:00,Purchase,Net Banking,6439.85,Success,Healthcare,0
TX005495,417,2025-07-25 03:03:00,Withdrawal,UPI,1581.66,Success,Travel,0
TX005496,69,2025-06-25 17:41:00,Purchase,Debit Card,370.8,Success,Other,0
TX005497,200,2025-03-16 04:49:00,Refund,Credit Card,983.12,Success,Education,0
TX005498,125,2025-06-19 22:00:00,Refund,Credit Card,630.22,Success,Healthcare,0
TX005499,116,2025-10-23 18:01:00,Purchase,UPI,169.83,Success,Education,0
TX005500,97,2025-05-07 19:28:00,Purchase,UPI,4270.77,Success,Healthcare,0
TX005501,201,2025-08-14 20:37:00,Withdrawal,UPI,1993.55,Success,Travel,0
TX005502,1,2025-10-19 00:02:00,Purchase,UPI,1725.42,Success,Utilities,0
TX005503,241,2025-03-15 23:55:00,Purchase,Credit Card,1262.18,Success,Other,0
TX005504,156,2025-11-11 21:22:00,Transfer,UPI,338.76,Success,Shopping,0
TX005505,403,2025-05-05 08:25:00,Bill Payment,UPI,727.0,Success,Utilities,0
TX005506,7,2025-12-18 11:17:00,Purchase,ATM,176460.28,Success,Healthcare,1
TX005507,259,2025-08-31 13:18:00,Refund,ATM,448.75,Success,Shopping,0
TX005508,471,2025-08-25 10:52:00,Bill Payment,Net Banking,127.48,Success,Utilities,0
TX005509,258,2025-10-05 11:24:00,Purchase,Debit Card,904.12,Success,Shopping,0
TX005510,327,2025-05-23 11:17:00,Purchase,UPI,972.15,Success,Dining,0
TX005511,246,2025-03-05 18:48:00,Transfer,Credit Card,1230.57,Failed,Healthcare,0
TX005512,298,2025-07-07 15:49:00,Purchase,UPI,2037.02,Success,Groceries,0
TX005513,368,2025-03-04 23:58:00,Transfer,Debit Card,1885.53,Success,Shopping,0
TX005514,252,2025-05-12 12:26:00,Purchase,Debit Card,1366.43,Success,Shopping,0
TX005515,80,2025-09-16 16:23:00,Purchase,UPI,3029.65,Success,Healthcare,0
TX005516,213,2025-06-14 10:23:00,Bill Payment,Debit Card,301.53,Success,Shopping,0
TX005517,28,2025-05-15 09:42:00,Purchase,Debit Card,1683.95,Success,Utilities,0
TX005518,359,2025-11-09 10:23:00,Withdrawal,UPI,1867.88,Success,Dining,0
TX005519,408,2025-07-17 06:24:00,Transfer,Debit Card,382.36,Success,Shopping,0
TX005520,260,2025-07-03 01:24:00,Bill Payment,Net Banking,305.69,Success,Travel,0
TX005521,142,2025-08-02 18:10:00,Transfer,Debit Card,581.7,Success,Education,0
TX005522,372,2025-01-31 21:51:00,Purchase,UPI,624.96,Success,Utilities,0
TX005523,491,2025-02-18 17:50:00,Withdrawal,Net Banking,2080.59,Success,Healthcare,0
TX005524,337,2025-04-08 21:37:00,Withdrawal,Debit Card,650.44,Success,Utilities,0
TX005525,289,2025-04-22 00:26:00,Transfer,UPI,529.59,Success,Dining,0
TX005526,380,2025-11-09 12:35:00,Purchase,Debit Card,652.04,Success,Education,0
TX005527,40,2025-09-20 19:26:00,Bill Payment,Net Banking,2837.95,Success,Healthcare,0
TX005528,9,2025-10-10 21:02:00,Withdrawal,Net Banking,1108.86,Success,Travel,0
TX005529,358,2025-05-14 19:17:00,Transfer,Credit Card,941.65,Success,Utilities,0
TX005530,485,2025-03-17 20:02:00,Transfer,Credit Card,998.74,Success,Shopping,0
TX005531,197,2025-10-21 20:15:00,Purchase,UPI,3288.71,Success,Other,0
TX005532,16,2025-06-01 02:55:00,Purchase,Debit Card,580.1,Success,Groceries,0
TX005533,362,2025-07-13 08:24:00,Transfer,UPI,3354.92,Success,Utilities,0
TX005534,15,2025-11-25 13:07:00,Bill Payment,UPI,1311.49,Success,Travel,0
TX005535,484,2025-01-25 06:45:00,Purchase,Credit Card,956.85,Success,Other,0
TX005536,220,2025-12-23 06:16:00,Purchase,UPI,147030.21,Success,Dining,1
TX005537,258,2025-03-23 11:29:00,Refund,UPI,447.07,Success,Travel,0
TX005538,297,2025-08-17 23:38:00,Transfer,UPI,811.89,Success,Dining,0
TX005539,430,2025-11-10 20:07:00,Bill Payment,Debit Card,384.69,Success,Dining,0
TX005540,201,2025-10-26 01:54:00,Transfer,Debit Card,2464.13,Success,Groceries,0
TX005541,303,2025-12-11 12:39:00,Withdrawal,UPI,4609.2,Success,Other,0
TX005542,383,2025-12-19 01:04:00,Purchase,Credit Card,4534.34,Success,Education,0
TX005543,274,2025-02-15 08:00:00,Purchase,UPI,3103.72,Success,Utilities,0
TX005544,217,2025-11-02 12:20:00,Bill Payment,UPI,927.06,Success,Groceries,0
TX005545,352,2025-01-12 21:26:00,Transfer,Debit Card,803.96,Success,Dining,0
TX005546,198,2025-02-14 11:21:00,Bill Payment,Debit Card,264.94,Success,Groceries,0
TX005547,14,2025-01-26 14:38:00,Bill Payment,Credit Card,6188.78,Success,Other,0
TX005548,108,2025-07-08 23:33:00,Transfer,UPI,1633.75,Success,Shopping,0
TX005549,323,2025-04-23 12:20:00,Withdrawal,UPI,721.86,Success,Shopping,0
TX005550,420,2025-07-28 21:23:00,Transfer,UPI,3390.89,Success,Travel,0
TX005551,295,2025-07-13 09:04:00,Purchase,Debit Card,479.69,Success,Utilities,0
TX005552,56,2025-03-15 05:28:00,Bill Payment,UPI,1549.41,Success,Dining,0
TX005553,336,2025-10-16 16:54:00,Withdrawal,UPI,946.97,Success,Groceries,0
TX005554,101,2025-10-03 03:22:00,Purchase,UPI,1887.25,Success,Utilities,0
TX005555,339,2025-07-30 05:30:00,Purchase,Net Banking,1038.95,Success,Groceries,0
TX005556,374,2025-09-06 18:15:00,Purchase,Net Banking,319.49,Success,Other,0
TX005557,348,2025-06-02 10:59:00,Refund,UPI,1169.39,Reversed,Education,0
TX005558,426,2025-03-02 04:34:00,Bill Payment,Debit Card,2674.54,Success,Travel,0
TX005559,458,2025-03-15 13:12:00,Withdrawal,Net Banking,81867.87,Success,Other,1
TX005560,282,2025-03-21 07:45:00,Transfer,UPI,2119.31,Success,Groceries,0
TX005561,271,2025-02-06 09:06:00,Transfer,UPI,450.92,Success,Shopping,0
TX005562,325,2025-08-16 00:05:00,Bill Payment,Net Banking,1072.43,Success,Education,0
TX005563,125,2025-07-05 14:41:00,Purchase,UPI,644.95,Failed,Travel,0
TX005564,283,2025-04-29 14:02:00,Purchase,UPI,2069.23,Success,Other,0
TX005565,261,2025-06-01 01:59:00,Purchase,UPI,1126.38,Success,Other,0
TX005566,37,2025-08-04 20:58:00,Purchase,Credit Card,1971.52,Success,Utilities,0
TX005567,391,2025-01-13 03:35:00,Bill Payment,UPI,2764.33,Failed,Other,0
TX005568,164,2025-10-20 15:56:00,Purchase,UPI,1974.12,Success,Utilities,0
TX005569,122,2025-09-05 10:13:00,Bill Payment,UPI,115685.93,Success,Travel,1
TX005570,305,2025-11-14 10:53:00,Transfer,UPI,469.43,Success,Utilities,0
TX005571,194,2025-04-28 19:54:00,Purchase,Net Banking,1094.04,Success,Dining,0
TX005572,296,2025-11-03 09:22:00,Purchase,ATM,697.06,Success,Dining,0
TX005573,162,2025-03-25 07:58:00,Transfer,Credit Card,818.56,Success,Dining,0
TX005574,348,2025-10-23 05:32:00,Bill Payment,Debit Card,797.63,Success,Utilities,0
TX005575,369,2025-06-02 15:33:00,Transfer,ATM,476.78,Success,Travel,0
TX005576,418,2025-07-09 13:17:00,Purchase,UPI,207.73,Success,Healthcare,0
TX005577,377,2025-06-07 13:41:00,Transfer,UPI,621.46,Success,Travel,0
TX005578,164,2025-06-17 11:04:00,Purchase,Credit Card,1292.55,Success,Healthcare,0
TX005579,31,2025-08-29 16:04:00,Purchase,Net Banking,348.64,Success,Shopping,0
TX005580,259,2025-09-25 16:33:00,Purchase,UPI,1111.35,Success,Healthcare,0
TX005581,360,2025-01-23 00:56:00,Purchase,Debit Card,5515.01,Success,Shopping,0
TX005582,472,2025-08-16 18:37:00,Purchase,Credit Card,2616.51,Success,Shopping,0
TX005583,438,2025-03-17 05:01:00,Withdrawal,Debit Card,4433.79,Success,Healthcare,0
TX005584,71,2025-04-12 13:02:00,Withdrawal,Debit Card,1529.14,Success,Healthcare,0
TX005585,370,2025-06-21 07:22:00,Bill Payment,ATM,2958.34,Success,Groceries,0
TX005586,422,2025-08-21 22:58:00,Purchase,UPI,592.67,Success,Utilities,0
TX005587,238,2025-02-02 06:50:00,Purchase,Credit Card,634.17,Success,Utilities,0
TX005588,367,2025-12-05 11:36:00,Transfer,Net Banking,106.88,Failed,Dining,0
TX005589,247,2025-06-02 04:14:00,Withdrawal,UPI,3005.57,Success,Other,0
TX005590,13,2025-03-18 03:17:00,Transfer,UPI,4061.37,Success,Other,0
TX005591,386,2025-11-13 20:27:00,Transfer,UPI,685.26,Reversed,Shopping,0
TX005592,471,2025-02-14 17:30:00,Withdrawal,UPI,883.72,Failed,Travel,0
TX005593,396,2025-10-17 03:41:00,Withdrawal,UPI,577.79,Success,Groceries,0
TX005594,444,2025-12-08 21:25:00,Withdrawal,Net Banking,1518.16,Success,Dining,0
TX005595,445,2025-09-24 15:19:00,Purchase,Debit Card,2853.19,Success,Travel,0
TX005596,432,2025-07-16 07:13:00,Transfer,UPI,249.3,Success,Shopping,0
TX005597,44,2025-04-06 03:05:00,Withdrawal,UPI,1553.12,Success,Groceries,0
TX005598,104,2025-11-26 08:19:00,Bill Payment,Debit Card,866.82,Success,Dining,0
TX005599,446,2025-08-11 22:59:00,Purchase,ATM,1207.59,Success,Education,0
TX005600,185,2025-06-11 07:14:00,Purchase,Net Banking,1619.94,Success,Utilities,0
TX005601,48,2025-03-12 21:18:00,Purchase,Credit Card,934.52,Success,Utilities,0
TX005602,436,2025-07-16 13:40:00,Purchase,Debit Card,1004.2,Failed,Shopping,0
TX005603,153,2025-06-09 13:31:00,Purchase,Credit Card,914.34,Success,Utilities,0
TX005604,108,2025-01-08 09:15:00,Transfer,Net Banking,2501.81,Success,Dining,0
TX005605,203,2025-06-19 23:13:00,Bill Payment,Credit Card,1565.48,Success,Shopping,0
TX005606,125,2025-01-06 23:42:00,Bill Payment,UPI,1322.79,Success,Education,0
TX005607,496,2025-11-21 19:49:00,Purchase,Credit Card,372.3,Success,Education,0
TX005608,160,2025-08-10 14:35:00,Purchase,Net Banking,794.89,Success,Other,0
TX005609,145,2025-07-27 21:09:00,Purchase,UPI,2353.99,Success,Shopping,0
TX005610,440,2025-12-30 01:53:00,Transfer,UPI,1132.34,Success,Travel,0
TX005611,199,2025-05-31 00:32:00,Purchase,UPI,1921.0,Success,Utilities,0
TX005612,269,2025-04-10 19:18:00,Purchase,UPI,4922.32,Success,Healthcare,0
TX005613,233,2025-08-13 00:45:00,Bill Payment,Net Banking,2651.33,Success,Healthcare,0
TX005614,39,2025-10-06 02:15:00,Bill Payment,Debit Card,1187.0,Success,Travel,0
TX005615,19,2025-05-20 07:38:00,Withdrawal,Net Banking,710.28,Success,Groceries,0
TX005616,94,2025-11-12 09:53:00,Purchase,UPI,125.15,Success,Travel,0
TX005617,227,2025-04-06 08:03:00,Transfer,UPI,950.39,Success,Travel,0
TX005618,466,2025-10-27 13:58:00,Withdrawal,Net Banking,831.22,Success,Travel,0
TX005619,494,2025-01-09 16:53:00,Purchase,Debit Card,1528.15,Success,Other,0
TX005620,448,2025-12-05 13:37:00,Purchase,Net Banking,962.16,Success,Groceries,0
TX005621,448,2025-03-06 16:45:00,Bill Payment,UPI,835.2,Success,Shopping,0
TX005622,178,2025-04-07 21:00:00,Withdrawal,Net Banking,61439.68,Success,Groceries,1
TX005623,352,2025-06-18 22:58:00,Withdrawal,Debit Card,493.26,Success,Groceries,0
TX005624,178,2025-08-21 12:59:00,Bill Payment,UPI,1644.44,Success,Dining,0
TX005625,277,2025-05-04 17:22:00,Purchase,UPI,4715.08,Success,Travel,0
TX005626,131,2025-06-15 16:33:00,Transfer,UPI,1009.39,Success,Utilities,0
TX005627,289,2025-12-01 15:18:00,Withdrawal,Debit Card,1449.02,Success,Utilities,0
TX005628,81,2025-01-03 02:33:00,Bill Payment,UPI,2464.16,Success,Travel,0
TX005629,183,2025-10-14 05:22:00,Transfer,UPI,550.45,Reversed,Healthcare,0
TX005630,72,2025-02-10 06:59:00,Bill Payment,Net Banking,1497.86,Success,Utilities,0
TX005631,214,2025-08-10 02:28:00,Purchase,UPI,584.4,Success,Groceries,0
TX005632,245,2025-09-26 05:07:00,Purchase,Credit Card,2287.24,Success,Travel,0
TX005633,119,2025-11-20 02:13:00,Transfer,UPI,1247.25,Failed,Utilities,0
TX005634,188,2025-01-17 16:26:00,Withdrawal,UPI,1413.3,Success,Utilities,0
TX005635,404,2025-12-21 07:43:00,Purchase,UPI,563.85,Success,Shopping,0
TX005636,247,2025-08-22 21:00:00,Purchase,UPI,2000.15,Success,Utilities,0
TX005637,432,2025-09-24 06:33:00,Transfer,UPI,6451.1,Success,Groceries,0
TX005638,268,2025-05-30 14:23:00,Transfer,Net Banking,465.58,Success,Shopping,0
TX005639,425,2025-02-16 14:50:00,Transfer,UPI,821.56,Success,Groceries,0
TX005640,387,2025-10-30 03:32:00,Purchase,Credit Card,1335.24,Success,Healthcare,0
TX005641,300,2025-01-11 02:19:00,Bill Payment,UPI,2139.75,Success,Other,0
TX005642,88,2025-02-08 03:31:00,Purchase,UPI,681.56,Success,Shopping,0
TX005643,291,2025-02-09 00:54:00,Transfer,Debit Card,98.68,Success,Groceries,0
TX005644,16,2025-03-14 23:12:00,Withdrawal,UPI,3481.82,Success,Dining,0
TX005645,469,2025-12-12 04:23:00,Transfer,UPI,2093.16,Success,Other,0
TX005646,151,2025-10-12 06:08:00,Purchase,UPI,249.26,Success,Utilities,0
TX005647,113,2025-05-24 08:42:00,Purchase,UPI,654.3,Success,Other,0
TX005648,135,2025-02-07 16:43:00,Purchase,Debit Card,4158.69,Success,Shopping,0
TX005649,257,2025-08-21 19:13:00,Purchase,Net Banking,3754.19,Success,Dining,0
TX005650,3,2025-04-22 11:03:00,Purchase,UPI,2435.35,Success,Utilities,0
TX005651,203,2025-08-10 06:10:00,Withdrawal,UPI,944.17,Success,Education,0
TX005652,215,2025-07-24 02:56:00,Purchase,Debit Card,1176.78,Success,Travel,0
TX005653,219,2025-03-13 11:16:00,Purchase,Debit Card,981.14,Success,Travel,0
TX005654,128,2025-05-04 04:08:00,Purchase,UPI,2861.22,Success,Shopping,0
TX005655,388,2025-08-12 06:53:00,Purchase,UPI,520.89,Failed,Shopping,0
TX005656,307,2025-05-14 12:13:00,Purchase,Credit Card,552.84,Success,Healthcare,0
TX005657,97,2025-03-07 20:12:00,Transfer,Debit Card,2588.24,Success,Groceries,0
TX005658,48,2025-01-31 14:45:00,Purchase,Net Banking,1056.05,Success,Other,0
TX005659,169,2025-04-10 03:41:00,Withdrawal,UPI,3539.35,Success,Other,0
TX005660,19,2025-04-11 07:00:00,Withdrawal,ATM,619.69,Reversed,Other,0
TX005661,274,2025-01-25 16:54:00,Transfer,UPI,1046.74,Failed,Healthcare,0
TX005662,295,2025-06-24 11:58:00,Bill Payment,UPI,500.67,Success,Groceries,0
TX005663,340,2025-03-15 00:36:00,Withdrawal,UPI,1103.52,Success,Education,0
TX005664,278,2025-11-26 02:44:00,Bill Payment,Debit Card,312.07,Success,Groceries,0
TX005665,151,2025-10-23 01:00:00,Purchase,Credit Card,724.52,Success,Dining,0
TX005666,456,2025-03-20 03:00:00,Purchase,Net Banking,323.5,Success,Other,0
TX005667,339,2025-06-15 06:26:00,Withdrawal,Credit Card,1977.99,Success,Travel,0
TX005668,199,2025-04-27 14:36:00,Transfer,UPI,2016.46,Success,Travel,0
TX005669,61,2025-01-12 16:03:00,Purchase,Net Banking,251.96,Success,Education,0
TX005670,231,2025-12-06 17:04:00,Bill Payment,ATM,3407.73,Success,Utilities,0
TX005671,282,2025-10-30 21:23:00,Purchase,ATM,9161.85,Success,Travel,0
TX005672,86,2025-11-06 07:00:00,Transfer,Debit Card,1140.37,Success,Healthcare,0
TX005673,467,2025-08-25 02:53:00,Purchase,Debit Card,635.91,Success,Education,0
TX005674,14,2025-08-21 08:27:00,Transfer,UPI,12096.62,Success,Healthcare,0
TX005675,449,2025-05-14 22:50:00,Purchase,Credit Card,357.41,Success,Shopping,0
TX005676,234,2025-11-24 09:20:00,Purchase,UPI,1115.54,Success,Other,0
TX005677,12,2025-06-29 12:20:00,Bill Payment,UPI,1277.52,Success,Travel,0
TX005678,139,2025-09-30 23:16:00,Purchase,UPI,3440.51,Success,Other,0
TX005679,190,2025-05-30 09:14:00,Purchase,UPI,1488.88,Success,Education,0
TX005680,160,2025-12-19 19:10:00,Withdrawal,UPI,717.78,Success,Education,0
TX005681,269,2025-09-27 15:19:00,Purchase,Credit Card,488.58,Success,Dining,0
TX005682,79,2025-06-15 02:19:00,Bill Payment,Credit Card,820.12,Success,Other,0
TX005683,295,2025-10-27 14:01:00,Withdrawal,UPI,465.97,Success,Other,0
TX005684,354,2025-03-12 23:06:00,Withdrawal,UPI,1142.13,Success,Dining,0
TX005685,229,2025-09-24 18:59:00,Bill Payment,Debit Card,678.87,Success,Shopping,0
TX005686,489,2025-08-31 18:48:00,Transfer,UPI,307.99,Success,Shopping,0
TX005687,499,2025-08-02 17:00:00,Withdrawal,UPI,3187.12,Success,Education,0
TX005688,355,2025-10-21 16:02:00,Transfer,UPI,718.37,Success,Groceries,0
TX005689,394,2025-08-20 06:16:00,Purchase,UPI,373.19,Success,Groceries,0
TX005690,494,2025-12-03 16:21:00,Purchase,UPI,950.49,Success,Travel,0
TX005691,103,2025-11-24 19:38:00,Purchase,Credit Card,1162.25,Success,Utilities,0
TX005692,246,2025-10-10 16:22:00,Refund,UPI,248.52,Success,Other,0
TX005693,53,2025-06-09 20:43:00,Purchase,Credit Card,1453.75,Success,Dining,0
TX005694,92,2025-12-30 22:28:00,Transfer,UPI,450.3,Success,Dining,0
TX005695,108,2025-07-06 07:29:00,Transfer,UPI,4695.57,Success,Education,0
TX005696,70,2025-12-06 16:00:00,Bill Payment,Net Banking,1711.91,Success,Healthcare,0
TX005697,160,2025-03-31 18:36:00,Bill Payment,UPI,780.62,Success,Travel,0
TX005698,164,2025-07-05 18:51:00,Purchase,UPI,582.08,Success,Education,0
TX005699,28,2025-10-28 19:06:00,Purchase,Net Banking,1003.03,Success,Groceries,0
TX005700,350,2025-03-16 08:00:00,Purchase,UPI,1846.18,Success,Healthcare,0
TX005701,17,2025-08-30 10:27:00,Withdrawal,UPI,1073.12,Success,Other,0
TX005702,116,2025-02-04 01:51:00,Bill Payment,UPI,911.79,Success,Education,0
TX005703,197,2025-06-09 20:30:00,Purchase,ATM,1152.41,Success,Shopping,0
TX005704,377,2025-08-20 04:03:00,Purchase,UPI,656.37,Success,Education,0
TX005705,290,2025-04-12 01:11:00,Purchase,UPI,819.16,Failed,Education,0
TX005706,468,2025-01-27 16:19:00,Transfer,Credit Card,186.25,Success,Shopping,0
TX005707,500,2025-12-19 01:54:00,Transfer,ATM,2509.07,Success,Shopping,0
TX005708,194,2025-10-10 10:45:00,Withdrawal,Net Banking,1413.72,Success,Education,0
TX005709,152,2025-05-10 22:37:00,Purchase,UPI,568.25,Success,Groceries,0
TX005710,226,2025-01-05 01:17:00,Refund,UPI,5507.82,Success,Healthcare,0
TX005711,494,2025-12-15 09:52:00,Purchase,ATM,1180.82,Success,Other,0
TX005712,456,2025-10-18 11:39:00,Purchase,UPI,454.54,Success,Education,0
TX005713,336,2025-03-05 02:37:00,Bill Payment,UPI,2271.57,Success,Education,0
TX005714,127,2025-04-25 04:38:00,Purchase,UPI,1538.16,Success,Healthcare,0
TX005715,33,2025-05-14 07:56:00,Purchase,Net Banking,1533.63,Success,Other,0
TX005716,356,2025-12-13 15:45:00,Purchase,Net Banking,763.65,Success,Dining,0
TX005717,302,2025-05-02 19:33:00,Purchase,Net Banking,1608.28,Success,Dining,0
TX005718,392,2025-11-13 03:20:00,Purchase,Net Banking,877.88,Success,Travel,0
TX005719,320,2025-12-28 18:04:00,Transfer,Credit Card,1759.09,Failed,Education,0
TX005720,391,2025-02-02 11:15:00,Purchase,Credit Card,217.2,Success,Education,0
TX005721,395,2025-05-03 02:39:00,Purchase,Net Banking,758.4,Success,Dining,0
TX005722,463,2025-11-16 22:36:00,Withdrawal,UPI,4740.19,Success,Groceries,0
TX005723,55,2025-04-09 05:18:00,Transfer,UPI,571.34,Success,Dining,0
TX005724,23,2025-10-09 22:45:00,Bill Payment,Debit Card,656.38,Success,Other,0
TX005725,394,2025-10-15 23:13:00,Bill Payment,Debit Card,749.37,Success,Travel,0
TX005726,415,2025-02-19 10:17:00,Bill Payment,Debit Card,390.49,Success,Shopping,0
TX005727,5,2025-09-22 23:51:00,Purchase,Net Banking,167.83,Success,Groceries,0
TX005728,169,2025-11-07 11:33:00,Transfer,ATM,901.45,Success,Groceries,0
TX005729,99,2025-03-20 20:56:00,Purchase,Net Banking,1230.87,Success,Travel,0
TX005730,356,2025-09-20 18:25:00,Bill Payment,UPI,1048.77,Success,Healthcare,0
TX005731,491,2025-08-22 14:08:00,Transfer,Net Banking,969.57,Success,Groceries,0
TX005732,325,2025-03-09 03:07:00,Bill Payment,Net Banking,1137.5,Success,Education,0
TX005733,292,2025-04-21 11:40:00,Purchase,Net Banking,2616.04,Success,Dining,0
TX005734,464,2025-06-06 14:50:00,Bill Payment,Net Banking,932.73,Success,Travel,0
TX005735,77,2025-09-14 22:05:00,Transfer,Credit Card,673.19,Success,Education,0
TX005736,398,2025-02-27 18:40:00,Purchase,Net Banking,863.54,Success,Dining,0
TX005737,300,2025-11-25 05:01:00,Transfer,UPI,1794.43,Success,Groceries,0
TX005738,442,2025-07-30 16:58:00,Purchase,UPI,3641.76,Success,Education,0
TX005739,190,2025-06-01 22:00:00,Bill Payment,UPI,642.96,Success,Education,0
TX005740,201,2025-05-10 00:59:00,Transfer,Net Banking,1192.84,Success,Groceries,0
TX005741,147,2025-12-23 19:08:00,Transfer,UPI,1462.06,Success,Education,0
TX005742,149,2025-08-25 09:11:00,Purchase,UPI,471.68,Success,Healthcare,0
TX005743,98,2025-10-17 04:45:00,Bill Payment,Credit Card,1115.83,Success,Utilities,0
TX005744,139,2025-11-22 06:10:00,Withdrawal,ATM,315.51,Success,Travel,0
TX005745,470,2025-03-09 20:20:00,Purchase,Net Banking,243.79,Success,Healthcare,0
TX005746,251,2025-04-02 11:51:00,Purchase,UPI,1497.77,Success,Healthcare,0
TX005747,438,2025-07-03 12:00:00,Purchase,UPI,791.32,Success,Shopping,0
TX005748,189,2025-04-09 18:36:00,Transfer,ATM,1302.37,Success,Other,0
TX005749,264,2025-07-13 02:42:00,Purchase,Debit Card,1080.08,Success,Groceries,0
TX005750,222,2025-08-11 18:58:00,Purchase,UPI,478.21,Success,Education,0
TX005751,415,2025-02-21 17:26:00,Bill Payment,UPI,1055.25,Success,Shopping,0
TX005752,43,2025-10-21 12:41:00,Purchase,UPI,384.47,Success,Shopping,0
TX005753,314,2025-09-27 06:06:00,Transfer,Credit Card,3577.17,Success,Other,0
TX005754,428,2025-07-24 06:17:00,Bill Payment,Net Banking,346.34,Success,Utilities,0
TX005755,458,2025-07-07 02:43:00,Purchase,Net Banking,928.51,Success,Groceries,0
TX005756,216,2025-02-17 07:28:00,Transfer,UPI,452.17,Success,Education,0
TX005757,339,2025-10-04 03:00:00,Transfer,UPI,1780.87,Success,Shopping,0
TX005758,143,2025-02-04 18:20:00,Refund,Net Banking,827.4,Success,Travel,0
TX005759,16,2025-09-28 12:17:00,Purchase,ATM,705.66,Success,Education,0
TX005760,430,2025-08-30 09:12:00,Withdrawal,ATM,2264.75,Success,Education,0
TX005761,217,2025-08-21 22:03:00,Transfer,Credit Card,1124.41,Success,Utilities,0
TX005762,385,2025-01-19 20:06:00,Withdrawal,UPI,1701.3,Success,Groceries,0
TX005763,283,2025-03-25 21:48:00,Transfer,UPI,476.22,Success,Education,0
TX005764,10,2025-10-16 11:42:00,Purchase,Debit Card,332.26,Success,Healthcare,0
TX005765,330,2025-03-22 17:08:00,Purchase,ATM,1201.26,Success,Healthcare,0
TX005766,109,2025-08-04 08:22:00,Purchase,Debit Card,836.29,Success,Other,0
TX005767,245,2025-06-14 05:00:00,Withdrawal,Debit Card,1867.71,Success,Healthcare,0
TX005768,25,2025-03-02 00:31:00,Refund,Credit Card,1024.62,Success,Utilities,0
TX005769,48,2025-02-06 08:07:00,Bill Payment,UPI,1305.46,Reversed,Shopping,0
TX005770,365,2025-05-18 19:02:00,Purchase,UPI,275.92,Success,Other,0
TX005771,278,2025-10-30 23:44:00,Transfer,UPI,5459.82,Success,Dining,0
TX005772,237,2025-05-01 14:17:00,Bill Payment,Debit Card,953.74,Success,Shopping,0
TX005773,189,2025-08-30 12:45:00,Transfer,Debit Card,1984.16,Success,Education,0
TX005774,296,2025-09-13 10:20:00,Bill Payment,Net Banking,538.79,Success,Healthcare,0
TX005775,124,2025-02-17 14:58:00,Transfer,UPI,1424.83,Failed,Dining,0
TX005776,209,2025-01-30 13:39:00,Bill Payment,Credit Card,362.34,Success,Dining,0
TX005777,211,2025-09-29 15:47:00,Refund,Debit Card,1610.43,Success,Education,0
TX005778,111,2025-09-19 06:18:00,Purchase,Net Banking,810.31,Success,Healthcare,0
TX005779,317,2025-09-19 15:37:00,Purchase,Debit Card,1124.18,Success,Travel,0
TX005780,59,2025-09-17 08:32:00,Transfer,Credit Card,1984.81,Failed,Healthcare,0
TX005781,493,2025-08-18 12:12:00,Purchase,Debit Card,384.65,Success,Education,0
TX005782,71,2025-05-27 00:14:00,Transfer,Debit Card,612.89,Success,Healthcare,0
TX005783,150,2025-10-06 19:34:00,Bill Payment,ATM,1617.64,Success,Travel,0
TX005784,363,2025-06-24 06:51:00,Transfer,Debit Card,6525.6,Success,Groceries,0
TX005785,23,2025-07-20 07:12:00,Withdrawal,UPI,975.19,Success,Dining,0
TX005786,92,2025-07-03 17:20:00,Withdrawal,Credit Card,1812.51,Success,Healthcare,0
TX005787,44,2025-04-28 04:01:00,Transfer,Debit Card,1001.32,Success,Groceries,0
TX005788,290,2025-09-12 14:26:00,Purchase,UPI,5715.34,Success,Groceries,0
TX005789,340,2025-07-06 03:23:00,Purchase,Credit Card,248.36,Success,Other,0
TX005790,461,2025-03-08 18:30:00,Purchase,Credit Card,1188.48,Success,Dining,0
TX005791,449,2025-12-22 08:01:00,Withdrawal,Debit Card,275.42,Success,Utilities,0
TX005792,318,2025-04-19 06:49:00,Withdrawal,UPI,130.24,Reversed,Travel,0
TX005793,234,2025-02-15 06:07:00,Transfer,UPI,1412.11,Success,Shopping,0
TX005794,443,2025-11-28 08:26:00,Purchase,Credit Card,1234.69,Success,Education,0
TX005795,238,2025-05-16 20:32:00,Transfer,Credit Card,860.82,Success,Utilities,0
TX005796,199,2025-10-18 23:13:00,Bill Payment,UPI,1001.98,Success,Shopping,0
TX005797,341,2025-01-26 08:09:00,Purchase,Credit Card,15268.61,Success,Dining,0
TX005798,1,2025-06-21 05:39:00,Bill Payment,UPI,880.55,Success,Groceries,0
TX005799,490,2025-10-15 01:54:00,Purchase,ATM,1691.9,Success,Other,0
TX005800,432,2025-04-07 04:37:00,Refund,UPI,631.46,Success,Other,0
TX005801,427,2025-09-01 09:29:00,Purchase,UPI,1409.44,Success,Travel,0
TX005802,236,2025-02-13 14:00:00,Withdrawal,UPI,895.61,Success,Education,0
TX005803,257,2025-08-28 00:00:00,Withdrawal,Net Banking,773.6,Success,Healthcare,0
TX005804,388,2025-03-13 19:23:00,Purchase,ATM,5146.46,Success,Utilities,0
TX005805,453,2025-05-12 22:45:00,Purchase,UPI,2982.77,Success,Shopping,0
TX005806,164,2025-09-23 12:40:00,Purchase,ATM,1231.8,Success,Other,0
TX005807,91,2025-07-10 06:28:00,Transfer,Credit Card,154.69,Success,Education,0
TX005808,138,2025-12-11 21:31:00,Withdrawal,Credit Card,806.85,Success,Education,0
TX005809,46,2025-04-05 18:36:00,Transfer,Debit Card,10911.51,Success,Shopping,0
TX005810,55,2025-10-08 16:32:00,Transfer,UPI,901.39,Success,Education,0
TX005811,358,2025-04-19 12:57:00,Purchase,Debit Card,2801.01,Success,Travel,0
TX005812,323,2025-08-09 07:55:00,Bill Payment,UPI,3735.55,Success,Groceries,0
TX005813,32,2025-08-26 08:47:00,Purchase,UPI,1320.97,Success,Groceries,0
TX005814,184,2025-09-05 03:38:00,Purchase,UPI,536.17,Success,Groceries,0
TX005815,447,2025-04-20 09:27:00,Bill Payment,Debit Card,138.38,Success,Healthcare,0
TX005816,392,2025-11-11 09:50:00,Bill Payment,UPI,1961.65,Success,Shopping,0
TX005817,310,2025-06-01 07:42:00,Purchase,UPI,548.65,Success,Healthcare,0
TX005818,298,2025-09-30 19:28:00,Transfer,UPI,1273.76,Success,Healthcare,0
TX005819,153,2025-07-08 04:07:00,Transfer,Credit Card,379.04,Success,Utilities,0
TX005820,356,2025-08-03 00:24:00,Bill Payment,UPI,875.28,Failed,Healthcare,0
TX005821,150,2025-09-14 05:55:00,Transfer,ATM,1128.52,Success,Utilities,0
TX005822,294,2025-04-01 00:49:00,Purchase,Credit Card,1377.88,Reversed,Education,0
TX005823,261,2025-07-28 05:35:00,Purchase,Net Banking,425.13,Success,Shopping,0
TX005824,223,2025-10-03 22:08:00,Transfer,Debit Card,3033.2,Success,Travel,0
TX005825,355,2025-02-19 07:12:00,Withdrawal,ATM,660.26,Success,Healthcare,0
TX005826,33,2025-09-21 00:43:00,Transfer,Net Banking,264.2,Success,Healthcare,0
TX005827,173,2025-07-23 03:39:00,Transfer,UPI,999.57,Success,Utilities,0
TX005828,354,2025-07-19 01:58:00,Purchase,Debit Card,1129.15,Reversed,Education,0
TX005829,100,2025-01-03 02:10:00,Withdrawal,UPI,1257.02,Success,Utilities,0
TX005830,312,2025-12-05 00:21:00,Purchase,UPI,3490.54,Success,Other,0
TX005831,270,2025-08-11 23:48:00,Transfer,UPI,896.97,Success,Education,0
TX005832,154,2025-06-26 08:57:00,Bill Payment,UPI,990.61,Success,Other,0
TX005833,137,2025-05-31 03:15:00,Purchase,UPI,429.36,Success,Shopping,0
TX005834,53,2025-10-04 01:10:00,Purchase,ATM,2202.77,Failed,Groceries,0
TX005835,270,2025-07-18 21:54:00,Purchase,Debit Card,1282.62,Success,Healthcare,0
TX005836,385,2025-01-10 07:21:00,Withdrawal,UPI,767.38,Success,Groceries,0
TX005837,56,2025-01-01 13:10:00,Transfer,Debit Card,217.25,Success,Other,0
TX005838,305,2025-06-29 01:36:00,Withdrawal,UPI,3743.4,Success,Shopping,0
TX005839,229,2025-07-13 11:21:00,Withdrawal,Credit Card,386.25,Success,Education,0
TX005840,403,2025-08-19 19:58:00,Purchase,Credit Card,663.42,Success,Dining,0
TX005841,419,2025-06-11 17:35:00,Purchase,Credit Card,1487.11,Success,Other,0
TX005842,296,2025-11-22 13:19:00,Bill Payment,UPI,396.6,Success,Utilities,0
TX005843,258,2025-02-11 16:01:00,Transfer,UPI,82786.55,Success,Other,1
TX005844,126,2025-04-15 23:11:00,Refund,UPI,180.3,Success,Dining,0
TX005845,5,2025-04-27 07:45:00,Bill Payment,UPI,2024.03,Success,Groceries,0
TX005846,320,2025-06-24 02:35:00,Bill Payment,Debit Card,689.93,Success,Dining,0
TX005847,182,2025-12-12 16:38:00,Transfer,Debit Card,13202.74,Success,Groceries,0
TX005848,293,2025-07-13 22:13:00,Withdrawal,ATM,470.97,Success,Travel,0
TX005849,225,2025-10-01 13:37:00,Purchase,ATM,501.08,Success,Shopping,0
TX005850,315,2025-06-10 15:26:00,Transfer,Debit Card,678.18,Success,Healthcare,0
TX005851,463,2025-08-27 07:48:00,Bill Payment,Debit Card,1348.39,Success,Dining,0
TX005852,492,2025-04-06 13:16:00,Purchase,Net Banking,735.34,Success,Education,0
TX005853,125,2025-11-04 09:12:00,Transfer,UPI,1845.46,Success,Other,0
TX005854,143,2025-03-28 06:57:00,Purchase,UPI,477.33,Success,Other,0
TX005855,228,2025-05-15 10:02:00,Purchase,Net Banking,338.88,Success,Travel,0
TX005856,476,2025-07-19 14:59:00,Withdrawal,Net Banking,237.82,Success,Shopping,0
TX005857,65,2025-09-23 22:57:00,Purchase,Debit Card,165.66,Success,Groceries,0
TX005858,166,2025-08-03 12:27:00,Purchase,UPI,706.02,Success,Education,0
TX005859,165,2025-07-20 10:35:00,Purchase,UPI,849.09,Success,Shopping,0
TX005860,142,2025-04-21 06:55:00,Bill Payment,UPI,641.16,Success,Other,0
TX005861,53,2025-12-24 01:16:00,Purchase,Debit Card,3155.48,Success,Groceries,0
TX005862,397,2025-12-23 10:40:00,Withdrawal,UPI,3114.51,Success,Shopping,0
TX005863,449,2025-09-17 20:14:00,Purchase,ATM,825.03,Success,Groceries,0
TX005864,293,2025-05-25 03:52:00,Refund,UPI,238.69,Success,Education,0
TX005865,470,2025-01-01 00:48:00,Transfer,Debit Card,677.43,Success,Other,0
TX005866,259,2025-08-26 06:07:00,Bill Payment,UPI,658.62,Success,Shopping,0
TX005867,239,2025-11-07 04:21:00,Bill Payment,UPI,627.31,Success,Shopping,0
TX005868,298,2025-08-22 11:07:00,Withdrawal,Credit Card,606.04,Success,Education,0
TX005869,14,2025-07-27 05:54:00,Transfer,Debit Card,629.27,Success,Healthcare,0
TX005870,500,2025-01-05 01:18:00,Withdrawal,Credit Card,789.53,Success,Healthcare,0
TX005871,339,2025-01-17 21:10:00,Purchase,UPI,638.93,Failed,Groceries,0
TX005872,352,2025-01-30 17:49:00,Purchase,UPI,1309.07,Success,Utilities,0
TX005873,208,2025-05-10 12:05:00,Purchase,Debit Card,1489.68,Success,Groceries,0
TX005874,171,2025-08-15 03:42:00,Purchase,UPI,505.7,Success,Travel,0
TX005875,235,2025-06-10 22:55:00,Purchase,Debit Card,3230.54,Failed,Other,0
TX005876,85,2025-04-12 04:51:00,Withdrawal,UPI,476.73,Success,Other,0
TX005877,344,2025-01-13 11:42:00,Refund,Credit Card,277.24,Success,Healthcare,0
TX005878,392,2025-03-14 23:50:00,Transfer,Net Banking,1515.74,Success,Healthcare,0
TX005879,317,2025-08-17 03:48:00,Transfer,UPI,547.41,Success,Healthcare,0
TX005880,18,2025-10-08 03:19:00,Transfer,Credit Card,1441.01,Success,Shopping,0
TX005881,437,2025-01-17 13:04:00,Purchase,UPI,142.15,Success,Travel,0
TX005882,163,2025-05-22 07:30:00,Transfer,Debit Card,3581.68,Success,Utilities,0
TX005883,248,2025-11-11 22:56:00,Bill Payment,ATM,1941.95,Success,Utilities,0
TX005884,58,2025-04-16 03:26:00,Refund,Credit Card,306.31,Success,Other,0
TX005885,53,2025-06-24 13:26:00,Purchase,Net Banking,312.01,Success,Groceries,0
TX005886,425,2025-12-15 13:49:00,Transfer,Debit Card,4543.38,Success,Shopping,0
TX005887,441,2025-06-04 18:09:00,Withdrawal,Credit Card,585.95,Success,Utilities,0
TX005888,102,2025-07-15 01:16:00,Purchase,UPI,539.66,Failed,Other,0
TX005889,247,2025-05-16 05:17:00,Refund,UPI,159.79,Success,Healthcare,0
TX005890,149,2025-02-06 14:02:00,Withdrawal,UPI,813.9,Success,Other,0
TX005891,247,2025-11-24 18:05:00,Transfer,UPI,55864.88,Success,Travel,1
TX005892,14,2025-08-17 17:08:00,Transfer,UPI,2014.59,Success,Shopping,0
TX005893,176,2025-06-26 09:01:00,Transfer,Credit Card,333.88,Success,Groceries,0
TX005894,270,2025-01-08 17:56:00,Purchase,ATM,92938.75,Success,Other,1
TX005895,377,2025-12-12 21:03:00,Bill Payment,UPI,1608.92,Success,Groceries,0
TX005896,268,2025-09-02 08:18:00,Purchase,Credit Card,2580.45,Success,Healthcare,0
TX005897,323,2025-05-20 05:31:00,Bill Payment,UPI,288.45,Success,Dining,0
TX005898,226,2025-08-30 14:19:00,Transfer,UPI,2749.81,Success,Healthcare,0
TX005899,283,2025-04-20 13:02:00,Purchase,Debit Card,1132.19,Success,Other,0
TX005900,12,2025-05-28 20:53:00,Bill Payment,Debit Card,2773.97,Success,Education,0
TX005901,159,2025-08-09 23:53:00,Withdrawal,Debit Card,1033.09,Success,Groceries,0
TX005902,472,2025-09-04 18:14:00,Purchase,Credit Card,128.52,Success,Dining,0
TX005903,250,2025-02-21 00:15:00,Bill Payment,UPI,963.75,Success,Travel,0
TX005904,249,2025-01-14 23:22:00,Transfer,UPI,2700.31,Success,Dining,0
TX005905,447,2025-08-23 01:04:00,Transfer,UPI,513.02,Success,Education,0
TX005906,206,2025-09-13 17:12:00,Purchase,Debit Card,788.58,Success,Dining,0
TX005907,183,2025-03-19 02:01:00,Transfer,ATM,944.15,Success,Education,0
TX005908,254,2025-08-19 02:12:00,Purchase,UPI,93.26,Success,Education,0
TX005909,57,2025-09-26 23:12:00,Purchase,Debit Card,4539.83,Success,Travel,0
TX005910,255,2025-10-28 05:46:00,Purchase,Debit Card,509.7,Success,Education,0
TX005911,492,2025-07-14 04:04:00,Bill Payment,UPI,1685.6,Success,Dining,0
TX005912,195,2025-08-08 10:48:00,Purchase,UPI,1018.72,Success,Education,0
TX005913,130,2025-04-29 12:23:00,Purchase,UPI,3193.83,Success,Shopping,0
TX005914,58,2025-02-26 08:33:00,Bill Payment,UPI,1548.66,Success,Other,0
TX005915,203,2025-03-04 16:50:00,Withdrawal,UPI,898.13,Success,Healthcare,0
TX005916,476,2025-07-01 09:05:00,Withdrawal,Debit Card,513.12,Success,Healthcare,0
TX005917,20,2025-07-22 04:55:00,Purchase,Debit Card,2160.67,Success,Travel,0
TX005918,239,2025-11-26 01:01:00,Purchase,UPI,223.09,Success,Travel,0
TX005919,478,2025-06-04 11:36:00,Purchase,UPI,1898.86,Failed,Travel,0
TX005920,136,2025-10-31 18:01:00,Bill Payment,UPI,430.87,Success,Groceries,0
TX005921,435,2025-04-07 10:48:00,Purchase,UPI,3179.38,Success,Healthcare,0
TX005922,350,2025-08-29 03:39:00,Transfer,Debit Card,1257.78,Success,Dining,0
TX005923,373,2025-12-26 00:00:00,Purchase,UPI,1896.01,Success,Travel,0
TX005924,428,2025-03-21 19:21:00,Bill Payment,Net Banking,1175.78,Success,Other,0
TX005925,425,2025-06-06 00:54:00,Purchase,Debit Card,247.27,Success,Other,0
TX005926,127,2025-08-05 08:27:00,Purchase,UPI,527.62,Success,Other,0
TX005927,344,2025-06-01 18:53:00,Purchase,Net Banking,1942.11,Success,Dining,0
TX005928,224,2025-04-06 05:16:00,Bill Payment,Net Banking,75553.54,Success,Shopping,1
TX005929,181,2025-03-11 15:26:00,Purchase,UPI,2992.43,Success,Shopping,0
TX005930,74,2025-10-25 13:17:00,Bill Payment,Credit Card,1545.01,Success,Dining,0
TX005931,481,2025-02-14 17:45:00,Bill Payment,UPI,482.17,Success,Healthcare,0
TX005932,140,2025-12-05 12:07:00,Purchase,ATM,557.43,Success,Other,0
TX005933,174,2025-01-03 09:55:00,Purchase,Net Banking,1196.89,Success,Dining,0
TX005934,332,2025-11-16 05:43:00,Transfer,UPI,73453.13,Success,Education,1
TX005935,97,2025-03-16 19:52:00,Purchase,Credit Card,4547.92,Success,Other,0
TX005936,272,2025-12-07 21:29:00,Purchase,Net Banking,1596.37,Success,Other,0
TX005937,127,2025-03-30 18:43:00,Purchase,UPI,3111.87,Success,Education,0
TX005938,225,2025-04-17 02:28:00,Purchase,Debit Card,286.14,Success,Travel,0
TX005939,298,2025-08-20 00:51:00,Bill Payment,Credit Card,3158.59,Success,Other,0
TX005940,386,2025-04-18 02:57:00,Transfer,UPI,7308.36,Success,Shopping,0
TX005941,404,2025-01-27 13:13:00,Purchase,Debit Card,356.83,Success,Education,0
TX005942,210,2025-07-03 17:33:00,Purchase,Net Banking,2112.64,Success,Healthcare,0
TX005943,118,2025-05-28 05:09:00,Transfer,Net Banking,1097.67,Success,Utilities,0
TX005944,17,2025-03-11 16:23:00,Purchase,UPI,295.08,Success,Travel,0
TX005945,248,2025-06-13 21:46:00,Transfer,UPI,1667.28,Success,Shopping,0
TX005946,97,2025-03-14 17:03:00,Purchase,UPI,2227.34,Failed,Travel,0
TX005947,263,2025-01-06 17:23:00,Purchase,UPI,657.89,Success,Shopping,0
TX005948,217,2025-02-19 05:09:00,Transfer,Net Banking,2954.34,Success,Healthcare,0
TX005949,489,2025-03-12 14:44:00,Purchase,UPI,265.93,Success,Shopping,0
TX005950,289,2025-06-26 05:28:00,Transfer,UPI,307.8,Success,Travel,0
TX005951,441,2025-04-26 14:32:00,Transfer,UPI,1231.65,Success,Groceries,0
TX005952,257,2025-06-03 00:06:00,Bill Payment,UPI,1120.55,Success,Education,0
TX005953,20,2025-12-13 02:14:00,Purchase,Net Banking,596.4,Success,Dining,0
TX005954,442,2025-12-13 13:53:00,Transfer,Debit Card,2182.35,Failed,Healthcare,0
TX005955,54,2025-08-21 09:47:00,Withdrawal,ATM,1722.03,Failed,Education,0
TX005956,493,2025-08-22 11:05:00,Purchase,Net Banking,2274.28,Success,Education,0
TX005957,65,2025-01-24 16:30:00,Purchase,UPI,987.66,Success,Other,0
TX005958,473,2025-08-26 05:51:00,Purchase,UPI,1830.22,Success,Groceries,0
TX005959,289,2025-12-30 15:55:00,Transfer,Debit Card,750.84,Failed,Education,0
TX005960,215,2025-12-06 14:44:00,Purchase,ATM,6283.9,Success,Education,0
TX005961,286,2025-12-05 14:21:00,Withdrawal,ATM,549.68,Success,Shopping,0
TX005962,242,2025-12-25 20:38:00,Purchase,Debit Card,6564.97,Success,Dining,0
TX005963,387,2025-03-13 23:22:00,Transfer,UPI,184049.06,Success,Groceries,1
TX005964,175,2025-11-04 20:15:00,Withdrawal,Credit Card,340.64,Success,Other,0
TX005965,4,2025-08-19 06:47:00,Purchase,Credit Card,3508.23,Success,Healthcare,0
TX005966,458,2025-08-26 20:25:00,Purchase,Debit Card,1220.5,Success,Utilities,0
TX005967,33,2025-03-26 02:49:00,Purchase,UPI,2260.76,Success,Utilities,0
TX005968,79,2025-08-06 00:24:00,Withdrawal,UPI,3103.47,Success,Utilities,0
TX005969,494,2025-10-08 15:49:00,Purchase,UPI,1461.56,Success,Shopping,0
TX005970,282,2025-09-07 00:18:00,Bill Payment,Net Banking,662.88,Success,Dining,0
TX005971,121,2025-08-22 08:07:00,Purchase,Debit Card,2513.31,Success,Dining,0
TX005972,233,2025-07-18 19:42:00,Purchase,Debit Card,1097.34,Success,Utilities,0
TX005973,378,2025-12-24 15:45:00,Purchase,UPI,1964.47,Reversed,Shopping,0
TX005974,245,2025-11-03 15:52:00,Purchase,ATM,175.8,Success,Dining,0
TX005975,426,2025-12-01 06:36:00,Purchase,UPI,1603.48,Success,Other,0
TX005976,383,2025-06-19 05:15:00,Bill Payment,Debit Card,637.28,Success,Other,0
TX005977,405,2025-02-22 17:22:00,Purchase,Net Banking,4470.76,Success,Groceries,0
TX005978,145,2025-03-12 05:59:00,Purchase,UPI,1862.41,Success,Education,0
TX005979,136,2025-01-07 16:39:00,Purchase,UPI,1344.64,Success,Shopping,0
TX005980,472,2025-12-01 10:49:00,Purchase,UPI,1657.99,Success,Utilities,0
TX005981,415,2025-12-20 19:19:00,Purchase,Credit Card,469.34,Reversed,Dining,0
TX005982,67,2025-10-04 21:38:00,Purchase,Net Banking,4358.0,Success,Travel,0
TX005983,150,2025-01-20 02:37:00,Bill Payment,ATM,5959.04,Success,Other,0
TX005984,44,2025-09-09 14:54:00,Purchase,Debit Card,1531.46,Success,Dining,0
TX005985,24,2025-05-02 18:27:00,Withdrawal,Debit Card,4237.98,Success,Travel,0
TX005986,307,2025-11-23 05:15:00,Withdrawal,UPI,676.02,Success,Education,0
TX005987,395,2025-06-10 13:18:00,Withdrawal,UPI,556.94,Success,Shopping,0
TX005988,187,2025-08-06 18:17:00,Purchase,Debit Card,1135.45,Success,Dining,0
TX005989,57,2025-03-29 07:28:00,Transfer,UPI,1587.16,Success,Education,0
TX005990,246,2025-12-28 23:52:00,Purchase,UPI,784.55,Success,Utilities,0
TX005991,151,2025-07-31 13:53:00,Purchase,UPI,1732.12,Success,Dining,0
TX005992,42,2025-08-30 20:40:00,Purchase,UPI,1422.87,Success,Shopping,0
TX005993,78,2025-02-16 18:53:00,Withdrawal,Net Banking,469.39,Success,Other,0
TX005994,356,2025-10-16 11:55:00,Transfer,UPI,1704.41,Success,Other,0
TX005995,484,2025-11-29 07:09:00,Transfer,Credit Card,2284.72,Success,Travel,0
TX005996,206,2025-10-24 23:26:00,Withdrawal,Net Banking,1268.7,Failed,Healthcare,0
TX005997,444,2025-12-15 11:16:00,Purchase,UPI,2921.2,Success,Utilities,0
TX005998,150,2025-09-13 11:42:00,Withdrawal,UPI,389.63,Success,Education,0
TX005999,226,2025-03-20 22:43:00,Purchase,Credit Card,1632.32,Success,Other,0
TX006000,459,2025-11-03 09:37:00,Bill Payment,UPI,405.56,Success,Education,0
TX006001,206,2025-08-06 09:38:00,Purchase,Net Banking,425.4,Success,Healthcare,0
TX006002,244,2025-09-27 12:38:00,Withdrawal,UPI,68336.9,Reversed,Travel,1
TX006003,478,2025-06-29 11:12:00,Purchase,Net Banking,492.38,Success,Shopping,0
TX006004,333,2025-11-16 05:55:00,Purchase,UPI,688.29,Success,Shopping,0
TX006005,439,2025-02-02 22:34:00,Transfer,Debit Card,914.13,Success,Utilities,0
TX006006,16,2025-12-08 08:12:00,Purchase,UPI,2234.07,Success,Education,0
TX006007,133,2025-01-05 10:44:00,Purchase,Debit Card,834.65,Success,Healthcare,0
TX006008,149,2025-11-08 13:59:00,Purchase,UPI,284.92,Success,Other,0
TX006009,284,2025-10-26 12:26:00,Bill Payment,Net Banking,2890.13,Success,Dining,0
TX006010,106,2025-04-09 18:05:00,Withdrawal,UPI,538.33,Success,Travel,0
TX006011,429,2025-02-14 10:57:00,Purchase,ATM,1043.24,Success,Education,0
TX006012,483,2025-06-08 22:10:00,Purchase,Net Banking,1602.88,Success,Groceries,0
TX006013,330,2025-06-04 21:27:00,Bill Payment,Net Banking,1299.41,Success,Travel,0
TX006014,217,2025-12-02 04:01:00,Transfer,UPI,2779.57,Success,Healthcare,0
TX006015,51,2025-08-17 14:47:00,Withdrawal,Debit Card,1647.73,Success,Education,0
TX006016,201,2025-04-26 23:59:00,Purchase,Net Banking,527.36,Success,Healthcare,0
TX006017,97,2025-10-05 03:54:00,Bill Payment,UPI,6986.8,Success,Healthcare,0
TX006018,5,2025-06-06 14:41:00,Purchase,UPI,1293.6,Success,Shopping,0
TX006019,244,2025-12-23 22:51:00,Refund,Credit Card,967.54,Success,Dining,0
TX006020,329,2025-06-04 20:15:00,Withdrawal,Net Banking,2488.25,Success,Groceries,0
TX006021,485,2025-06-30 17:18:00,Transfer,Net Banking,1355.65,Success,Education,0
TX006022,296,2025-11-01 05:40:00,Transfer,UPI,1539.7,Success,Shopping,0
TX006023,8,2025-04-10 20:46:00,Purchase,Credit Card,9121.2,Failed,Dining,0
TX006024,251,2025-04-22 13:43:00,Bill Payment,UPI,867.96,Success,Other,0
TX006025,128,2025-06-07 07:02:00,Withdrawal,Debit Card,837.07,Success,Healthcare,0
TX006026,80,2025-11-01 09:57:00,Bill Payment,Net Banking,1210.87,Success,Other,0
TX006027,409,2025-11-11 01:29:00,Purchase,UPI,134526.35,Success,Travel,1
TX006028,467,2025-09-30 04:55:00,Purchase,UPI,304.74,Success,Other,0
TX006029,138,2025-08-23 13:39:00,Purchase,Debit Card,206.29,Success,Healthcare,0
TX006030,17,2025-08-07 01:49:00,Purchase,ATM,665.78,Success,Dining,0
TX006031,229,2025-09-23 18:09:00,Purchase,UPI,273.46,Failed,Utilities,0
TX006032,148,2025-01-29 00:31:00,Purchase,Debit Card,764.25,Success,Dining,0
TX006033,19,2025-10-23 19:42:00,Transfer,Credit Card,1680.97,Success,Education,0
TX006034,91,2025-09-27 07:21:00,Transfer,Debit Card,514.33,Success,Groceries,0
TX006035,202,2025-07-02 21:11:00,Withdrawal,UPI,326.1,Failed,Travel,0
TX006036,236,2025-12-07 23:42:00,Transfer,Debit Card,1163.21,Success,Utilities,0
TX006037,108,2025-03-29 21:31:00,Bill Payment,UPI,2282.81,Success,Healthcare,0
TX006038,2,2025-10-28 05:09:00,Transfer,Net Banking,259.63,Success,Education,0
TX006039,64,2025-06-04 14:22:00,Purchase,Debit Card,2202.17,Failed,Travel,0
TX006040,98,2025-04-12 16:17:00,Withdrawal,Debit Card,2196.7,Success,Shopping,0
TX006041,162,2025-08-25 20:39:00,Transfer,Credit Card,2467.53,Success,Travel,0
TX006042,347,2025-11-23 04:25:00,Purchase,UPI,3089.33,Success,Other,0
TX006043,305,2025-03-28 19:41:00,Bill Payment,UPI,7127.47,Success,Travel,0
TX006044,317,2025-09-16 02:32:00,Transfer,UPI,810.23,Success,Healthcare,0
TX006045,291,2025-02-19 11:52:00,Transfer,Net Banking,1203.68,Failed,Groceries,0
TX006046,443,2025-10-06 22:09:00,Transfer,UPI,769.72,Success,Other,0
TX006047,254,2025-08-10 06:59:00,Withdrawal,Credit Card,1098.48,Success,Utilities,0
TX006048,251,2025-03-18 18:29:00,Transfer,UPI,4035.73,Success,Travel,0
TX006049,217,2025-12-16 20:25:00,Transfer,Net Banking,349.58,Success,Shopping,0
TX006050,165,2025-02-07 17:52:00,Purchase,Net Banking,527.48,Success,Groceries,0
TX006051,55,2025-01-11 16:44:00,Transfer,UPI,3535.48,Success,Utilities,0
TX006052,445,2025-04-05 17:05:00,Purchase,Debit Card,2609.81,Success,Dining,0
TX006053,365,2025-09-24 09:41:00,Bill Payment,UPI,805.4,Success,Utilities,0
TX006054,117,2025-11-08 16:44:00,Purchase,UPI,2267.07,Success,Healthcare,0
TX006055,454,2025-09-14 06:31:00,Bill Payment,Debit Card,1465.62,Success,Dining,0
TX006056,107,2025-08-01 21:46:00,Bill Payment,UPI,3925.44,Reversed,Healthcare,0
TX006057,288,2025-11-16 15:52:00,Purchase,Debit Card,1168.33,Success,Shopping,0
TX006058,487,2025-12-26 12:21:00,Purchase,Net Banking,2622.25,Success,Education,0
TX006059,333,2025-01-20 16:35:00,Transfer,Debit Card,10360.03,Success,Travel,0
TX006060,191,2025-02-08 20:26:00,Transfer,UPI,1823.27,Success,Dining,0
TX006061,366,2025-08-06 22:22:00,Transfer,Net Banking,1143.59,Success,Shopping,0
TX006062,228,2025-08-21 06:29:00,Purchase,Credit Card,2026.53,Success,Travel,0
TX006063,50,2025-03-23 07:30:00,Withdrawal,UPI,803.93,Success,Education,0
TX006064,87,2025-04-22 11:36:00,Bill Payment,UPI,8347.96,Success,Groceries,0
TX006065,8,2025-04-27 19:49:00,Bill Payment,Net Banking,1278.01,Failed,Utilities,0
TX006066,438,2025-03-16 10:38:00,Bill Payment,Debit Card,869.58,Success,Groceries,0
TX006067,342,2025-07-22 05:12:00,Withdrawal,Debit Card,538.97,Success,Healthcare,0
TX006068,30,2025-10-21 10:41:00,Bill Payment,Credit Card,2786.77,Success,Utilities,0
TX006069,493,2025-05-05 00:18:00,Transfer,Credit Card,2291.84,Success,Healthcare,0
TX006070,219,2025-10-08 09:37:00,Purchase,UPI,718.56,Failed,Shopping,0
TX006071,381,2025-01-13 03:09:00,Purchase,UPI,1790.02,Success,Other,0
TX006072,32,2025-08-23 16:52:00,Bill Payment,Credit Card,304.21,Success,Travel,0
TX006073,52,2025-07-28 15:34:00,Withdrawal,UPI,1283.34,Success,Travel,0
TX006074,494,2025-08-03 21:58:00,Purchase,Credit Card,1611.37,Success,Shopping,0
TX006075,372,2025-02-11 12:55:00,Bill Payment,UPI,4680.83,Success,Travel,0
TX006076,498,2025-06-19 20:26:00,Purchase,ATM,569.53,Success,Shopping,0
TX006077,15,2025-05-31 19:03:00,Purchase,Debit Card,369.96,Success,Groceries,0
TX006078,147,2025-12-25 14:45:00,Bill Payment,Debit Card,512.29,Success,Travel,0
TX006079,201,2025-03-08 10:48:00,Bill Payment,UPI,352.1,Success,Education,0
TX006080,287,2025-04-09 07:26:00,Bill Payment,UPI,3415.77,Success,Healthcare,0
TX006081,32,2025-10-07 12:53:00,Purchase,UPI,4090.18,Success,Groceries,0
TX006082,172,2025-09-18 20:54:00,Bill Payment,UPI,1439.69,Success,Travel,0
TX006083,67,2025-01-09 19:42:00,Withdrawal,ATM,3096.73,Success,Groceries,0
TX006084,319,2025-05-06 19:45:00,Transfer,Net Banking,1228.89,Success,Shopping,0
TX006085,161,2025-09-11 03:49:00,Refund,UPI,1011.47,Success,Education,0
TX006086,277,2025-11-10 00:09:00,Withdrawal,ATM,826.27,Success,Healthcare,0
TX006087,488,2025-09-14 08:01:00,Purchase,ATM,842.33,Success,Travel,0
TX006088,423,2025-09-23 11:22:00,Purchase,UPI,294.23,Failed,Dining,0
TX006089,29,2025-12-04 08:17:00,Bill Payment,UPI,1372.81,Success,Healthcare,0
TX006090,473,2025-09-09 09:44:00,Transfer,UPI,1059.67,Success,Utilities,0
TX006091,25,2025-02-12 14:44:00,Withdrawal,Debit Card,2066.39,Success,Shopping,0
TX006092,19,2025-12-03 16:38:00,Refund,UPI,1187.37,Success,Travel,0
TX006093,156,2025-11-14 21:29:00,Purchase,Credit Card,954.99,Success,Other,0
TX006094,10,2025-07-27 20:41:00,Purchase,UPI,522.95,Failed,Healthcare,0
TX006095,159,2025-07-09 00:22:00,Purchase,ATM,183419.0,Success,Dining,1
TX006096,366,2025-05-31 03:06:00,Purchase,UPI,2053.91,Success,Shopping,0
TX006097,152,2025-09-24 10:32:00,Bill Payment,Net Banking,414.95,Success,Groceries,0
TX006098,145,2025-12-28 17:32:00,Bill Payment,Debit Card,1181.28,Success,Education,0
TX006099,69,2025-04-26 03:29:00,Purchase,UPI,1336.87,Success,Other,0
TX006100,309,2025-05-01 15:49:00,Withdrawal,UPI,595.65,Success,Travel,0
TX006101,406,2025-10-24 12:34:00,Purchase,UPI,665.36,Success,Travel,0
TX006102,189,2025-07-26 03:02:00,Purchase,UPI,1334.11,Success,Groceries,0
TX006103,225,2025-11-13 00:51:00,Bill Payment,Net Banking,418.46,Success,Education,0
TX006104,351,2025-04-10 22:48:00,Transfer,Net Banking,1476.51,Failed,Education,0
TX006105,450,2025-03-10 16:48:00,Withdrawal,Net Banking,512.32,Success,Shopping,0
TX006106,398,2025-10-27 15:23:00,Purchase,UPI,2706.54,Success,Groceries,0
TX006107,84,2025-05-12 21:08:00,Purchase,UPI,7999.65,Success,Dining,0
TX006108,143,2025-05-19 06:04:00,Transfer,UPI,527.61,Success,Utilities,0
TX006109,129,2025-09-06 17:45:00,Purchase,ATM,1726.89,Success,Travel,0
TX006110,444,2025-02-02 01:06:00,Bill Payment,Net Banking,591.27,Success,Dining,0
TX006111,483,2025-09-29 13:36:00,Transfer,UPI,2656.62,Success,Utilities,0
TX006112,400,2025-07-30 13:03:00,Transfer,Credit Card,374.1,Success,Dining,0
TX006113,469,2025-10-31 19:17:00,Purchase,Debit Card,1649.95,Reversed,Groceries,0
TX006114,456,2025-01-02 19:23:00,Transfer,UPI,522.15,Success,Dining,0
TX006115,460,2025-05-28 12:29:00,Purchase,ATM,919.71,Success,Dining,0
TX006116,287,2025-09-27 22:53:00,Bill Payment,Debit Card,456.52,Success,Other,0
TX006117,385,2025-03-30 19:16:00,Transfer,Credit Card,2206.14,Success,Dining,0
TX006118,438,2025-07-28 07:41:00,Transfer,UPI,538.38,Success,Dining,0
TX006119,439,2025-02-23 21:22:00,Purchase,Debit Card,1753.15,Success,Education,0
TX006120,65,2025-11-05 06:24:00,Transfer,UPI,818.54,Success,Education,0
TX006121,218,2025-09-10 18:00:00,Bill Payment,Credit Card,994.96,Success,Travel,0
TX006122,308,2025-03-11 01:51:00,Bill Payment,UPI,1243.38,Success,Shopping,0
TX006123,58,2025-06-13 05:31:00,Purchase,Debit Card,573.9,Success,Healthcare,0
TX006124,216,2025-10-01 19:17:00,Bill Payment,UPI,1311.35,Success,Education,0
TX006125,376,2025-10-14 06:13:00,Purchase,Net Banking,4027.03,Success,Education,0
TX006126,249,2025-01-17 21:31:00,Transfer,Net Banking,566.01,Success,Other,0
TX006127,470,2025-10-28 07:56:00,Refund,UPI,2969.17,Success,Other,0
TX006128,484,2025-12-03 20:51:00,Purchase,ATM,3918.18,Success,Travel,0
TX006129,185,2025-05-15 04:14:00,Bill Payment,UPI,548.0,Success,Healthcare,0
TX006130,235,2025-10-23 17:28:00,Purchase,UPI,318.37,Success,Dining,0
TX006131,487,2025-11-27 00:42:00,Purchase,Credit Card,1417.52,Success,Healthcare,0
TX006132,364,2025-09-01 14:43:00,Transfer,UPI,688.63,Success,Education,0
TX006133,108,2025-03-30 02:51:00,Bill Payment,Credit Card,5368.55,Success,Healthcare,0
TX006134,14,2025-12-30 23:23:00,Transfer,UPI,1129.56,Success,Other,0
TX006135,83,2025-06-21 06:36:00,Bill Payment,Debit Card,554.54,Success,Utilities,0
TX006136,244,2025-05-22 15:46:00,Transfer,Credit Card,413.61,Success,Dining,0
TX006137,431,2025-12-08 15:45:00,Bill Payment,Credit Card,2769.49,Success,Education,0
TX006138,12,2025-03-27 11:19:00,Purchase,UPI,674.85,Success,Utilities,0
TX006139,399,2025-06-19 04:28:00,Purchase,Net Banking,1138.26,Success,Dining,0
TX006140,101,2025-09-09 22:28:00,Purchase,UPI,2471.13,Success,Travel,0
TX006141,222,2025-05-10 05:03:00,Purchase,Debit Card,726.6,Success,Dining,0
TX006142,72,2025-04-12 06:53:00,Transfer,UPI,1054.65,Reversed,Travel,0
TX006143,200,2025-03-12 06:51:00,Bill Payment,UPI,1081.3,Success,Other,0
TX006144,412,2025-03-05 04:56:00,Purchase,UPI,1960.25,Success,Travel,0
TX006145,179,2025-06-05 11:59:00,Transfer,Debit Card,1811.9,Success,Shopping,0
TX006146,28,2025-06-24 03:00:00,Transfer,UPI,909.51,Success,Dining,0
TX006147,423,2025-09-26 07:39:00,Transfer,UPI,1157.6,Success,Shopping,0
TX006148,92,2025-10-30 15:09:00,Refund,Debit Card,799.5,Success,Dining,0
TX006149,320,2025-04-13 10:58:00,Purchase,UPI,312.32,Success,Healthcare,0
TX006150,465,2025-08-11 09:14:00,Transfer,UPI,1365.07,Success,Dining,0
TX006151,216,2025-11-25 02:02:00,Purchase,UPI,5477.28,Success,Other,0
TX006152,307,2025-11-26 17:57:00,Purchase,UPI,517.41,Success,Travel,0
TX006153,335,2025-02-22 19:46:00,Purchase,UPI,568.46,Success,Groceries,0
TX006154,189,2025-08-08 10:48:00,Bill Payment,ATM,523.16,Success,Dining,0
TX006155,79,2025-03-20 22:48:00,Transfer,ATM,2030.23,Success,Shopping,0
TX006156,370,2025-06-25 08:54:00,Purchase,Net Banking,1605.54,Reversed,Utilities,0
TX006157,272,2025-07-02 09:00:00,Purchase,UPI,958.38,Success,Healthcare,0
TX006158,28,2025-09-25 15:30:00,Purchase,Net Banking,502.54,Success,Other,0
TX006159,405,2025-02-19 17:59:00,Transfer,UPI,1186.21,Success,Travel,0
TX006160,206,2025-02-27 15:58:00,Purchase,ATM,290.06,Success,Education,0
TX006161,228,2025-08-13 18:49:00,Transfer,UPI,1238.82,Success,Shopping,0
TX006162,354,2025-06-19 14:41:00,Purchase,ATM,2300.3,Success,Other,0
TX006163,302,2025-11-19 05:42:00,Purchase,Debit Card,378.6,Success,Dining,0
TX006164,441,2025-08-05 10:56:00,Purchase,UPI,298.08,Success,Utilities,0
TX006165,260,2025-06-27 12:39:00,Transfer,Debit Card,4198.67,Success,Travel,0
TX006166,27,2025-04-18 05:56:00,Purchase,UPI,651.97,Success,Education,0
TX006167,444,2025-08-14 21:23:00,Bill Payment,UPI,2880.03,Success,Travel,0
TX006168,381,2025-04-26 07:44:00,Transfer,UPI,962.08,Success,Dining,0
TX006169,11,2025-04-07 01:45:00,Purchase,Net Banking,955.6,Success,Travel,0
TX006170,69,2025-08-05 16:25:00,Withdrawal,UPI,1591.85,Success,Groceries,0
TX006171,475,2025-03-07 13:08:00,Purchase,UPI,517.29,Success,Education,0
TX006172,114,2025-10-19 09:41:00,Purchase,UPI,1227.36,Success,Travel,0
TX006173,339,2025-01-29 22:19:00,Purchase,UPI,792.93,Success,Education,0
TX006174,227,2025-11-04 01:15:00,Purchase,Net Banking,356.94,Success,Groceries,0
TX006175,371,2025-09-11 21:33:00,Withdrawal,ATM,1460.98,Success,Shopping,0
TX006176,48,2025-11-26 13:40:00,Bill Payment,UPI,876.72,Success,Shopping,0
TX006177,4,2025-03-09 07:33:00,Bill Payment,Credit Card,959.61,Reversed,Other,0
TX006178,110,2025-06-14 23:38:00,Purchase,Net Banking,392.04,Success,Groceries,0
TX006179,43,2025-11-03 08:47:00,Bill Payment,UPI,4241.58,Failed,Utilities,0
TX006180,212,2025-02-26 23:23:00,Purchase,Net Banking,2310.47,Success,Utilities,0
TX006181,487,2025-09-22 07:39:00,Transfer,UPI,2488.74,Success,Shopping,0
TX006182,269,2025-05-19 19:34:00,Purchase,Net Banking,845.88,Success,Groceries,0
TX006183,88,2025-11-30 08:11:00,Transfer,Net Banking,252.19,Success,Healthcare,0
TX006184,278,2025-09-20 19:46:00,Purchase,UPI,5767.42,Success,Groceries,0
TX006185,403,2025-01-12 20:22:00,Bill Payment,UPI,1041.14,Success,Shopping,0
TX006186,473,2025-01-26 12:07:00,Withdrawal,Debit Card,580.29,Failed,Education,0
TX006187,30,2025-10-30 09:16:00,Bill Payment,Debit Card,1562.87,Success,Dining,0
TX006188,408,2025-12-04 11:43:00,Refund,Debit Card,2957.36,Success,Groceries,0
TX006189,434,2025-04-30 04:17:00,Purchase,Debit Card,1075.36,Success,Healthcare,0
TX006190,242,2025-05-08 09:48:00,Purchase,UPI,3251.23,Success,Dining,0
TX006191,388,2025-01-21 17:10:00,Purchase,Net Banking,2753.28,Success,Education,0
TX006192,388,2025-02-09 21:57:00,Withdrawal,Credit Card,439.25,Success,Travel,0
TX006193,379,2025-07-08 16:17:00,Purchase,Net Banking,618.49,Success,Travel,0
TX006194,196,2025-01-21 05:06:00,Purchase,Debit Card,2474.78,Success,Healthcare,0
TX006195,182,2025-11-28 11:58:00,Transfer,Debit Card,109.32,Success,Education,0
TX006196,436,2025-12-15 14:31:00,Purchase,UPI,965.81,Success,Dining,0
TX006197,464,2025-12-25 02:21:00,Purchase,UPI,324.99,Success,Utilities,0
TX006198,384,2025-05-28 05:44:00,Transfer,Debit Card,731.38,Success,Healthcare,0
TX006199,435,2025-01-16 21:13:00,Purchase,Net Banking,850.65,Success,Education,0
TX006200,395,2025-11-18 02:54:00,Purchase,Debit Card,808.75,Failed,Other,0
TX006201,23,2025-04-17 19:01:00,Purchase,UPI,685.79,Success,Travel,0
TX006202,151,2025-02-24 13:33:00,Bill Payment,ATM,431.57,Success,Travel,0
TX006203,225,2025-08-26 21:19:00,Purchase,UPI,7693.45,Success,Education,0
TX006204,185,2025-07-29 23:59:00,Transfer,Credit Card,5363.34,Success,Other,0
TX006205,201,2025-05-30 16:23:00,Withdrawal,Credit Card,408.4,Success,Other,0
TX006206,402,2025-01-31 09:59:00,Purchase,UPI,4208.24,Success,Other,0
TX006207,179,2025-10-03 21:31:00,Bill Payment,Credit Card,780.91,Success,Other,0
TX006208,468,2025-06-22 07:20:00,Transfer,UPI,1223.91,Success,Other,0
TX006209,224,2025-02-07 08:56:00,Transfer,UPI,1039.21,Success,Education,0
TX006210,220,2025-06-27 17:07:00,Purchase,UPI,625.91,Success,Utilities,0
TX006211,284,2025-10-04 14:33:00,Purchase,Debit Card,2530.76,Success,Utilities,0
TX006212,57,2025-05-12 22:31:00,Purchase,ATM,1220.48,Success,Shopping,0
TX006213,101,2025-06-03 22:41:00,Bill Payment,Debit Card,731.38,Success,Groceries,0
TX006214,459,2025-07-10 17:42:00,Transfer,UPI,361.8,Success,Dining,0
TX006215,414,2025-04-15 08:07:00,Transfer,Debit Card,513.09,Success,Groceries,0
TX006216,47,2025-03-06 05:06:00,Transfer,UPI,271.73,Success,Groceries,0
TX006217,273,2025-03-20 16:59:00,Purchase,Credit Card,1108.09,Success,Utilities,0
TX006218,184,2025-06-28 17:27:00,Bill Payment,UPI,396.56,Success,Utilities,0
TX006219,368,2025-01-18 05:00:00,Withdrawal,UPI,875.04,Success,Healthcare,0
TX006220,475,2025-05-03 17:11:00,Transfer,Net Banking,3514.27,Success,Education,0
TX006221,225,2025-11-24 07:40:00,Purchase,UPI,3039.37,Success,Education,0
TX006222,449,2025-10-21 03:55:00,Bill Payment,Debit Card,1066.96,Success,Shopping,0
TX006223,198,2025-11-08 14:48:00,Refund,UPI,1018.39,Reversed,Education,0
TX006224,263,2025-06-27 17:45:00,Purchase,UPI,5420.23,Success,Healthcare,0
TX006225,448,2025-04-11 10:55:00,Purchase,Net Banking,1707.26,Success,Education,0
TX006226,315,2025-04-08 15:50:00,Purchase,UPI,829.95,Success,Shopping,0
TX006227,422,2025-12-16 00:26:00,Bill Payment,Net Banking,326.32,Success,Shopping,0
TX006228,326,2025-11-20 14:15:00,Purchase,UPI,1532.71,Success,Groceries,0
TX006229,224,2025-05-22 19:35:00,Purchase,UPI,2219.25,Failed,Shopping,0
TX006230,437,2025-09-17 01:12:00,Withdrawal,Net Banking,641.04,Success,Groceries,0
TX006231,142,2025-06-06 18:35:00,Purchase,Credit Card,1404.62,Success,Education,0
TX006232,1,2025-09-16 02:38:00,Transfer,Credit Card,805.1,Success,Groceries,0
TX006233,197,2025-04-11 11:01:00,Transfer,Net Banking,937.83,Success,Groceries,0
TX006234,146,2025-04-13 21:51:00,Transfer,Debit Card,132.34,Success,Healthcare,0
TX006235,383,2025-07-21 20:51:00,Bill Payment,UPI,908.22,Success,Groceries,0
TX006236,82,2025-11-06 00:35:00,Transfer,UPI,2499.79,Success,Groceries,0
TX006237,165,2025-12-02 08:58:00,Transfer,UPI,641.18,Success,Healthcare,0
TX006238,469,2025-06-28 17:55:00,Purchase,Debit Card,1146.7,Success,Groceries,0
TX006239,278,2025-04-13 22:42:00,Purchase,UPI,576.77,Success,Healthcare,0
TX006240,402,2025-01-01 23:19:00,Purchase,UPI,1489.77,Success,Utilities,0
TX006241,493,2025-07-15 05:46:00,Purchase,UPI,912.29,Success,Shopping,0
TX006242,169,2025-02-27 03:53:00,Purchase,UPI,493.56,Success,Other,0
TX006243,345,2025-10-04 23:42:00,Refund,UPI,3403.87,Success,Travel,0
TX006244,450,2025-07-13 04:26:00,Transfer,UPI,2415.33,Success,Dining,0
TX006245,53,2025-02-16 07:16:00,Purchase,Credit Card,655.78,Success,Groceries,0
TX006246,141,2025-09-25 14:19:00,Refund,UPI,1674.25,Success,Shopping,0
TX006247,111,2025-10-20 01:53:00,Withdrawal,Debit Card,1731.6,Success,Education,0
TX006248,288,2025-07-28 03:59:00,Bill Payment,Debit Card,1893.07,Success,Shopping,0
TX006249,22,2025-07-26 13:35:00,Bill Payment,Credit Card,259.79,Success,Groceries,0
TX006250,193,2025-12-23 08:32:00,Purchase,UPI,2580.18,Success,Travel,0
TX006251,77,2025-04-20 20:01:00,Bill Payment,Net Banking,675.7,Success,Dining,0
TX006252,316,2025-02-01 12:16:00,Purchase,UPI,809.04,Success,Shopping,0
TX006253,458,2025-06-06 15:36:00,Purchase,UPI,10323.72,Success,Education,0
TX006254,180,2025-09-04 20:21:00,Transfer,UPI,1417.42,Success,Healthcare,0
TX006255,355,2025-12-19 19:42:00,Transfer,Net Banking,789.68,Success,Travel,0
TX006256,189,2025-01-12 13:14:00,Withdrawal,Debit Card,168.26,Success,Education,0
TX006257,360,2025-03-26 17:27:00,Withdrawal,ATM,3573.5,Success,Other,0
TX006258,450,2025-05-30 14:04:00,Withdrawal,UPI,349.52,Success,Shopping,0
TX006259,5,2025-04-13 09:05:00,Purchase,Net Banking,467.35,Success,Shopping,0
TX006260,54,2025-08-29 19:31:00,Transfer,UPI,827.45,Success,Utilities,0
TX006261,254,2025-01-06 21:09:00,Purchase,UPI,3655.36,Success,Education,0
TX006262,476,2025-05-19 04:25:00,Purchase,UPI,2115.94,Success,Utilities,0
TX006263,200,2025-01-16 14:12:00,Withdrawal,Debit Card,958.95,Success,Education,0
TX006264,488,2025-06-05 07:52:00,Purchase,Debit Card,1425.17,Failed,Other,0
TX006265,100,2025-07-12 22:28:00,Purchase,Debit Card,658.31,Failed,Shopping,0
TX006266,98,2025-11-18 11:08:00,Bill Payment,Debit Card,1234.85,Success,Utilities,0
TX006267,151,2025-06-18 23:43:00,Transfer,Debit Card,1167.17,Success,Education,0
TX006268,71,2025-02-07 23:29:00,Purchase,Debit Card,2498.52,Success,Education,0
TX006269,430,2025-03-10 11:50:00,Purchase,Debit Card,2495.14,Success,Travel,0
TX006270,451,2025-06-04 05:37:00,Transfer,Debit Card,106760.23,Success,Education,1
TX006271,438,2025-10-16 14:39:00,Transfer,Net Banking,805.94,Success,Other,0
TX006272,302,2025-01-18 02:15:00,Purchase,Net Banking,2060.18,Success,Dining,0
TX006273,194,2025-04-28 10:16:00,Transfer,UPI,1014.17,Success,Other,0
TX006274,306,2025-02-18 20:20:00,Purchase,UPI,437.19,Success,Other,0
TX006275,310,2025-06-11 05:49:00,Purchase,UPI,778.37,Success,Dining,0
TX006276,287,2025-09-21 22:06:00,Purchase,Debit Card,1178.32,Success,Dining,0
TX006277,132,2025-11-27 17:05:00,Transfer,Debit Card,2377.21,Failed,Dining,0
TX006278,460,2025-12-10 19:24:00,Transfer,UPI,938.24,Success,Education,0
TX006279,470,2025-09-09 23:13:00,Transfer,Credit Card,392.36,Success,Travel,0
TX006280,111,2025-01-26 13:48:00,Transfer,Debit Card,1150.82,Success,Education,0
TX006281,153,2025-01-21 10:19:00,Purchase,Debit Card,1207.66,Success,Dining,0
TX006282,114,2025-08-22 03:25:00,Purchase,Debit Card,1284.29,Success,Shopping,0
TX006283,228,2025-07-10 19:06:00,Purchase,ATM,2396.8,Success,Shopping,0
TX006284,225,2025-02-08 22:14:00,Purchase,Credit Card,2607.34,Success,Groceries,0
TX006285,148,2025-12-28 12:33:00,Bill Payment,UPI,661.77,Success,Travel,0
TX006286,121,2025-08-19 00:13:00,Withdrawal,UPI,649.55,Success,Travel,0
TX006287,431,2025-06-24 01:00:00,Transfer,UPI,452.97,Success,Dining,0
TX006288,495,2025-09-21 02:14:00,Purchase,UPI,1986.23,Failed,Utilities,0
TX006289,231,2025-03-24 07:05:00,Withdrawal,UPI,3757.45,Success,Education,0
TX006290,223,2025-02-19 02:26:00,Purchase,UPI,186564.42,Success,Education,1
TX006291,130,2025-11-23 13:03:00,Purchase,UPI,893.18,Success,Education,0
TX006292,72,2025-02-12 13:00:00,Transfer,Credit Card,3815.26,Success,Education,0
TX006293,176,2025-08-18 18:52:00,Purchase,Net Banking,1685.34,Success,Dining,0
TX006294,172,2025-07-24 16:43:00,Withdrawal,UPI,1588.9,Success,Groceries,0
TX006295,238,2025-02-28 23:43:00,Purchase,Credit Card,398.51,Success,Education,0
TX006296,342,2025-01-09 13:05:00,Purchase,ATM,1952.6,Success,Utilities,0
TX006297,225,2025-09-19 03:35:00,Bill Payment,UPI,497.82,Success,Shopping,0
TX006298,122,2025-08-13 07:59:00,Purchase,UPI,418.25,Success,Education,0
TX006299,71,2025-02-26 11:35:00,Purchase,Net Banking,816.68,Success,Education,0
TX006300,96,2025-07-24 23:32:00,Purchase,UPI,666.52,Success,Education,0
TX006301,191,2025-07-01 00:55:00,Purchase,Debit Card,908.36,Success,Other,0
TX006302,334,2025-12-04 03:59:00,Purchase,UPI,322.2,Success,Utilities,0
TX006303,247,2025-03-26 09:37:00,Transfer,UPI,2477.47,Success,Travel,0
TX006304,77,2025-10-27 06:04:00,Purchase,Net Banking,2859.88,Success,Groceries,0
TX006305,300,2025-10-19 01:03:00,Purchase,UPI,209.51,Success,Travel,0
TX006306,4,2025-01-18 02:18:00,Transfer,UPI,2519.18,Success,Healthcare,0
TX006307,159,2025-05-04 17:22:00,Bill Payment,ATM,550.62,Success,Other,0
TX006308,454,2025-07-08 22:27:00,Bill Payment,Net Banking,2272.03,Success,Other,0
TX006309,373,2025-04-19 12:58:00,Bill Payment,Credit Card,1034.65,Success,Healthcare,0
TX006310,93,2025-10-27 01:01:00,Withdrawal,UPI,1123.79,Success,Other,0
TX006311,352,2025-12-05 20:08:00,Bill Payment,UPI,936.98,Success,Travel,0
TX006312,211,2025-12-28 02:57:00,Purchase,Net Banking,3072.69,Success,Travel,0
TX006313,24,2025-09-30 21:05:00,Purchase,Debit Card,382.36,Success,Travel,0
TX006314,443,2025-02-12 22:37:00,Withdrawal,UPI,1838.42,Success,Utilities,0
TX006315,184,2025-01-13 04:56:00,Bill Payment,UPI,2796.52,Failed,Education,0
TX006316,465,2025-10-15 06:53:00,Purchase,UPI,2016.04,Success,Education,0
TX006317,174,2025-02-21 00:38:00,Bill Payment,Credit Card,7910.88,Success,Healthcare,0
TX006318,499,2025-03-12 01:46:00,Purchase,Net Banking,699.52,Success,Travel,0
TX006319,211,2025-01-06 09:58:00,Purchase,UPI,2474.29,Success,Other,0
TX006320,176,2025-05-11 18:18:00,Transfer,Net Banking,1002.07,Success,Utilities,0
TX006321,31,2025-04-05 18:47:00,Withdrawal,Credit Card,3128.77,Success,Utilities,0
TX006322,391,2025-03-25 03:54:00,Purchase,Net Banking,1089.49,Failed,Shopping,0
TX006323,11,2025-11-28 10:13:00,Transfer,Debit Card,788.64,Success,Other,0
TX006324,235,2025-09-14 15:34:00,Purchase,Debit Card,3328.12,Success,Utilities,0
TX006325,304,2025-09-13 16:07:00,Purchase,Credit Card,722.11,Failed,Other,0
TX006326,355,2025-08-23 07:27:00,Withdrawal,Net Banking,330.03,Reversed,Other,0
TX006327,483,2025-06-15 10:46:00,Purchase,Debit Card,706.75,Success,Other,0
TX006328,77,2025-10-14 13:45:00,Bill Payment,Credit Card,1856.0,Success,Dining,0
TX006329,53,2025-07-24 22:52:00,Withdrawal,UPI,3580.41,Success,Travel,0
TX006330,12,2025-01-12 17:17:00,Transfer,UPI,1205.27,Reversed,Utilities,0
TX006331,297,2025-07-27 12:01:00,Purchase,UPI,3362.59,Success,Utilities,0
TX006332,217,2025-05-10 10:22:00,Transfer,ATM,345.69,Success,Utilities,0
TX006333,146,2025-07-07 18:24:00,Transfer,UPI,752.37,Success,Travel,0
TX006334,186,2025-10-07 06:18:00,Bill Payment,Debit Card,858.09,Success,Healthcare,0
TX006335,457,2025-05-18 22:55:00,Purchase,UPI,994.88,Success,Dining,0
TX006336,105,2025-12-01 15:26:00,Purchase,UPI,1177.89,Success,Groceries,0
TX006337,213,2025-11-07 16:24:00,Transfer,UPI,1972.93,Success,Dining,0
TX006338,123,2025-04-28 11:36:00,Bill Payment,Debit Card,751.38,Success,Healthcare,0
TX006339,318,2025-01-08 11:34:00,Withdrawal,UPI,1234.2,Success,Utilities,0
TX006340,268,2025-03-01 13:01:00,Purchase,UPI,1055.37,Success,Utilities,0
TX006341,49,2025-12-20 22:32:00,Transfer,UPI,499.19,Success,Shopping,0
TX006342,393,2025-06-19 01:59:00,Transfer,Debit Card,995.64,Success,Groceries,0
TX006343,228,2025-01-10 03:39:00,Transfer,ATM,970.58,Success,Utilities,0
TX006344,198,2025-09-01 11:27:00,Purchase,UPI,953.06,Success,Shopping,0
TX006345,67,2025-06-05 14:47:00,Purchase,UPI,1126.64,Success,Groceries,0
TX006346,131,2025-09-26 22:57:00,Transfer,Debit Card,1169.49,Success,Shopping,0
TX006347,226,2025-08-09 00:09:00,Bill Payment,Debit Card,759.42,Success,Shopping,0
TX006348,318,2025-08-03 10:02:00,Transfer,Net Banking,3235.08,Success,Travel,0
TX006349,416,2025-07-09 00:39:00,Purchase,UPI,405.83,Success,Shopping,0
TX006350,260,2025-11-29 22:51:00,Purchase,ATM,594.18,Success,Utilities,0
TX006351,205,2025-10-22 09:25:00,Purchase,Debit Card,11648.92,Success,Healthcare,0
TX006352,54,2025-04-25 22:26:00,Transfer,Debit Card,453.82,Success,Other,0
TX006353,437,2025-10-19 14:52:00,Transfer,Credit Card,346.99,Success,Healthcare,0
TX006354,377,2025-03-23 12:18:00,Purchase,UPI,2047.36,Success,Shopping,0
TX006355,37,2025-10-16 17:09:00,Transfer,Debit Card,187.63,Success,Education,0
TX006356,451,2025-01-24 03:30:00,Transfer,UPI,897.86,Success,Healthcare,0
TX006357,323,2025-01-19 10:02:00,Purchase,Net Banking,6795.06,Success,Utilities,0
TX006358,256,2025-07-12 08:44:00,Purchase,Credit Card,294.95,Success,Other,0
TX006359,29,2025-10-07 18:49:00,Purchase,UPI,203.43,Success,Groceries,0
TX006360,448,2025-08-25 12:51:00,Withdrawal,UPI,306.65,Success,Shopping,0
TX006361,455,2025-06-30 13:36:00,Bill Payment,UPI,2353.37,Success,Other,0
TX006362,325,2025-07-29 13:11:00,Bill Payment,Credit Card,2852.81,Success,Other,0
TX006363,147,2025-09-03 22:48:00,Bill Payment,UPI,709.31,Success,Other,0
TX006364,163,2025-03-12 18:59:00,Purchase,Credit Card,1960.06,Success,Shopping,0
TX006365,276,2025-06-29 03:09:00,Purchase,Credit Card,3574.99,Success,Shopping,0
TX006366,376,2025-02-05 07:49:00,Purchase,Credit Card,5010.27,Success,Travel,0
TX006367,304,2025-09-15 05:19:00,Transfer,Credit Card,889.46,Success,Education,0
TX006368,91,2025-08-19 11:11:00,Purchase,UPI,155.05,Failed,Utilities,0
TX006369,393,2025-06-29 13:18:00,Purchase,Credit Card,545.8,Success,Shopping,0
TX006370,341,2025-08-20 14:54:00,Purchase,UPI,762.97,Success,Travel,0
TX006371,459,2025-07-17 04:53:00,Purchase,UPI,879.98,Success,Shopping,0
TX006372,46,2025-08-26 18:15:00,Transfer,Debit Card,934.79,Success,Travel,0
TX006373,141,2025-04-12 03:39:00,Bill Payment,UPI,2838.58,Success,Education,0
TX006374,413,2025-05-27 12:25:00,Withdrawal,Credit Card,3239.79,Failed,Healthcare,0
TX006375,28,2025-09-18 19:49:00,Purchase,UPI,62176.47,Reversed,Education,1
TX006376,335,2025-05-16 10:55:00,Purchase,UPI,2789.76,Success,Education,0
TX006377,186,2025-09-29 15:04:00,Transfer,UPI,1486.25,Success,Other,0
TX006378,499,2025-04-20 12:57:00,Purchase,UPI,127947.81,Success,Utilities,1
TX006379,124,2025-03-30 17:09:00,Purchase,Net Banking,2369.8,Success,Utilities,0
TX006380,61,2025-04-24 02:13:00,Withdrawal,Debit Card,1166.09,Success,Education,0
TX006381,487,2025-10-31 07:41:00,Purchase,Net Banking,6305.26,Success,Groceries,0
TX006382,165,2025-03-16 05:10:00,Withdrawal,Net Banking,322.9,Success,Other,0
TX006383,364,2025-07-12 07:21:00,Purchase,Net Banking,707.76,Success,Groceries,0
TX006384,479,2025-07-29 12:48:00,Withdrawal,UPI,984.82,Success,Travel,0
TX006385,440,2025-11-03 15:30:00,Purchase,UPI,1593.26,Success,Education,0
TX006386,434,2025-11-13 18:43:00,Transfer,UPI,3222.03,Success,Other,0
TX006387,337,2025-11-02 18:44:00,Transfer,Net Banking,1074.12,Success,Shopping,0
TX006388,54,2025-08-05 10:08:00,Transfer,UPI,327.37,Success,Education,0
TX006389,345,2025-01-18 17:27:00,Transfer,UPI,2244.27,Success,Utilities,0
TX006390,77,2025-08-09 07:19:00,Bill Payment,Debit Card,2083.31,Success,Other,0
TX006391,278,2025-07-08 06:16:00,Purchase,Debit Card,210.49,Success,Utilities,0
TX006392,132,2025-10-11 03:30:00,Purchase,UPI,1093.09,Success,Education,0
TX006393,276,2025-09-07 23:14:00,Purchase,UPI,283.83,Success,Utilities,0
TX006394,481,2025-09-11 09:57:00,Purchase,Net Banking,623.31,Success,Other,0
TX006395,34,2025-11-24 10:55:00,Purchase,Debit Card,509.08,Reversed,Groceries,0
TX006396,60,2025-10-23 18:58:00,Refund,Net Banking,2181.73,Success,Other,0
TX006397,440,2025-02-25 02:50:00,Withdrawal,UPI,1211.13,Success,Travel,0
TX006398,142,2025-01-07 11:13:00,Transfer,Net Banking,367.69,Success,Education,0
TX006399,158,2025-12-08 14:07:00,Transfer,Net Banking,2317.06,Success,Shopping,0
TX006400,231,2025-01-30 00:40:00,Purchase,UPI,324.17,Success,Utilities,0
TX006401,340,2025-10-22 23:59:00,Withdrawal,Credit Card,1451.85,Success,Shopping,0
TX006402,241,2025-12-25 01:00:00,Transfer,Net Banking,549.0,Success,Travel,0
TX006403,187,2025-02-08 16:03:00,Transfer,UPI,803.66,Success,Groceries,0
TX006404,14,2025-04-11 09:41:00,Bill Payment,Debit Card,1683.5,Success,Dining,0
TX006405,307,2025-04-06 06:56:00,Purchase,UPI,1708.26,Success,Travel,0
TX006406,310,2025-10-04 22:05:00,Purchase,UPI,3416.68,Success,Travel,0
TX006407,444,2025-09-14 01:43:00,Transfer,UPI,1022.58,Success,Groceries,0
TX006408,11,2025-08-16 01:22:00,Transfer,ATM,1422.94,Success,Education,0
TX006409,424,2025-12-02 18:04:00,Transfer,Net Banking,755.91,Success,Travel,0
TX006410,220,2025-11-23 09:33:00,Transfer,Net Banking,1280.1,Success,Other,0
TX006411,351,2025-02-25 09:10:00,Bill Payment,UPI,1593.3,Success,Other,0
TX006412,26,2025-07-22 20:11:00,Bill Payment,UPI,1008.72,Failed,Utilities,0
TX006413,144,2025-12-30 16:46:00,Transfer,UPI,236.7,Success,Healthcare,0
TX006414,360,2025-06-26 06:40:00,Purchase,ATM,1453.53,Success,Travel,0
TX006415,188,2025-01-24 11:36:00,Withdrawal,Debit Card,1494.99,Success,Education,0
TX006416,92,2025-10-09 12:06:00,Purchase,UPI,615.14,Success,Education,0
TX006417,136,2025-08-23 22:26:00,Bill Payment,Debit Card,368.07,Success,Shopping,0
TX006418,93,2025-12-29 09:58:00,Purchase,Debit Card,3844.88,Success,Education,0
TX006419,119,2025-03-19 06:41:00,Purchase,Debit Card,1665.25,Success,Other,0
TX006420,358,2025-10-04 15:09:00,Transfer,Debit Card,902.6,Success,Utilities,0
TX006421,217,2025-07-04 06:50:00,Purchase,Debit Card,417.18,Success,Dining,0
TX006422,102,2025-09-10 17:21:00,Purchase,Debit Card,545.37,Success,Groceries,0
TX006423,61,2025-02-13 22:49:00,Purchase,Net Banking,3318.28,Success,Travel,0
TX006424,345,2025-12-18 13:43:00,Purchase,ATM,1232.76,Success,Healthcare,0
TX006425,189,2025-10-21 10:48:00,Refund,UPI,686.77,Success,Groceries,0
TX006426,259,2025-10-04 00:19:00,Purchase,Debit Card,1691.27,Success,Utilities,0
TX006427,418,2025-04-27 10:15:00,Purchase,ATM,548.82,Success,Dining,0
TX006428,358,2025-02-22 16:48:00,Purchase,UPI,3927.34,Success,Education,0
TX006429,167,2025-12-10 09:17:00,Purchase,Debit Card,3462.97,Success,Healthcare,0
TX006430,10,2025-01-05 11:37:00,Purchase,UPI,737.61,Success,Groceries,0
TX006431,458,2025-04-21 23:33:00,Withdrawal,UPI,642.67,Success,Utilities,0
TX006432,266,2025-05-19 00:07:00,Purchase,Credit Card,118.46,Success,Shopping,0
TX006433,445,2025-09-24 17:02:00,Withdrawal,UPI,311.27,Success,Healthcare,0
TX006434,445,2025-07-04 11:05:00,Bill Payment,Credit Card,351.23,Success,Healthcare,0
TX006435,181,2025-07-16 01:24:00,Purchase,Credit Card,1230.18,Success,Travel,0
TX006436,498,2025-05-29 19:52:00,Refund,UPI,831.06,Success,Shopping,0
TX006437,436,2025-02-19 09:34:00,Transfer,UPI,349.49,Success,Dining,0
TX006438,393,2025-02-04 18:05:00,Bill Payment,Net Banking,863.51,Success,Healthcare,0
TX006439,388,2025-05-19 06:07:00,Bill Payment,Debit Card,1685.03,Success,Other,0
TX006440,46,2025-03-28 01:25:00,Refund,ATM,1717.57,Success,Groceries,0
TX006441,442,2025-10-22 11:18:00,Transfer,Net Banking,218.17,Success,Travel,0
TX006442,409,2025-03-06 00:28:00,Withdrawal,Credit Card,983.36,Reversed,Education,0
TX006443,411,2025-10-29 08:01:00,Purchase,Credit Card,338.38,Success,Other,0
TX006444,406,2025-10-04 14:03:00,Purchase,Net Banking,2360.12,Success,Healthcare,0
TX006445,475,2025-05-20 14:37:00,Purchase,UPI,194705.49,Success,Dining,1
TX006446,396,2025-05-29 11:49:00,Bill Payment,Credit Card,511.16,Success,Education,0
TX006447,63,2025-03-18 08:22:00,Transfer,UPI,571.84,Success,Education,0
TX006448,23,2025-11-30 10:37:00,Withdrawal,Debit Card,740.94,Success,Dining,0
TX006449,175,2025-01-28 00:42:00,Purchase,UPI,161.6,Success,Utilities,0
TX006450,316,2025-02-21 07:06:00,Purchase,UPI,1459.1,Reversed,Education,0
TX006451,8,2025-04-22 10:59:00,Transfer,Debit Card,869.64,Success,Travel,0
TX006452,385,2025-01-21 20:06:00,Purchase,Credit Card,2501.51,Success,Healthcare,0
TX006453,334,2025-12-14 03:29:00,Transfer,UPI,431.11,Success,Education,0
TX006454,315,2025-04-20 06:09:00,Purchase,UPI,647.91,Success,Groceries,0
TX006455,347,2025-12-18 18:51:00,Bill Payment,Net Banking,304.74,Success,Education,0
TX006456,391,2025-01-12 07:20:00,Transfer,UPI,467.01,Success,Dining,0
TX006457,306,2025-09-29 01:59:00,Purchase,ATM,401.54,Success,Education,0
TX006458,262,2025-01-11 16:25:00,Transfer,UPI,2556.97,Success,Dining,0
TX006459,401,2025-10-08 07:15:00,Purchase,Net Banking,605.76,Success,Shopping,0
TX006460,89,2025-06-07 02:47:00,Bill Payment,Credit Card,1218.71,Success,Education,0
TX006461,109,2025-11-11 13:40:00,Transfer,ATM,793.42,Success,Travel,0
TX006462,351,2025-12-02 18:36:00,Transfer,Net Banking,372.77,Success,Shopping,0
TX006463,24,2025-10-08 18:18:00,Transfer,Debit Card,950.46,Success,Education,0
TX006464,263,2025-09-18 16:14:00,Withdrawal,UPI,1824.82,Success,Groceries,0
TX006465,34,2025-10-23 04:18:00,Transfer,Credit Card,392.84,Success,Travel,0
TX006466,366,2025-12-14 05:15:00,Transfer,UPI,2181.45,Failed,Healthcare,0
TX006467,317,2025-09-09 20:37:00,Purchase,UPI,532.58,Success,Shopping,0
TX006468,55,2025-02-18 09:34:00,Purchase,Debit Card,727.39,Success,Dining,0
TX006469,91,2025-09-14 01:05:00,Purchase,UPI,1721.72,Success,Travel,0
TX006470,447,2025-01-29 21:24:00,Transfer,Debit Card,623.96,Success,Groceries,0
TX006471,439,2025-04-06 06:52:00,Purchase,UPI,1132.22,Success,Education,0
TX006472,46,2025-07-21 10:14:00,Bill Payment,UPI,839.25,Success,Groceries,0
TX006473,10,2025-12-21 11:12:00,Bill Payment,UPI,1224.1,Success,Healthcare,0
TX006474,33,2025-03-24 02:28:00,Purchase,Debit Card,144.95,Success,Groceries,0
TX006475,39,2025-03-20 09:34:00,Transfer,ATM,231.54,Success,Travel,0
TX006476,427,2025-08-06 06:31:00,Purchase,UPI,1851.17,Success,Education,0
TX006477,43,2025-11-12 01:09:00,Withdrawal,Net Banking,2648.12,Success,Utilities,0
TX006478,458,2025-06-28 17:47:00,Purchase,Debit Card,505.77,Success,Groceries,0
TX006479,223,2025-09-25 21:42:00,Bill Payment,UPI,891.21,Success,Shopping,0
TX006480,124,2025-12-16 17:46:00,Purchase,UPI,1408.83,Success,Education,0
TX006481,68,2025-04-29 11:54:00,Refund,UPI,1976.8,Success,Education,0
TX006482,481,2025-02-13 12:21:00,Transfer,UPI,195.68,Success,Healthcare,0
TX006483,52,2025-03-17 08:16:00,Purchase,UPI,516.39,Success,Groceries,0
TX006484,443,2025-11-11 20:43:00,Bill Payment,Net Banking,826.59,Success,Groceries,0
TX006485,245,2025-04-23 15:34:00,Purchase,Net Banking,1993.54,Success,Education,0
TX006486,213,2025-05-03 20:32:00,Purchase,Debit Card,9169.76,Success,Healthcare,0
TX006487,247,2025-04-12 04:46:00,Purchase,Debit Card,903.43,Success,Groceries,0
TX006488,360,2025-01-05 05:55:00,Purchase,Debit Card,331.65,Success,Education,0
TX006489,250,2025-05-12 06:47:00,Purchase,Credit Card,1543.69,Success,Travel,0
TX006490,138,2025-05-23 11:28:00,Purchase,ATM,3370.6,Success,Dining,0
TX006491,394,2025-08-19 12:19:00,Bill Payment,UPI,1202.08,Success,Dining,0
TX006492,199,2025-11-10 05:50:00,Withdrawal,Debit Card,507.42,Success,Groceries,0
TX006493,72,2025-03-19 18:32:00,Purchase,UPI,2475.74,Success,Groceries,0
TX006494,208,2025-09-28 22:18:00,Purchase,Debit Card,1927.57,Success,Groceries,0
TX006495,234,2025-12-19 19:33:00,Purchase,Net Banking,458.44,Success,Education,0
TX006496,418,2025-11-25 23:50:00,Transfer,Debit Card,1516.58,Success,Travel,0
TX006497,454,2025-05-23 12:33:00,Transfer,Credit Card,2559.78,Success,Dining,0
TX006498,101,2025-09-25 00:16:00,Transfer,UPI,2994.72,Success,Other,0
TX006499,402,2025-12-15 08:46:00,Purchase,UPI,176797.47,Failed,Other,1
TX006500,42,2025-11-20 22:53:00,Purchase,UPI,808.87,Success,Dining,0
TX006501,250,2025-05-18 02:44:00,Withdrawal,UPI,3112.5,Success,Other,0
TX006502,59,2025-09-07 20:21:00,Bill Payment,ATM,392.04,Success,Travel,0
TX006503,443,2025-04-18 23:40:00,Purchase,UPI,133989.92,Success,Utilities,1
TX006504,322,2025-08-13 17:16:00,Bill Payment,ATM,342.23,Success,Other,0
TX006505,101,2025-12-21 13:54:00,Purchase,Net Banking,2712.35,Success,Utilities,0
TX006506,304,2025-04-03 13:17:00,Purchase,Debit Card,880.65,Success,Groceries,0
TX006507,290,2025-07-09 14:00:00,Bill Payment,UPI,3223.73,Success,Dining,0
TX006508,364,2025-06-06 18:41:00,Transfer,UPI,1665.2,Success,Groceries,0
TX006509,226,2025-04-18 15:00:00,Purchase,UPI,387.71,Success,Healthcare,0
TX006510,87,2025-05-03 04:44:00,Purchase,Net Banking,3680.98,Success,Dining,0
TX006511,381,2025-02-03 23:19:00,Transfer,UPI,4099.25,Success,Healthcare,0
TX006512,154,2025-12-04 04:25:00,Purchase,UPI,2321.44,Success,Shopping,0
TX006513,230,2025-08-12 13:43:00,Purchase,Net Banking,574.01,Success,Travel,0
TX006514,229,2025-03-10 10:08:00,Transfer,UPI,845.47,Success,Travel,0
TX006515,14,2025-10-05 00:19:00,Bill Payment,Credit Card,1240.93,Success,Education,0
TX006516,334,2025-08-29 15:32:00,Refund,UPI,602.96,Success,Education,0
TX006517,146,2025-05-21 16:58:00,Purchase,UPI,4621.59,Success,Dining,0
TX006518,238,2025-07-22 01:41:00,Withdrawal,UPI,1239.77,Success,Dining,0
TX006519,472,2025-05-09 12:29:00,Purchase,Credit Card,110.18,Reversed,Dining,0
TX006520,127,2025-10-17 04:39:00,Refund,ATM,1463.3,Success,Other,0
TX006521,452,2025-01-06 16:26:00,Bill Payment,Debit Card,815.72,Success,Groceries,0
TX006522,74,2025-07-09 16:16:00,Purchase,UPI,1028.97,Success,Utilities,0
TX006523,166,2025-09-06 20:19:00,Purchase,UPI,801.65,Success,Education,0
TX006524,173,2025-10-31 05:49:00,Transfer,Debit Card,2177.62,Success,Groceries,0
TX006525,399,2025-05-08 00:38:00,Purchase,Net Banking,2840.5,Success,Groceries,0
TX006526,436,2025-11-10 10:23:00,Purchase,UPI,1394.92,Success,Groceries,0
TX006527,376,2025-09-02 05:03:00,Transfer,Net Banking,821.87,Success,Dining,0
TX006528,10,2025-02-08 02:02:00,Withdrawal,Debit Card,1058.77,Success,Utilities,0
TX006529,357,2025-09-08 17:20:00,Bill Payment,Debit Card,1115.06,Success,Healthcare,0
TX006530,7,2025-11-04 12:12:00,Transfer,UPI,554.43,Success,Other,0
TX006531,151,2025-12-20 17:35:00,Bill Payment,UPI,1793.8,Success,Education,0
TX006532,303,2025-12-10 14:10:00,Refund,UPI,1621.38,Success,Education,0
TX006533,242,2025-03-17 11:03:00,Transfer,UPI,4061.77,Success,Healthcare,0
TX006534,382,2025-10-19 15:06:00,Purchase,Debit Card,3187.68,Success,Other,0
TX006535,320,2025-03-01 12:40:00,Transfer,UPI,612.27,Success,Other,0
TX006536,112,2025-03-02 22:45:00,Bill Payment,ATM,2202.29,Success,Travel,0
TX006537,293,2025-08-31 18:22:00,Refund,UPI,488.67,Success,Travel,0
TX006538,474,2025-12-07 22:31:00,Purchase,Credit Card,1981.37,Success,Other,0
TX006539,204,2025-07-08 17:31:00,Transfer,UPI,706.89,Success,Other,0
TX006540,197,2025-10-23 03:39:00,Transfer,UPI,459.54,Success,Healthcare,0
TX006541,415,2025-09-20 11:59:00,Transfer,Debit Card,1391.36,Success,Dining,0
TX006542,96,2025-11-12 04:35:00,Purchase,Credit Card,112.91,Success,Shopping,0
TX006543,237,2025-04-01 19:08:00,Transfer,UPI,247.56,Success,Dining,0
TX006544,99,2025-04-15 13:57:00,Purchase,UPI,943.06,Success,Education,0
TX006545,384,2025-07-24 10:47:00,Purchase,UPI,1176.24,Reversed,Other,0
TX006546,196,2025-12-03 20:32:00,Bill Payment,UPI,801.17,Success,Other,0
TX006547,454,2025-10-16 01:07:00,Withdrawal,Credit Card,286.43,Success,Healthcare,0
TX006548,478,2025-05-08 01:30:00,Withdrawal,UPI,547.19,Success,Shopping,0
TX006549,33,2025-08-26 08:27:00,Purchase,UPI,1529.24,Success,Education,0
TX006550,207,2025-03-26 05:57:00,Transfer,Credit Card,180226.55,Success,Dining,1
TX006551,115,2025-07-19 19:39:00,Purchase,UPI,1081.61,Success,Travel,0
TX006552,208,2025-05-16 23:53:00,Bill Payment,UPI,2931.61,Success,Dining,0
TX006553,460,2025-01-25 22:49:00,Transfer,Debit Card,1537.31,Success,Dining,0
TX006554,146,2025-12-12 03:47:00,Purchase,Credit Card,580.95,Success,Education,0
TX006555,34,2025-06-20 03:13:00,Purchase,Credit Card,864.0,Failed,Other,0
TX006556,112,2025-10-06 04:48:00,Withdrawal,Net Banking,332.81,Success,Travel,0
TX006557,265,2025-02-01 02:05:00,Purchase,Net Banking,1000.33,Success,Shopping,0
TX006558,267,2025-09-29 00:53:00,Refund,UPI,84381.33,Success,Shopping,1
TX006559,142,2025-07-26 16:31:00,Purchase,UPI,1963.52,Success,Utilities,0
TX006560,372,2025-06-23 18:30:00,Purchase,Credit Card,3610.88,Success,Shopping,0
TX006561,450,2025-03-27 03:33:00,Bill Payment,Debit Card,847.72,Success,Other,0
TX006562,415,2025-09-11 06:09:00,Withdrawal,UPI,3443.3,Success,Shopping,0
TX006563,338,2025-07-31 00:58:00,Purchase,Credit Card,930.47,Success,Utilities,0
TX006564,46,2025-03-14 20:28:00,Purchase,UPI,3830.87,Success,Dining,0
TX006565,38,2025-11-29 17:30:00,Withdrawal,Credit Card,1076.45,Success,Other,0
TX006566,159,2025-08-06 16:04:00,Refund,Debit Card,2000.49,Success,Dining,0
TX006567,272,2025-07-05 06:04:00,Purchase,UPI,3842.37,Success,Education,0
TX006568,247,2025-07-15 12:36:00,Purchase,Debit Card,930.37,Success,Shopping,0
TX006569,309,2025-08-24 23:21:00,Transfer,Net Banking,1320.32,Failed,Groceries,0
TX006570,398,2025-07-22 11:46:00,Bill Payment,ATM,3279.79,Success,Travel,0
TX006571,141,2025-06-04 23:48:00,Transfer,UPI,979.41,Success,Education,0
TX006572,303,2025-07-08 01:58:00,Withdrawal,UPI,356.82,Success,Other,0
TX006573,86,2025-08-19 05:27:00,Purchase,Debit Card,6778.8,Success,Healthcare,0
TX006574,222,2025-10-19 04:29:00,Bill Payment,Net Banking,735.61,Success,Groceries,0
TX006575,419,2025-09-11 01:10:00,Purchase,Debit Card,1255.07,Success,Education,0
TX006576,252,2025-01-14 14:52:00,Refund,UPI,2929.55,Success,Groceries,0
TX006577,131,2025-04-18 08:28:00,Purchase,ATM,653.79,Success,Shopping,0
TX006578,388,2025-06-02 20:31:00,Purchase,Debit Card,465.59,Success,Utilities,0
TX006579,110,2025-10-25 04:45:00,Purchase,Debit Card,1360.59,Success,Other,0
TX006580,475,2025-03-22 14:19:00,Withdrawal,UPI,238.86,Failed,Groceries,0
TX006581,361,2025-06-01 11:11:00,Refund,UPI,858.58,Success,Travel,0
TX006582,362,2025-03-29 10:42:00,Purchase,Debit Card,1350.57,Success,Other,0
TX006583,150,2025-01-28 02:34:00,Transfer,Debit Card,871.78,Success,Education,0
TX006584,208,2025-12-06 03:28:00,Withdrawal,Credit Card,295.32,Success,Healthcare,0
TX006585,214,2025-10-12 08:58:00,Purchase,Net Banking,4251.6,Success,Other,0
TX006586,232,2025-06-25 08:48:00,Withdrawal,Net Banking,1197.52,Success,Dining,0
TX006587,494,2025-05-04 11:57:00,Transfer,UPI,3701.45,Success,Shopping,0
TX006588,226,2025-04-17 04:21:00,Purchase,Net Banking,879.16,Success,Education,0
TX006589,20,2025-04-13 16:34:00,Purchase,UPI,102711.11,Success,Other,1
TX006590,328,2025-01-23 15:50:00,Purchase,ATM,1378.57,Success,Healthcare,0
TX006591,405,2025-12-16 09:09:00,Transfer,Debit Card,912.86,Success,Travel,0
TX006592,371,2025-01-02 05:25:00,Bill Payment,UPI,402.99,Success,Dining,0
TX006593,2,2025-03-23 02:47:00,Bill Payment,Debit Card,3825.01,Failed,Dining,0
TX006594,110,2025-06-28 17:05:00,Purchase,Debit Card,646.17,Success,Groceries,0
TX006595,263,2025-09-24 04:53:00,Purchase,UPI,229.47,Success,Travel,0
TX006596,315,2025-10-28 13:32:00,Transfer,Net Banking,124404.09,Success,Shopping,1
TX006597,320,2025-10-15 21:16:00,Purchase,UPI,714.33,Success,Utilities,0
TX006598,347,2025-06-21 11:12:00,Withdrawal,Debit Card,654.16,Success,Travel,0
TX006599,455,2025-12-09 09:58:00,Purchase,UPI,244.55,Success,Education,0
TX006600,109,2025-08-20 01:14:00,Purchase,UPI,185988.12,Success,Groceries,1
TX006601,402,2025-05-05 02:39:00,Purchase,Net Banking,366.48,Success,Shopping,0
TX006602,268,2025-09-19 01:53:00,Transfer,ATM,1152.49,Success,Education,0
TX006603,4,2025-10-11 13:21:00,Purchase,UPI,2382.08,Success,Travel,0
TX006604,338,2025-05-05 20:03:00,Purchase,UPI,1569.42,Success,Utilities,0
TX006605,151,2025-04-17 06:24:00,Transfer,UPI,1042.41,Success,Travel,0
TX006606,151,2025-03-19 12:32:00,Purchase,Credit Card,258.16,Success,Other,0
TX006607,169,2025-06-16 19:33:00,Purchase,Net Banking,551.0,Success,Education,0
TX006608,285,2025-03-11 08:56:00,Purchase,ATM,1286.44,Success,Shopping,0
TX006609,446,2025-07-11 02:33:00,Transfer,Net Banking,561.66,Success,Education,0
TX006610,302,2025-05-26 17:29:00,Purchase,UPI,1303.56,Success,Travel,0
TX006611,264,2025-06-19 18:10:00,Withdrawal,Debit Card,1957.61,Success,Groceries,0
TX006612,99,2025-06-02 13:35:00,Refund,ATM,2485.25,Success,Travel,0
TX006613,71,2025-10-19 23:56:00,Withdrawal,UPI,386.74,Success,Other,0
TX006614,314,2025-01-21 13:54:00,Bill Payment,UPI,7095.03,Success,Groceries,0
TX006615,308,2025-08-24 09:45:00,Transfer,UPI,2105.6,Success,Utilities,0
TX006616,44,2025-10-16 00:33:00,Purchase,ATM,1095.04,Success,Other,0
TX006617,311,2025-08-11 09:31:00,Transfer,Net Banking,2768.63,Success,Education,0
TX006618,401,2025-11-07 04:24:00,Bill Payment,Debit Card,8189.41,Success,Education,0
TX006619,329,2025-03-18 08:44:00,Bill Payment,UPI,322.82,Failed,Other,0
TX006620,358,2025-01-27 20:00:00,Transfer,UPI,905.54,Success,Travel,0
TX006621,121,2025-05-26 05:57:00,Transfer,Debit Card,145.23,Success,Healthcare,0
TX006622,412,2025-07-31 04:12:00,Transfer,Debit Card,1291.75,Success,Utilities,0
TX006623,139,2025-11-13 20:35:00,Transfer,Debit Card,1496.05,Success,Other,0
TX006624,161,2025-04-30 13:54:00,Withdrawal,Debit Card,1060.73,Success,Dining,0
TX006625,172,2025-04-07 02:37:00,Transfer,ATM,628.7,Success,Dining,0
TX006626,462,2025-04-19 13:10:00,Purchase,ATM,192.08,Success,Other,0
TX006627,207,2025-07-28 01:10:00,Purchase,UPI,1506.44,Success,Dining,0
TX006628,393,2025-07-18 18:09:00,Transfer,Net Banking,3778.64,Success,Groceries,0
TX006629,266,2025-10-06 21:29:00,Transfer,UPI,663.57,Success,Dining,0
TX006630,63,2025-07-16 07:52:00,Transfer,UPI,1594.08,Success,Dining,0
TX006631,313,2025-01-20 06:35:00,Transfer,Net Banking,289.19,Success,Other,0
TX006632,28,2025-06-14 20:01:00,Purchase,UPI,1617.49,Success,Education,0
TX006633,33,2025-01-23 04:15:00,Transfer,UPI,784.95,Success,Other,0
TX006634,142,2025-11-26 10:31:00,Purchase,UPI,573.61,Success,Travel,0
TX006635,477,2025-04-02 22:49:00,Purchase,UPI,574.61,Success,Groceries,0
TX006636,117,2025-04-25 09:03:00,Purchase,ATM,784.8,Success,Groceries,0
TX006637,287,2025-08-26 10:47:00,Transfer,Debit Card,1517.88,Success,Other,0
TX006638,184,2025-01-11 16:55:00,Purchase,Debit Card,359.48,Success,Utilities,0
TX006639,166,2025-05-24 08:06:00,Bill Payment,Debit Card,782.47,Reversed,Other,0
TX006640,355,2025-10-08 22:03:00,Purchase,Credit Card,1058.65,Success,Other,0
TX006641,399,2025-06-25 15:10:00,Purchase,UPI,430.87,Success,Education,0
TX006642,36,2025-05-28 00:03:00,Bill Payment,Net Banking,5050.11,Success,Travel,0
TX006643,124,2025-01-04 18:26:00,Bill Payment,UPI,530.88,Success,Education,0
TX006644,156,2025-01-10 21:54:00,Transfer,UPI,620.78,Success,Other,0
TX006645,232,2025-01-12 00:53:00,Withdrawal,UPI,477.44,Failed,Shopping,0
TX006646,419,2025-04-04 11:08:00,Bill Payment,Debit Card,5057.91,Success,Other,0
TX006647,195,2025-03-04 00:51:00,Purchase,Debit Card,1754.55,Success,Utilities,0
TX006648,443,2025-07-13 08:16:00,Transfer,Net Banking,494.67,Success,Groceries,0
TX006649,470,2025-01-09 13:56:00,Withdrawal,Debit Card,2808.19,Success,Education,0
TX006650,165,2025-01-10 10:10:00,Purchase,UPI,1300.62,Success,Groceries,0
TX006651,20,2025-12-04 15:37:00,Purchase,UPI,1364.67,Success,Healthcare,0
TX006652,69,2025-10-21 12:13:00,Purchase,ATM,818.27,Success,Healthcare,0
TX006653,327,2025-06-16 02:05:00,Purchase,Credit Card,579.98,Success,Education,0
TX006654,265,2025-06-01 21:55:00,Refund,UPI,1461.33,Success,Shopping,0
TX006655,412,2025-03-29 22:20:00,Purchase,Net Banking,689.99,Success,Dining,0
TX006656,464,2025-02-26 07:41:00,Purchase,Debit Card,5137.09,Success,Education,0
TX006657,494,2025-05-18 16:48:00,Purchase,Net Banking,372.82,Failed,Healthcare,0
TX006658,28,2025-09-24 06:42:00,Purchase,UPI,4047.01,Success,Travel,0
TX006659,326,2025-08-25 21:03:00,Bill Payment,ATM,997.63,Success,Education,0
TX006660,189,2025-10-28 21:03:00,Purchase,UPI,1414.06,Success,Healthcare,0
TX006661,145,2025-06-06 08:55:00,Withdrawal,UPI,2226.5,Success,Dining,0
TX006662,378,2025-12-23 09:04:00,Purchase,Credit Card,641.81,Success,Groceries,0
TX006663,39,2025-11-14 17:40:00,Transfer,Net Banking,2286.12,Success,Travel,0
TX006664,458,2025-04-20 06:06:00,Transfer,Net Banking,109.79,Success,Dining,0
TX006665,423,2025-03-07 14:19:00,Purchase,Credit Card,594.67,Success,Education,0
TX006666,413,2025-09-30 07:38:00,Transfer,Debit Card,499.97,Success,Shopping,0
TX006667,401,2025-12-15 13:27:00,Refund,UPI,377.86,Success,Travel,0
TX006668,126,2025-09-27 01:14:00,Withdrawal,Net Banking,913.5,Success,Travel,0
TX006669,258,2025-11-13 13:18:00,Withdrawal,UPI,1522.16,Success,Utilities,0
TX006670,343,2025-04-05 19:43:00,Purchase,UPI,1992.73,Success,Education,0
TX006671,365,2025-05-08 21:53:00,Purchase,UPI,1345.8,Success,Education,0
TX006672,56,2025-02-04 20:20:00,Transfer,Net Banking,622.76,Success,Shopping,0
TX006673,328,2025-06-10 01:32:00,Purchase,UPI,67825.0,Success,Education,1
TX006674,159,2025-03-24 23:25:00,Bill Payment,Debit Card,1218.83,Success,Utilities,0
TX006675,281,2025-01-06 23:30:00,Transfer,UPI,137668.55,Success,Shopping,1
TX006676,56,2025-07-29 08:20:00,Purchase,ATM,2122.6,Success,Shopping,0
TX006677,8,2025-11-17 14:03:00,Bill Payment,Credit Card,1125.41,Success,Shopping,0
TX006678,389,2025-04-09 20:59:00,Transfer,Credit Card,511.49,Success,Utilities,0
TX006679,451,2025-05-22 09:36:00,Purchase,Net Banking,629.54,Success,Healthcare,0
TX006680,362,2025-05-07 01:04:00,Bill Payment,Credit Card,687.24,Success,Dining,0
TX006681,311,2025-07-01 06:04:00,Purchase,Net Banking,838.84,Success,Shopping,0
TX006682,428,2025-12-25 08:07:00,Withdrawal,Debit Card,1377.25,Success,Shopping,0
TX006683,37,2025-01-11 17:38:00,Transfer,UPI,2014.04,Success,Healthcare,0
TX006684,391,2025-06-11 23:46:00,Transfer,Debit Card,1050.0,Success,Groceries,0
TX006685,348,2025-11-05 04:40:00,Transfer,Debit Card,1111.77,Success,Shopping,0
TX006686,310,2025-06-12 06:34:00,Transfer,UPI,1238.69,Success,Education,0
TX006687,417,2025-05-12 13:39:00,Transfer,Debit Card,707.32,Success,Education,0
TX006688,388,2025-10-16 21:26:00,Transfer,Credit Card,499.4,Success,Healthcare,0
TX006689,445,2025-06-02 18:07:00,Purchase,UPI,246.63,Success,Groceries,0
TX006690,459,2025-03-18 04:00:00,Bill Payment,UPI,607.36,Success,Other,0
TX006691,183,2025-07-09 11:23:00,Transfer,UPI,1639.54,Success,Groceries,0
TX006692,341,2025-02-18 02:48:00,Purchase,UPI,603.37,Success,Groceries,0
TX006693,130,2025-05-26 18:39:00,Withdrawal,Debit Card,895.93,Success,Dining,0
TX006694,107,2025-07-31 12:58:00,Purchase,UPI,1630.21,Success,Other,0
TX006695,254,2025-03-11 05:29:00,Transfer,UPI,1707.16,Success,Dining,0
TX006696,7,2025-09-06 07:59:00,Transfer,Debit Card,438.08,Success,Groceries,0
TX006697,62,2025-01-25 14:24:00,Purchase,Credit Card,2559.33,Success,Utilities,0
TX006698,313,2025-09-05 23:48:00,Refund,UPI,2859.06,Success,Dining,0
TX006699,476,2025-02-15 15:06:00,Bill Payment,UPI,419.74,Reversed,Education,0
TX006700,340,2025-06-03 00:36:00,Purchase,UPI,544.43,Success,Shopping,0
TX006701,178,2025-03-08 14:38:00,Purchase,UPI,3018.23,Success,Groceries,0
TX006702,279,2025-04-01 06:45:00,Purchase,Credit Card,967.94,Success,Groceries,0
TX006703,334,2025-01-02 21:08:00,Purchase,UPI,166.2,Success,Utilities,0
TX006704,47,2025-05-01 08:12:00,Purchase,Debit Card,333.71,Success,Other,0
TX006705,152,2025-01-26 06:59:00,Withdrawal,UPI,887.17,Success,Shopping,0
TX006706,487,2025-01-14 17:17:00,Transfer,UPI,408.06,Success,Shopping,0
TX006707,50,2025-05-25 20:13:00,Transfer,UPI,771.7,Success,Dining,0
TX006708,144,2025-06-22 15:35:00,Purchase,UPI,1127.25,Success,Other,0
TX006709,492,2025-08-23 10:26:00,Purchase,Net Banking,3800.61,Success,Utilities,0
TX006710,38,2025-04-04 01:47:00,Purchase,UPI,856.72,Success,Groceries,0
TX006711,258,2025-08-29 13:18:00,Purchase,Debit Card,2728.92,Success,Groceries,0
TX006712,372,2025-02-08 03:09:00,Transfer,Debit Card,3693.93,Success,Dining,0
TX006713,239,2025-08-21 04:27:00,Bill Payment,UPI,3711.4,Success,Other,0
TX006714,388,2025-05-13 18:26:00,Purchase,UPI,1396.94,Success,Education,0
TX006715,322,2025-06-17 21:44:00,Bill Payment,UPI,206.69,Success,Dining,0
TX006716,394,2025-06-28 02:43:00,Bill Payment,ATM,1622.46,Success,Shopping,0
TX006717,381,2025-10-28 05:36:00,Bill Payment,Debit Card,2673.49,Success,Healthcare,0
TX006718,84,2025-03-21 02:01:00,Withdrawal,Debit Card,1023.61,Success,Shopping,0
TX006719,136,2025-11-16 07:08:00,Purchase,UPI,4831.42,Success,Other,0
TX006720,435,2025-01-12 18:02:00,Purchase,UPI,2277.56,Success,Healthcare,0
TX006721,135,2025-06-12 15:04:00,Purchase,Net Banking,1777.62,Success,Dining,0
TX006722,405,2025-09-17 00:29:00,Purchase,UPI,2761.21,Success,Travel,0
TX006723,242,2025-11-07 20:23:00,Withdrawal,Net Banking,1455.88,Success,Healthcare,0
TX006724,260,2025-03-01 15:46:00,Purchase,Net Banking,131.78,Success,Shopping,0
TX006725,351,2025-04-01 08:46:00,Bill Payment,Debit Card,717.47,Success,Dining,0
TX006726,284,2025-12-06 18:42:00,Refund,Net Banking,3033.87,Success,Education,0
TX006727,451,2025-09-10 21:51:00,Purchase,UPI,552.0,Success,Dining,0
TX006728,360,2025-11-17 07:18:00,Purchase,UPI,906.91,Success,Other,0
TX006729,473,2025-06-26 02:42:00,Purchase,UPI,451.19,Success,Travel,0
TX006730,1,2025-07-25 14:08:00,Transfer,UPI,4995.71,Success,Other,0
TX006731,213,2025-11-24 18:56:00,Purchase,UPI,4579.15,Success,Utilities,0
TX006732,478,2025-06-02 06:27:00,Transfer,Net Banking,517.35,Success,Other,0
TX006733,392,2025-01-03 09:24:00,Bill Payment,Debit Card,1242.9,Success,Education,0
TX006734,378,2025-10-30 17:28:00,Purchase,UPI,614.97,Success,Dining,0
TX006735,219,2025-07-19 23:28:00,Transfer,UPI,1849.56,Failed,Healthcare,0
TX006736,89,2025-04-26 14:25:00,Transfer,ATM,1691.26,Success,Other,0
TX006737,368,2025-06-25 15:08:00,Withdrawal,UPI,2186.26,Success,Education,0
TX006738,321,2025-11-24 20:47:00,Purchase,UPI,1454.08,Success,Shopping,0
TX006739,337,2025-06-24 21:59:00,Withdrawal,UPI,13294.36,Success,Healthcare,0
TX006740,365,2025-08-24 09:02:00,Bill Payment,Credit Card,457.72,Success,Healthcare,0
TX006741,330,2025-12-29 11:37:00,Withdrawal,Debit Card,256.21,Success,Shopping,0
TX006742,73,2025-03-23 09:49:00,Purchase,UPI,785.15,Success,Education,0
TX006743,39,2025-09-13 14:19:00,Purchase,Debit Card,289.23,Failed,Healthcare,0
TX006744,352,2025-09-07 07:13:00,Transfer,UPI,308.4,Success,Dining,0
TX006745,47,2025-05-24 06:51:00,Purchase,Credit Card,468.19,Success,Groceries,0
TX006746,223,2025-03-09 10:09:00,Transfer,Credit Card,500.77,Success,Education,0
TX006747,204,2025-01-20 12:05:00,Transfer,Net Banking,487.15,Failed,Groceries,0
TX006748,180,2025-12-09 20:14:00,Purchase,Debit Card,1703.58,Success,Shopping,0
TX006749,209,2025-04-01 21:43:00,Purchase,Debit Card,713.18,Failed,Other,0
TX006750,227,2025-08-13 02:40:00,Transfer,Credit Card,941.44,Success,Utilities,0
TX006751,151,2025-11-25 10:44:00,Withdrawal,UPI,2345.13,Success,Travel,0
TX006752,410,2025-07-15 10:27:00,Transfer,UPI,571.71,Success,Other,0
TX006753,155,2025-02-17 12:10:00,Transfer,UPI,875.8,Success,Dining,0
TX006754,268,2025-06-25 20:40:00,Purchase,Credit Card,1496.52,Success,Healthcare,0
TX006755,54,2025-06-03 03:28:00,Transfer,Debit Card,210.54,Success,Healthcare,0
TX006756,136,2025-07-11 14:07:00,Withdrawal,UPI,144.44,Success,Shopping,0
TX006757,53,2025-11-10 16:20:00,Bill Payment,UPI,1471.74,Success,Other,0
TX006758,202,2025-12-24 19:52:00,Purchase,UPI,1666.05,Success,Other,0
TX006759,500,2025-11-12 17:08:00,Withdrawal,UPI,6339.7,Success,Utilities,0
TX006760,436,2025-10-08 00:59:00,Purchase,UPI,1254.36,Success,Healthcare,0
TX006761,482,2025-10-05 15:11:00,Purchase,Debit Card,2201.25,Success,Other,0
TX006762,54,2025-04-01 03:00:00,Purchase,Credit Card,928.76,Success,Dining,0
TX006763,329,2025-06-15 09:32:00,Purchase,Debit Card,1411.83,Success,Healthcare,0
TX006764,413,2025-11-19 01:52:00,Purchase,Credit Card,4524.07,Failed,Other,0
TX006765,213,2025-06-02 17:42:00,Purchase,Debit Card,180.3,Success,Shopping,0
TX006766,61,2025-03-07 02:22:00,Transfer,UPI,1558.65,Success,Healthcare,0
TX006767,311,2025-04-15 04:25:00,Transfer,Debit Card,6736.18,Success,Dining,0
TX006768,186,2025-02-16 03:58:00,Purchase,ATM,1393.72,Success,Education,0
TX006769,447,2025-01-06 15:08:00,Transfer,Net Banking,4460.37,Success,Other,0
TX006770,218,2025-09-12 22:09:00,Bill Payment,UPI,642.37,Success,Travel,0
TX006771,331,2025-10-06 18:12:00,Transfer,UPI,1067.16,Success,Other,0
TX006772,443,2025-03-22 23:15:00,Transfer,Credit Card,1128.33,Success,Shopping,0
TX006773,482,2025-10-21 02:14:00,Purchase,UPI,166.51,Success,Groceries,0
TX006774,346,2025-02-06 01:31:00,Purchase,Debit Card,406.28,Success,Other,0
TX006775,358,2025-02-08 06:28:00,Bill Payment,UPI,431.67,Success,Groceries,0
TX006776,427,2025-08-04 01:07:00,Purchase,Debit Card,2205.6,Success,Dining,0
TX006777,8,2025-11-29 02:26:00,Transfer,Credit Card,2301.53,Success,Utilities,0
TX006778,86,2025-07-26 03:18:00,Transfer,Net Banking,1444.37,Success,Education,0
TX006779,167,2025-07-22 09:04:00,Withdrawal,UPI,2209.42,Success,Education,0
TX006780,129,2025-04-28 05:15:00,Purchase,UPI,953.82,Success,Utilities,0
TX006781,269,2025-01-06 04:33:00,Bill Payment,UPI,3046.17,Success,Utilities,0
TX006782,212,2025-01-16 22:16:00,Refund,Debit Card,1104.86,Success,Travel,0
TX006783,442,2025-07-11 09:28:00,Withdrawal,Debit Card,87114.33,Success,Shopping,1
TX006784,234,2025-07-15 21:48:00,Purchase,ATM,875.02,Success,Utilities,0
TX006785,403,2025-09-21 19:17:00,Transfer,Debit Card,1962.12,Success,Shopping,0
TX006786,6,2025-06-15 09:45:00,Purchase,ATM,766.61,Success,Education,0
TX006787,293,2025-09-26 16:13:00,Purchase,UPI,2514.85,Success,Education,0
TX006788,484,2025-08-24 18:16:00,Purchase,UPI,418.92,Success,Travel,0
TX006789,500,2025-07-30 14:27:00,Refund,UPI,166789.73,Success,Other,1
TX006790,376,2025-02-18 19:42:00,Transfer,UPI,1967.09,Success,Utilities,0
TX006791,340,2025-07-23 09:10:00,Purchase,UPI,1017.13,Success,Utilities,0
TX006792,361,2025-11-18 03:15:00,Purchase,Debit Card,745.6,Success,Other,0
TX006793,331,2025-08-27 11:33:00,Purchase,UPI,2336.83,Success,Utilities,0
TX006794,395,2025-10-09 18:08:00,Withdrawal,ATM,654.47,Success,Healthcare,0
TX006795,234,2025-11-04 17:45:00,Bill Payment,Net Banking,925.03,Success,Shopping,0
TX006796,332,2025-07-07 17:43:00,Withdrawal,UPI,3602.36,Success,Groceries,0
TX006797,180,2025-04-27 22:30:00,Bill Payment,Debit Card,4057.29,Success,Utilities,0
TX006798,301,2025-05-30 01:13:00,Purchase,Credit Card,4173.62,Success,Dining,0
TX006799,34,2025-06-06 01:07:00,Transfer,UPI,862.81,Success,Utilities,0
TX006800,238,2025-08-05 22:09:00,Withdrawal,Debit Card,3121.59,Success,Dining,0
TX006801,169,2025-11-06 18:29:00,Purchase,Debit Card,489.5,Success,Travel,0
TX006802,243,2025-08-17 00:59:00,Purchase,UPI,507.32,Success,Other,0
TX006803,139,2025-08-02 16:27:00,Purchase,Net Banking,148.73,Success,Utilities,0
TX006804,283,2025-11-28 19:11:00,Withdrawal,ATM,4545.7,Success,Groceries,0
TX006805,454,2025-06-29 14:04:00,Transfer,ATM,526.17,Success,Groceries,0
TX006806,183,2025-06-16 07:51:00,Withdrawal,UPI,984.81,Success,Shopping,0
TX006807,494,2025-10-05 16:31:00,Transfer,ATM,505.84,Success,Utilities,0
TX006808,170,2025-05-06 04:32:00,Refund,Net Banking,1980.08,Success,Education,0
TX006809,257,2025-01-09 22:00:00,Withdrawal,Debit Card,796.89,Success,Groceries,0
TX006810,1,2025-02-07 20:15:00,Purchase,Credit Card,361.73,Success,Education,0
TX006811,439,2025-02-25 11:12:00,Purchase,UPI,1596.25,Reversed,Dining,0
TX006812,402,2025-06-26 00:51:00,Transfer,UPI,324.19,Success,Groceries,0
TX006813,202,2025-11-23 07:46:00,Transfer,Net Banking,538.19,Success,Education,0
TX006814,26,2025-08-15 06:41:00,Bill Payment,Net Banking,182.94,Success,Utilities,0
TX006815,429,2025-04-15 14:08:00,Transfer,Debit Card,326.89,Success,Groceries,0
TX006816,484,2025-09-07 20:04:00,Transfer,UPI,1276.34,Success,Groceries,0
TX006817,484,2025-08-13 23:55:00,Purchase,Net Banking,206.47,Success,Education,0
TX006818,128,2025-04-08 05:23:00,Transfer,UPI,311.38,Success,Groceries,0
TX006819,420,2025-04-07 04:14:00,Bill Payment,UPI,1094.43,Success,Groceries,0
TX006820,162,2025-10-12 08:21:00,Bill Payment,Debit Card,690.86,Success,Education,0
TX006821,285,2025-10-10 00:50:00,Transfer,UPI,5962.42,Success,Healthcare,0
TX006822,491,2025-06-13 14:15:00,Purchase,UPI,5212.49,Success,Healthcare,0
TX006823,482,2025-05-20 20:57:00,Bill Payment,UPI,524.41,Success,Education,0
TX006824,137,2025-12-25 21:42:00,Bill Payment,Debit Card,1760.88,Success,Other,0
TX006825,58,2025-03-23 14:46:00,Purchase,UPI,2073.29,Success,Dining,0
TX006826,175,2025-11-05 22:23:00,Purchase,UPI,659.94,Success,Dining,0
TX006827,326,2025-08-17 03:59:00,Refund,UPI,307.6,Success,Travel,0
TX006828,353,2025-09-12 13:15:00,Purchase,UPI,1085.23,Success,Shopping,0
TX006829,247,2025-01-15 16:46:00,Purchase,Net Banking,946.79,Success,Travel,0
TX006830,303,2025-05-24 09:57:00,Transfer,UPI,757.18,Success,Healthcare,0
TX006831,336,2025-08-13 14:02:00,Purchase,Debit Card,1597.14,Success,Travel,0
TX006832,341,2025-03-11 12:34:00,Purchase,ATM,579.33,Success,Other,0
TX006833,434,2025-12-17 04:13:00,Bill Payment,Credit Card,411.91,Success,Travel,0
TX006834,366,2025-09-10 12:16:00,Purchase,Credit Card,1203.18,Failed,Shopping,0
TX006835,195,2025-01-19 18:54:00,Bill Payment,Debit Card,1522.45,Success,Healthcare,0
TX006836,310,2025-02-26 12:35:00,Purchase,ATM,403.37,Success,Dining,0
TX006837,241,2025-04-03 01:49:00,Refund,UPI,2413.61,Success,Education,0
TX006838,357,2025-12-12 08:04:00,Transfer,Debit Card,243.49,Success,Education,0
TX006839,324,2025-09-26 10:42:00,Purchase,ATM,670.89,Success,Education,0
TX006840,158,2025-12-19 06:51:00,Withdrawal,Debit Card,880.68,Success,Travel,0
TX006841,405,2025-08-14 02:53:00,Purchase,UPI,638.56,Success,Other,0
TX006842,429,2025-07-25 11:40:00,Withdrawal,Debit Card,678.37,Success,Travel,0
TX006843,69,2025-12-28 11:27:00,Purchase,UPI,5379.84,Success,Groceries,0
TX006844,72,2025-11-27 02:42:00,Transfer,Net Banking,532.06,Success,Healthcare,0
TX006845,319,2025-05-14 17:58:00,Transfer,ATM,8734.52,Success,Healthcare,0
TX006846,290,2025-11-14 02:38:00,Bill Payment,Debit Card,1590.11,Success,Groceries,0
TX006847,254,2025-07-08 18:06:00,Purchase,Net Banking,1185.89,Success,Shopping,0
TX006848,179,2025-07-31 17:24:00,Bill Payment,UPI,1643.86,Success,Dining,0
TX006849,168,2025-08-01 06:20:00,Withdrawal,UPI,9418.57,Success,Groceries,0
TX006850,494,2025-09-30 18:07:00,Purchase,UPI,471.28,Success,Travel,0
TX006851,393,2025-05-20 12:32:00,Refund,Net Banking,423.12,Success,Healthcare,0
TX006852,53,2025-11-28 11:12:00,Withdrawal,Debit Card,577.3,Success,Utilities,0
TX006853,254,2025-09-13 03:58:00,Purchase,UPI,1127.01,Success,Groceries,0
TX006854,67,2025-07-11 00:34:00,Withdrawal,UPI,252.93,Success,Other,0
TX006855,199,2025-03-26 14:52:00,Bill Payment,UPI,1117.66,Success,Groceries,0
TX006856,93,2025-08-25 11:52:00,Refund,Net Banking,4626.31,Failed,Shopping,0
TX006857,371,2025-05-14 11:45:00,Purchase,UPI,1247.25,Success,Other,0
TX006858,20,2025-10-23 11:15:00,Purchase,UPI,855.1,Success,Travel,0
TX006859,138,2025-09-04 20:32:00,Transfer,Credit Card,648.44,Success,Travel,0
TX006860,244,2025-02-17 14:07:00,Transfer,Credit Card,2353.68,Success,Dining,0
TX006861,374,2025-09-29 01:01:00,Withdrawal,UPI,543.51,Success,Utilities,0
TX006862,421,2025-09-21 00:37:00,Refund,UPI,5268.16,Success,Utilities,0
TX006863,132,2025-01-13 22:28:00,Bill Payment,ATM,5672.33,Success,Shopping,0
TX006864,24,2025-10-06 02:33:00,Purchase,UPI,1364.08,Success,Groceries,0
TX006865,3,2025-04-07 23:19:00,Purchase,Debit Card,1085.95,Success,Utilities,0
TX006866,101,2025-04-08 13:27:00,Purchase,Debit Card,2633.48,Success,Shopping,0
TX006867,113,2025-05-02 18:37:00,Purchase,UPI,2781.04,Success,Travel,0
TX006868,270,2025-10-08 09:33:00,Purchase,UPI,552.75,Success,Other,0
TX006869,153,2025-07-12 22:07:00,Withdrawal,Debit Card,700.94,Success,Healthcare,0
TX006870,251,2025-09-17 00:38:00,Bill Payment,Net Banking,356.38,Success,Groceries,0
TX006871,236,2025-08-16 02:23:00,Refund,ATM,1552.63,Success,Dining,0
TX006872,6,2025-04-21 16:14:00,Purchase,Net Banking,1932.62,Success,Healthcare,0
TX006873,8,2025-05-02 07:05:00,Purchase,Net Banking,348.13,Success,Groceries,0
TX006874,331,2025-05-25 19:22:00,Purchase,ATM,744.77,Success,Utilities,0
TX006875,84,2025-03-15 12:42:00,Purchase,UPI,348.92,Success,Education,0
TX006876,123,2025-09-09 07:03:00,Purchase,UPI,510.82,Success,Other,0
TX006877,430,2025-11-04 22:44:00,Purchase,Net Banking,1751.74,Success,Travel,0
TX006878,391,2025-09-02 13:00:00,Withdrawal,UPI,587.89,Success,Groceries,0
TX006879,500,2025-11-01 12:01:00,Purchase,UPI,849.2,Success,Utilities,0
TX006880,284,2025-05-30 16:44:00,Transfer,Net Banking,275.0,Success,Utilities,0
TX006881,326,2025-04-15 16:46:00,Bill Payment,UPI,1285.55,Success,Utilities,0
TX006882,88,2025-04-15 13:58:00,Purchase,UPI,1056.13,Success,Groceries,0
TX006883,8,2025-01-10 21:56:00,Purchase,UPI,590.15,Success,Utilities,0
TX006884,136,2025-08-30 03:12:00,Purchase,UPI,933.87,Success,Travel,0
TX006885,366,2025-12-06 08:07:00,Purchase,UPI,1278.25,Success,Education,0
TX006886,60,2025-08-20 15:21:00,Bill Payment,ATM,548.6,Success,Dining,0
TX006887,209,2025-09-25 16:44:00,Transfer,UPI,312.68,Success,Other,0
TX006888,235,2025-07-31 04:18:00,Bill Payment,UPI,5088.5,Success,Shopping,0
TX006889,1,2025-08-22 17:20:00,Transfer,Debit Card,640.16,Success,Shopping,0
TX006890,193,2025-01-20 22:24:00,Purchase,ATM,1010.05,Success,Healthcare,0
TX006891,217,2025-06-21 01:54:00,Bill Payment,UPI,2589.48,Success,Shopping,0
TX006892,220,2025-03-10 02:11:00,Transfer,UPI,22019.79,Success,Other,0
TX006893,363,2025-06-14 00:17:00,Bill Payment,UPI,380.77,Success,Dining,0
TX006894,100,2025-12-11 13:17:00,Transfer,UPI,1607.37,Success,Utilities,0
TX006895,96,2025-12-28 00:49:00,Purchase,Debit Card,600.99,Success,Travel,0
TX006896,101,2025-07-02 01:57:00,Bill Payment,UPI,693.69,Success,Groceries,0
TX006897,198,2025-02-22 15:04:00,Transfer,UPI,594.56,Success,Groceries,0
TX006898,450,2025-09-19 19:32:00,Transfer,ATM,421.24,Success,Healthcare,0
TX006899,474,2025-02-28 09:37:00,Purchase,ATM,1058.81,Success,Other,0
TX006900,346,2025-01-10 13:39:00,Transfer,Net Banking,313.15,Success,Shopping,0
TX006901,464,2025-11-15 09:20:00,Transfer,UPI,2452.31,Success,Shopping,0
TX006902,101,2025-08-23 00:11:00,Bill Payment,UPI,1149.12,Success,Healthcare,0
TX006903,284,2025-10-26 04:31:00,Withdrawal,Net Banking,1570.38,Success,Other,0
TX006904,261,2025-08-23 10:46:00,Bill Payment,UPI,737.85,Success,Groceries,0
TX006905,175,2025-03-30 05:19:00,Withdrawal,Debit Card,802.62,Success,Other,0
TX006906,186,2025-07-27 16:04:00,Purchase,Debit Card,1400.28,Success,Other,0
TX006907,67,2025-03-23 22:02:00,Purchase,Credit Card,407.71,Success,Groceries,0
TX006908,287,2025-06-03 09:59:00,Bill Payment,UPI,808.93,Success,Dining,0
TX006909,202,2025-09-06 01:02:00,Transfer,Debit Card,528.12,Success,Travel,0
TX006910,138,2025-07-19 09:58:00,Purchase,UPI,514.41,Success,Groceries,0
TX006911,285,2025-08-21 07:08:00,Withdrawal,Debit Card,182.48,Success,Groceries,0
TX006912,383,2025-03-04 21:11:00,Purchase,UPI,3423.53,Success,Dining,0
TX006913,457,2025-08-16 21:12:00,Purchase,UPI,611.82,Success,Healthcare,0
TX006914,182,2025-09-27 00:17:00,Purchase,Credit Card,2947.96,Success,Education,0
TX006915,229,2025-06-03 05:42:00,Bill Payment,Debit Card,2720.23,Failed,Dining,0
TX006916,487,2025-01-18 23:15:00,Withdrawal,Debit Card,367.57,Success,Shopping,0
TX006917,218,2025-10-27 02:19:00,Purchase,Net Banking,434.78,Success,Shopping,0
TX006918,367,2025-02-26 18:07:00,Purchase,UPI,9666.56,Success,Utilities,0
TX006919,209,2025-08-19 19:17:00,Purchase,ATM,4857.54,Success,Shopping,0
TX006920,245,2025-01-26 22:07:00,Purchase,Net Banking,1067.64,Success,Travel,0
TX006921,23,2025-08-10 14:52:00,Purchase,Credit Card,1364.81,Success,Groceries,0
TX006922,317,2025-11-29 15:53:00,Bill Payment,UPI,641.48,Failed,Utilities,0
TX006923,84,2025-12-27 22:57:00,Purchase,Credit Card,1583.67,Success,Other,0
TX006924,145,2025-06-09 11:32:00,Transfer,UPI,596.09,Success,Education,0
TX006925,149,2025-04-13 14:29:00,Purchase,UPI,194.9,Success,Other,0
TX006926,338,2025-09-26 08:27:00,Purchase,Debit Card,356.62,Success,Groceries,0
TX006927,56,2025-02-19 05:27:00,Purchase,Net Banking,1116.47,Success,Healthcare,0
TX006928,201,2025-08-09 15:19:00,Transfer,ATM,419.3,Success,Other,0
TX006929,158,2025-09-18 20:30:00,Transfer,UPI,1035.68,Success,Groceries,0
TX006930,337,2025-12-19 18:46:00,Withdrawal,UPI,439.9,Success,Travel,0
TX006931,375,2025-11-02 19:37:00,Withdrawal,Net Banking,563.97,Success,Shopping,0
TX006932,9,2025-09-17 13:46:00,Bill Payment,UPI,2264.68,Success,Travel,0
TX006933,31,2025-06-16 21:44:00,Purchase,Net Banking,1353.38,Success,Groceries,0
TX006934,410,2025-05-07 17:00:00,Purchase,UPI,1087.66,Success,Other,0
TX006935,282,2025-04-26 05:35:00,Purchase,UPI,2314.89,Success,Healthcare,0
TX006936,332,2025-02-12 03:32:00,Purchase,UPI,1649.98,Failed,Healthcare,0
TX006937,207,2025-01-08 15:40:00,Transfer,UPI,3750.25,Failed,Other,0
TX006938,27,2025-09-07 12:14:00,Purchase,UPI,741.83,Success,Travel,0
TX006939,494,2025-05-02 22:52:00,Purchase,UPI,761.13,Success,Other,0
TX006940,434,2025-02-05 00:44:00,Purchase,Credit Card,362.87,Success,Groceries,0
TX006941,202,2025-02-08 05:50:00,Transfer,UPI,761.56,Success,Other,0
TX006942,96,2025-12-11 19:25:00,Purchase,UPI,2490.04,Success,Shopping,0
TX006943,256,2025-11-23 11:23:00,Purchase,UPI,3310.95,Success,Groceries,0
TX006944,280,2025-08-24 21:52:00,Refund,UPI,2480.61,Success,Groceries,0
TX006945,281,2025-07-08 10:30:00,Purchase,Net Banking,238.64,Success,Utilities,0
TX006946,163,2025-10-06 19:14:00,Bill Payment,Net Banking,2753.62,Success,Groceries,0
TX006947,473,2025-12-05 20:23:00,Transfer,Credit Card,229.81,Success,Travel,0
TX006948,484,2025-10-09 10:56:00,Withdrawal,UPI,2352.89,Success,Travel,0
TX006949,85,2025-10-31 21:10:00,Withdrawal,Debit Card,802.22,Success,Utilities,0
TX006950,339,2025-09-13 03:43:00,Bill Payment,Debit Card,1992.52,Success,Dining,0
TX006951,376,2025-01-28 23:44:00,Purchase,Debit Card,353.34,Success,Healthcare,0
TX006952,136,2025-08-20 12:46:00,Purchase,Credit Card,2967.55,Success,Education,0
TX006953,134,2025-08-23 18:07:00,Purchase,UPI,315.69,Success,Education,0
TX006954,431,2025-06-09 05:35:00,Bill Payment,Debit Card,621.3,Success,Travel,0
TX006955,488,2025-10-06 20:51:00,Purchase,Debit Card,469.48,Success,Utilities,0
TX006956,420,2025-04-09 16:49:00,Purchase,Credit Card,246.87,Success,Shopping,0
TX006957,340,2025-05-21 07:47:00,Transfer,Debit Card,50456.7,Success,Utilities,1
TX006958,129,2025-12-16 18:11:00,Purchase,Debit Card,5090.73,Success,Shopping,0
TX006959,98,2025-09-28 07:10:00,Withdrawal,ATM,10581.57,Success,Utilities,0
TX006960,344,2025-04-01 15:20:00,Withdrawal,UPI,1191.04,Success,Utilities,0
TX006961,9,2025-01-30 23:32:00,Purchase,ATM,2833.25,Success,Healthcare,0
TX006962,376,2025-02-12 15:32:00,Transfer,UPI,1335.79,Success,Education,0
TX006963,487,2025-08-02 12:17:00,Purchase,UPI,1675.81,Failed,Dining,0
TX006964,1,2025-09-03 04:19:00,Purchase,UPI,819.89,Success,Other,0
TX006965,201,2025-11-24 00:27:00,Transfer,Credit Card,1294.42,Success,Shopping,0
TX006966,455,2025-10-20 20:04:00,Purchase,Net Banking,1731.7,Failed,Groceries,0
TX006967,201,2025-05-23 08:59:00,Withdrawal,Debit Card,670.69,Success,Healthcare,0
TX006968,182,2025-01-08 05:01:00,Transfer,UPI,1026.73,Success,Groceries,0
TX006969,348,2025-08-10 12:25:00,Purchase,UPI,1043.5,Success,Healthcare,0
TX006970,25,2025-09-09 21:24:00,Withdrawal,Credit Card,2213.75,Success,Healthcare,0
TX006971,457,2025-06-06 22:50:00,Bill Payment,UPI,443.13,Success,Dining,0
TX006972,397,2025-01-25 14:04:00,Bill Payment,UPI,1049.63,Success,Healthcare,0
TX006973,7,2025-09-12 13:24:00,Purchase,Debit Card,5570.3,Success,Groceries,0
TX006974,226,2025-05-26 05:53:00,Purchase,UPI,2949.68,Success,Dining,0
TX006975,313,2025-11-16 10:32:00,Transfer,UPI,3452.32,Success,Shopping,0
TX006976,69,2025-11-01 22:55:00,Bill Payment,UPI,1119.65,Success,Travel,0
TX006977,499,2025-02-13 06:57:00,Withdrawal,UPI,1440.65,Success,Groceries,0
TX006978,143,2025-03-10 13:10:00,Bill Payment,UPI,2570.62,Success,Travel,0
TX006979,171,2025-10-26 00:22:00,Purchase,Debit Card,4130.76,Success,Utilities,0
TX006980,318,2025-04-28 07:47:00,Purchase,Debit Card,208.75,Success,Shopping,0
TX006981,485,2025-08-01 08:24:00,Purchase,UPI,358.48,Success,Healthcare,0
TX006982,452,2025-05-25 01:06:00,Transfer,UPI,3337.67,Success,Travel,0
TX006983,455,2025-04-25 20:41:00,Purchase,Credit Card,866.66,Success,Shopping,0
TX006984,307,2025-12-07 02:08:00,Purchase,UPI,619.58,Success,Groceries,0
TX006985,391,2025-10-28 21:42:00,Withdrawal,UPI,377.65,Success,Travel,0
TX006986,2,2025-04-01 16:28:00,Transfer,Net Banking,72833.87,Success,Travel,1
TX006987,417,2025-10-07 18:41:00,Purchase,Debit Card,332.95,Success,Healthcare,0
TX006988,251,2025-09-14 10:12:00,Transfer,Net Banking,6486.19,Success,Education,0
TX006989,44,2025-07-24 19:15:00,Purchase,Net Banking,1075.92,Success,Groceries,0
TX006990,144,2025-03-23 07:58:00,Withdrawal,UPI,1043.92,Success,Education,0
TX006991,368,2025-01-28 06:25:00,Purchase,Debit Card,1807.8,Success,Other,0
TX006992,354,2025-11-02 20:35:00,Bill Payment,UPI,2484.91,Success,Groceries,0
TX006993,87,2025-09-21 15:53:00,Purchase,Credit Card,2450.4,Success,Education,0
TX006994,183,2025-09-20 12:27:00,Purchase,UPI,2731.42,Success,Healthcare,0
TX006995,197,2025-07-16 22:42:00,Transfer,UPI,641.48,Failed,Shopping,0
TX006996,436,2025-03-11 21:30:00,Transfer,UPI,851.34,Success,Travel,0
TX006997,273,2025-01-16 12:40:00,Purchase,Debit Card,2108.38,Success,Dining,0
TX006998,156,2025-04-03 20:22:00,Purchase,Credit Card,700.45,Success,Other,0
TX006999,463,2025-03-26 09:54:00,Purchase,Debit Card,1091.88,Failed,Groceries,0
TX007000,263,2025-04-30 21:21:00,Purchase,UPI,1539.09,Success,Other,0
TX007001,201,2025-10-02 10:24:00,Purchase,Debit Card,2137.53,Success,Groceries,0
TX007002,7,2025-02-27 16:32:00,Purchase,Debit Card,242.01,Success,Healthcare,0
TX007003,81,2025-11-05 08:45:00,Purchase,UPI,2013.31,Success,Travel,0
TX007004,405,2025-12-22 12:47:00,Bill Payment,UPI,899.05,Success,Education,0
TX007005,377,2025-01-02 15:34:00,Bill Payment,ATM,2000.87,Success,Education,0
TX007006,485,2025-11-21 19:48:00,Purchase,UPI,2122.59,Success,Utilities,0
TX007007,362,2025-04-24 00:36:00,Purchase,UPI,4301.54,Success,Shopping,0
TX007008,286,2025-10-25 19:40:00,Purchase,Credit Card,3464.89,Success,Dining,0
TX007009,370,2025-04-18 06:04:00,Transfer,UPI,3444.68,Success,Education,0
TX007010,100,2025-07-11 21:02:00,Bill Payment,UPI,3741.04,Reversed,Education,0
TX007011,309,2025-10-03 01:34:00,Purchase,UPI,1404.83,Success,Education,0
TX007012,23,2025-02-20 01:01:00,Transfer,UPI,1127.05,Success,Shopping,0
TX007013,444,2025-01-28 22:27:00,Purchase,ATM,2302.83,Success,Travel,0
TX007014,317,2025-01-16 10:54:00,Withdrawal,Credit Card,2043.19,Success,Groceries,0
TX007015,39,2025-05-11 16:14:00,Purchase,Credit Card,843.28,Success,Shopping,0
TX007016,477,2025-12-29 17:20:00,Purchase,UPI,1547.04,Success,Dining,0
TX007017,178,2025-04-10 12:46:00,Withdrawal,Debit Card,1064.4,Success,Travel,0
TX007018,156,2025-08-25 21:04:00,Transfer,Net Banking,530.68,Success,Groceries,0
TX007019,235,2025-10-20 06:43:00,Bill Payment,UPI,3284.24,Success,Shopping,0
TX007020,305,2025-05-10 10:48:00,Bill Payment,UPI,1149.31,Success,Education,0
TX007021,229,2025-06-12 13:13:00,Bill Payment,UPI,6256.66,Success,Healthcare,0
TX007022,248,2025-10-17 14:32:00,Bill Payment,Debit Card,275.43,Success,Groceries,0
TX007023,334,2025-03-22 01:55:00,Purchase,Debit Card,683.17,Success,Dining,0
TX007024,93,2025-12-20 22:19:00,Purchase,UPI,1127.48,Success,Travel,0
TX007025,426,2025-06-08 05:08:00,Withdrawal,UPI,2883.54,Success,Travel,0
TX007026,329,2025-04-11 05:11:00,Transfer,Credit Card,1540.02,Success,Dining,0
TX007027,335,2025-03-30 03:18:00,Purchase,Debit Card,1427.82,Success,Other,0
TX007028,349,2025-05-12 16:27:00,Withdrawal,Debit Card,420.66,Success,Dining,0
TX007029,446,2025-11-29 04:46:00,Purchase,UPI,410.18,Success,Education,0
TX007030,157,2025-01-10 08:08:00,Bill Payment,UPI,1442.49,Success,Healthcare,0
TX007031,212,2025-09-04 08:14:00,Transfer,UPI,343.95,Success,Education,0
TX007032,425,2025-02-16 00:32:00,Purchase,UPI,697.78,Success,Other,0
TX007033,246,2025-05-20 05:41:00,Purchase,UPI,1678.71,Failed,Other,0
TX007034,391,2025-02-14 04:52:00,Purchase,UPI,475.81,Success,Groceries,0
TX007035,400,2025-02-16 11:59:00,Transfer,Net Banking,4292.19,Success,Education,0
TX007036,494,2025-05-05 10:59:00,Purchase,UPI,3103.69,Success,Education,0
TX007037,92,2025-06-15 09:31:00,Purchase,UPI,288.38,Success,Shopping,0
TX007038,399,2025-04-22 00:42:00,Transfer,ATM,496.45,Failed,Shopping,0
TX007039,310,2025-06-13 10:54:00,Purchase,UPI,157.13,Success,Utilities,0
TX007040,93,2025-09-07 16:57:00,Purchase,Debit Card,563.86,Success,Dining,0
TX007041,254,2025-11-12 03:46:00,Purchase,Debit Card,2103.65,Success,Groceries,0
TX007042,35,2025-12-11 00:22:00,Transfer,Credit Card,771.39,Success,Utilities,0
TX007043,428,2025-06-12 11:36:00,Purchase,Net Banking,1622.43,Success,Utilities,0
TX007044,444,2025-11-13 23:23:00,Transfer,UPI,300.67,Success,Shopping,0
TX007045,139,2025-08-26 04:21:00,Refund,Net Banking,2160.9,Success,Other,0
TX007046,461,2025-09-18 23:32:00,Purchase,UPI,684.14,Success,Dining,0
TX007047,32,2025-02-26 17:43:00,Transfer,ATM,1108.04,Success,Groceries,0
TX007048,155,2025-09-12 10:54:00,Purchase,Debit Card,1013.39,Success,Groceries,0
TX007049,277,2025-09-17 07:04:00,Transfer,UPI,372.11,Success,Utilities,0
TX007050,250,2025-03-02 06:39:00,Purchase,Net Banking,411.53,Success,Other,0
TX007051,100,2025-06-24 22:01:00,Withdrawal,Debit Card,2496.45,Success,Education,0
TX007052,81,2025-01-24 15:47:00,Withdrawal,UPI,1539.39,Success,Shopping,0
TX007053,380,2025-07-12 01:43:00,Withdrawal,UPI,2677.24,Success,Shopping,0
TX007054,464,2025-01-28 10:34:00,Transfer,Net Banking,1445.14,Success,Travel,0
TX007055,218,2025-03-03 18:07:00,Purchase,Credit Card,1238.36,Success,Education,0
TX007056,246,2025-11-17 08:36:00,Bill Payment,UPI,252.87,Success,Utilities,0
TX007057,160,2025-06-19 02:21:00,Transfer,Debit Card,871.48,Success,Education,0
TX007058,334,2025-12-22 00:53:00,Bill Payment,Debit Card,1071.4,Reversed,Other,0
TX007059,53,2025-05-23 21:02:00,Bill Payment,UPI,5768.35,Success,Healthcare,0
TX007060,236,2025-08-10 23:30:00,Purchase,Debit Card,1966.31,Success,Healthcare,0
TX007061,78,2025-08-06 14:23:00,Transfer,ATM,4046.68,Success,Dining,0
TX007062,389,2025-01-26 13:15:00,Purchase,UPI,1822.4,Success,Dining,0
TX007063,245,2025-10-31 00:47:00,Bill Payment,Credit Card,599.08,Success,Healthcare,0
TX007064,266,2025-12-28 03:06:00,Purchase,UPI,1211.43,Success,Healthcare,0
TX007065,44,2025-06-11 21:06:00,Purchase,Debit Card,173425.44,Success,Other,1
TX007066,335,2025-06-05 15:00:00,Refund,Debit Card,493.6,Success,Travel,0
TX007067,407,2025-11-05 16:07:00,Purchase,Net Banking,790.98,Success,Shopping,0
TX007068,205,2025-11-20 22:23:00,Purchase,UPI,920.67,Success,Healthcare,0
TX007069,126,2025-03-30 12:00:00,Transfer,Credit Card,4293.15,Success,Travel,0
TX007070,17,2025-02-06 11:50:00,Purchase,ATM,187.05,Success,Travel,0
TX007071,150,2025-07-30 22:12:00,Transfer,Debit Card,3056.26,Success,Other,0
TX007072,242,2025-01-16 09:25:00,Purchase,Credit Card,494.59,Success,Utilities,0
TX007073,190,2025-07-20 22:12:00,Purchase,UPI,341.63,Success,Shopping,0
TX007074,169,2025-04-22 15:15:00,Purchase,Net Banking,2989.77,Success,Other,0
TX007075,316,2025-07-05 19:00:00,Transfer,Net Banking,2042.87,Success,Education,0
TX007076,121,2025-06-02 16:23:00,Transfer,Net Banking,3185.42,Success,Dining,0
TX007077,460,2025-07-31 00:10:00,Transfer,UPI,2165.91,Failed,Shopping,0
TX007078,385,2025-02-18 03:56:00,Withdrawal,Net Banking,6316.17,Success,Groceries,0
TX007079,194,2025-10-26 19:15:00,Withdrawal,UPI,1763.25,Reversed,Dining,0
TX007080,76,2025-08-13 06:36:00,Transfer,UPI,960.06,Success,Utilities,0
TX007081,137,2025-06-12 17:03:00,Purchase,UPI,1467.75,Success,Groceries,0
TX007082,221,2025-08-08 04:48:00,Transfer,Debit Card,3155.65,Success,Shopping,0
TX007083,258,2025-06-24 19:26:00,Purchase,UPI,565.4,Success,Utilities,0
TX007084,371,2025-08-04 13:22:00,Transfer,UPI,630.11,Failed,Groceries,0
TX007085,54,2025-05-15 09:04:00,Bill Payment,Net Banking,843.35,Success,Healthcare,0
TX007086,319,2025-05-08 04:53:00,Bill Payment,Debit Card,183.3,Success,Groceries,0
TX007087,371,2025-08-17 16:08:00,Refund,Debit Card,1233.2,Success,Groceries,0
TX007088,4,2025-11-11 17:31:00,Refund,Credit Card,220.7,Success,Groceries,0
TX007089,41,2025-10-20 16:11:00,Withdrawal,UPI,1147.22,Success,Shopping,0
TX007090,470,2025-03-29 11:19:00,Purchase,Net Banking,2288.14,Success,Travel,0
TX007091,377,2025-11-18 06:11:00,Purchase,Net Banking,731.18,Success,Utilities,0
TX007092,296,2025-01-30 20:32:00,Withdrawal,Debit Card,4562.15,Success,Education,0
TX007093,432,2025-12-27 21:09:00,Refund,Debit Card,316.9,Success,Travel,0
TX007094,121,2025-05-19 02:09:00,Purchase,Debit Card,3018.67,Failed,Utilities,0
TX007095,10,2025-11-27 20:56:00,Bill Payment,UPI,1946.65,Success,Shopping,0
TX007096,403,2025-05-25 21:04:00,Purchase,Debit Card,255.03,Success,Travel,0
TX007097,216,2025-10-28 04:34:00,Transfer,UPI,10983.78,Success,Shopping,0
TX007098,380,2025-06-01 14:08:00,Purchase,UPI,1038.79,Success,Shopping,0
TX007099,336,2025-04-08 02:55:00,Bill Payment,Debit Card,520.16,Success,Education,0
TX007100,18,2025-12-11 09:34:00,Purchase,UPI,331.62,Success,Groceries,0
TX007101,184,2025-03-22 06:13:00,Purchase,Net Banking,909.58,Success,Dining,0
TX007102,347,2025-12-26 22:59:00,Refund,Debit Card,984.08,Success,Groceries,0
TX007103,443,2025-10-19 01:47:00,Purchase,Debit Card,1196.61,Success,Healthcare,0
TX007104,166,2025-05-10 17:11:00,Refund,UPI,851.39,Success,Utilities,0
TX007105,368,2025-04-13 23:16:00,Purchase,UPI,1878.52,Success,Dining,0
TX007106,52,2025-01-30 07:52:00,Bill Payment,Debit Card,788.8,Success,Groceries,0
TX007107,121,2025-07-06 19:28:00,Transfer,Debit Card,211.72,Success,Education,0
TX007108,255,2025-06-10 10:05:00,Transfer,Debit Card,965.88,Success,Travel,0
TX007109,260,2025-11-29 17:31:00,Bill Payment,Credit Card,146.59,Success,Groceries,0
TX007110,134,2025-09-11 01:20:00,Refund,Debit Card,1481.34,Success,Utilities,0
TX007111,168,2025-10-09 16:22:00,Bill Payment,Debit Card,477.04,Success,Shopping,0
TX007112,312,2025-09-18 08:14:00,Withdrawal,Debit Card,1259.99,Success,Other,0
TX007113,242,2025-03-17 01:22:00,Withdrawal,UPI,3350.83,Success,Education,0
TX007114,291,2025-08-22 21:53:00,Transfer,Debit Card,489.59,Success,Dining,0
TX007115,267,2025-06-17 00:39:00,Bill Payment,UPI,2702.87,Failed,Healthcare,0
TX007116,354,2025-08-27 01:15:00,Purchase,UPI,758.71,Success,Travel,0
TX007117,125,2025-09-16 15:43:00,Bill Payment,UPI,4866.92,Success,Groceries,0
TX007118,496,2025-04-11 13:02:00,Transfer,UPI,804.02,Success,Utilities,0
TX007119,350,2025-03-12 00:22:00,Transfer,Debit Card,536.78,Success,Dining,0
TX007120,348,2025-04-29 11:01:00,Purchase,UPI,1966.78,Success,Utilities,0
TX007121,166,2025-11-03 12:21:00,Purchase,UPI,757.16,Failed,Other,0
TX007122,32,2025-01-23 19:33:00,Bill Payment,UPI,536.34,Success,Healthcare,0
TX007123,75,2025-08-03 09:07:00,Purchase,Debit Card,730.58,Success,Dining,0
TX007124,264,2025-12-19 23:48:00,Purchase,UPI,1055.83,Success,Healthcare,0
TX007125,476,2025-10-03 15:55:00,Purchase,Credit Card,3431.84,Success,Education,0
TX007126,419,2025-10-14 20:39:00,Purchase,Credit Card,211.88,Success,Groceries,0
TX007127,1,2025-01-29 00:58:00,Purchase,Credit Card,1118.36,Success,Travel,0
TX007128,215,2025-06-15 13:43:00,Transfer,UPI,1865.28,Success,Education,0
TX007129,334,2025-06-19 04:37:00,Bill Payment,UPI,1292.63,Success,Shopping,0
TX007130,199,2025-07-03 20:14:00,Purchase,UPI,3338.86,Success,Utilities,0
TX007131,90,2025-10-19 23:34:00,Transfer,Credit Card,1029.48,Success,Groceries,0
TX007132,161,2025-12-24 07:38:00,Purchase,Credit Card,937.42,Success,Groceries,0
TX007133,176,2025-09-23 19:53:00,Transfer,UPI,1814.35,Success,Dining,0
TX007134,83,2025-07-11 00:58:00,Transfer,UPI,1193.23,Success,Other,0
TX007135,252,2025-03-07 05:14:00,Purchase,Credit Card,786.94,Success,Travel,0
TX007136,489,2025-01-19 08:29:00,Bill Payment,UPI,1700.58,Failed,Healthcare,0
TX007137,380,2025-06-17 16:31:00,Bill Payment,Debit Card,629.77,Success,Travel,0
TX007138,192,2025-05-04 15:13:00,Purchase,Debit Card,652.3,Success,Healthcare,0
TX007139,86,2025-08-15 17:16:00,Purchase,UPI,700.09,Success,Other,0
TX007140,102,2025-02-16 16:21:00,Transfer,UPI,3463.76,Success,Utilities,0
TX007141,291,2025-07-14 16:38:00,Purchase,UPI,70.96,Success,Other,0
TX007142,89,2025-05-20 19:04:00,Purchase,UPI,1534.96,Success,Utilities,0
TX007143,17,2025-04-24 17:30:00,Transfer,Net Banking,1129.05,Success,Shopping,0
TX007144,55,2025-04-16 22:52:00,Purchase,Credit Card,262.77,Success,Shopping,0
TX007145,32,2025-03-21 14:51:00,Purchase,UPI,1426.91,Success,Groceries,0
TX007146,60,2025-02-11 04:28:00,Purchase,UPI,1643.18,Success,Travel,0
TX007147,145,2025-04-01 09:58:00,Transfer,Debit Card,1810.2,Success,Healthcare,0
TX007148,172,2025-08-30 16:17:00,Bill Payment,UPI,115.12,Success,Other,0
TX007149,13,2025-12-10 03:02:00,Transfer,UPI,3503.2,Success,Education,0
TX007150,319,2025-12-07 10:25:00,Transfer,Debit Card,585.77,Success,Other,0
TX007151,357,2025-03-08 22:20:00,Purchase,Credit Card,1965.66,Success,Travel,0
TX007152,33,2025-03-19 01:47:00,Purchase,Net Banking,2058.87,Success,Education,0
TX007153,232,2025-03-03 03:04:00,Withdrawal,Credit Card,520.51,Success,Groceries,0
TX007154,485,2025-01-15 14:02:00,Purchase,Net Banking,1922.52,Success,Healthcare,0
TX007155,25,2025-08-28 15:06:00,Bill Payment,UPI,790.24,Success,Travel,0
TX007156,74,2025-11-18 23:38:00,Bill Payment,Net Banking,188.54,Failed,Dining,0
TX007157,73,2025-02-16 19:36:00,Bill Payment,UPI,2958.92,Success,Utilities,0
TX007158,108,2025-10-06 03:33:00,Transfer,Net Banking,567.48,Success,Travel,0
TX007159,221,2025-12-25 13:39:00,Purchase,Net Banking,530.43,Success,Dining,0
TX007160,467,2025-11-16 13:01:00,Purchase,Debit Card,778.52,Success,Healthcare,0
TX007161,460,2025-01-25 17:41:00,Withdrawal,UPI,1382.16,Success,Utilities,0
TX007162,123,2025-08-01 05:26:00,Purchase,UPI,1044.53,Success,Education,0
TX007163,6,2025-03-08 04:18:00,Purchase,UPI,1747.35,Success,Dining,0
TX007164,174,2025-10-18 04:12:00,Transfer,Credit Card,351.23,Success,Shopping,0
TX007165,229,2025-01-26 04:35:00,Withdrawal,Debit Card,583.46,Success,Groceries,0
TX007166,266,2025-09-01 23:02:00,Purchase,Debit Card,993.67,Success,Other,0
TX007167,271,2025-04-04 23:55:00,Transfer,UPI,5503.86,Success,Dining,0
TX007168,397,2025-07-05 07:20:00,Transfer,UPI,995.51,Success,Shopping,0
TX007169,208,2025-05-22 21:30:00,Purchase,UPI,2758.49,Success,Other,0
TX007170,60,2025-02-13 12:27:00,Transfer,UPI,1133.17,Success,Other,0
TX007171,368,2025-06-10 09:24:00,Transfer,UPI,726.97,Success,Education,0
TX007172,225,2025-12-21 00:49:00,Transfer,UPI,889.17,Success,Shopping,0
TX007173,355,2025-12-26 14:24:00,Purchase,Debit Card,950.36,Success,Travel,0
TX007174,163,2025-06-01 05:46:00,Transfer,Net Banking,1831.88,Success,Healthcare,0
TX007175,142,2025-08-17 14:24:00,Withdrawal,Debit Card,3527.76,Success,Other,0
TX007176,327,2025-10-21 21:02:00,Purchase,Debit Card,1488.8,Success,Other,0
TX007177,329,2025-01-21 02:57:00,Bill Payment,Debit Card,3007.96,Failed,Groceries,0
TX007178,11,2025-01-26 22:28:00,Transfer,UPI,482.96,Success,Other,0
TX007179,89,2025-12-17 02:03:00,Purchase,UPI,770.9,Success,Healthcare,0
TX007180,196,2025-06-13 00:55:00,Transfer,UPI,592.5,Success,Utilities,0
TX007181,168,2025-11-06 22:29:00,Bill Payment,Debit Card,1432.65,Success,Education,0
TX007182,165,2025-02-26 19:15:00,Bill Payment,UPI,808.26,Success,Dining,0
TX007183,111,2025-06-09 09:15:00,Purchase,Debit Card,2039.19,Success,Utilities,0
TX007184,66,2025-01-19 16:09:00,Purchase,UPI,497.03,Success,Groceries,0
TX007185,235,2025-02-28 22:59:00,Purchase,UPI,1137.49,Success,Travel,0
TX007186,371,2025-04-12 10:23:00,Transfer,UPI,1966.14,Success,Shopping,0
TX007187,225,2025-03-03 23:35:00,Purchase,UPI,189.52,Success,Travel,0
TX007188,377,2025-07-28 14:30:00,Purchase,Credit Card,6656.75,Success,Utilities,0
TX007189,31,2025-05-17 08:17:00,Withdrawal,UPI,862.06,Success,Education,0
TX007190,467,2025-08-17 18:44:00,Purchase,Credit Card,196.12,Success,Dining,0
TX007191,140,2025-09-01 17:40:00,Purchase,UPI,1254.36,Success,Travel,0
TX007192,53,2025-11-26 16:09:00,Withdrawal,Net Banking,1128.25,Success,Groceries,0
TX007193,276,2025-07-27 10:21:00,Purchase,UPI,1022.89,Success,Education,0
TX007194,74,2025-03-31 04:25:00,Bill Payment,UPI,2546.59,Success,Other,0
TX007195,162,2025-02-15 08:50:00,Transfer,Debit Card,2070.05,Success,Education,0
TX007196,15,2025-05-03 19:34:00,Transfer,UPI,1412.61,Success,Shopping,0
TX007197,139,2025-11-24 06:02:00,Purchase,UPI,1607.82,Success,Shopping,0
TX007198,41,2025-10-15 15:22:00,Transfer,ATM,1003.55,Success,Other,0
TX007199,130,2025-08-13 23:16:00,Bill Payment,Debit Card,4960.03,Success,Shopping,0
TX007200,376,2025-05-26 17:07:00,Transfer,UPI,311.9,Success,Travel,0
TX007201,249,2025-10-09 17:09:00,Purchase,Net Banking,1234.85,Success,Other,0
TX007202,490,2025-03-19 16:56:00,Bill Payment,Credit Card,1158.95,Success,Travel,0
TX007203,413,2025-03-17 05:24:00,Purchase,UPI,2189.19,Success,Shopping,0
TX007204,272,2025-03-23 00:25:00,Purchase,ATM,535.24,Success,Healthcare,0
TX007205,23,2025-04-09 05:11:00,Purchase,Debit Card,249.11,Success,Utilities,0
TX007206,136,2025-04-12 10:56:00,Transfer,Debit Card,1253.0,Success,Dining,0
TX007207,433,2025-02-09 22:05:00,Bill Payment,Credit Card,1392.76,Success,Healthcare,0
TX007208,167,2025-08-18 17:46:00,Purchase,Debit Card,3889.98,Success,Other,0
TX007209,29,2025-02-18 03:50:00,Purchase,Net Banking,372.48,Success,Education,0
TX007210,314,2025-10-29 22:12:00,Withdrawal,UPI,2926.29,Success,Groceries,0
TX007211,77,2025-12-18 09:39:00,Transfer,UPI,8203.39,Success,Healthcare,0
TX007212,135,2025-04-17 22:51:00,Purchase,Credit Card,795.44,Success,Other,0
TX007213,239,2025-11-12 14:50:00,Purchase,Debit Card,366.02,Success,Groceries,0
TX007214,170,2025-01-04 20:42:00,Purchase,UPI,775.94,Success,Other,0
TX007215,419,2025-03-10 00:40:00,Refund,UPI,1109.77,Success,Education,0
TX007216,5,2025-04-18 01:56:00,Transfer,Net Banking,1770.86,Success,Groceries,0
TX007217,467,2025-05-28 07:26:00,Purchase,UPI,663.36,Success,Education,0
TX007218,249,2025-08-09 08:20:00,Purchase,UPI,4113.04,Success,Travel,0
TX007219,93,2025-05-07 13:43:00,Transfer,UPI,425.24,Success,Travel,0
TX007220,208,2025-08-06 07:23:00,Purchase,UPI,250.05,Success,Utilities,0
TX007221,474,2025-05-07 18:11:00,Purchase,UPI,2809.34,Success,Other,0
TX007222,495,2025-12-05 04:43:00,Purchase,Debit Card,158.63,Success,Utilities,0
TX007223,343,2025-04-05 01:31:00,Bill Payment,ATM,921.95,Success,Shopping,0
TX007224,224,2025-06-07 14:38:00,Purchase,Debit Card,15522.24,Reversed,Dining,0
TX007225,25,2025-07-07 01:26:00,Purchase,Net Banking,1085.46,Success,Education,0
TX007226,436,2025-08-20 09:10:00,Purchase,Net Banking,422.99,Success,Education,0
TX007227,268,2025-05-28 18:02:00,Purchase,Debit Card,1044.41,Success,Healthcare,0
TX007228,214,2025-05-03 07:09:00,Purchase,UPI,1050.29,Success,Healthcare,0
TX007229,7,2025-08-13 05:55:00,Purchase,UPI,1257.09,Success,Groceries,0
TX007230,317,2025-02-26 13:48:00,Transfer,UPI,1925.47,Success,Dining,0
TX007231,73,2025-09-06 09:17:00,Purchase,Net Banking,453.39,Success,Other,0
TX007232,424,2025-07-27 01:43:00,Purchase,UPI,4602.78,Success,Dining,0
TX007233,448,2025-07-27 17:47:00,Purchase,UPI,1350.66,Success,Utilities,0
TX007234,313,2025-03-31 16:52:00,Withdrawal,Credit Card,2034.03,Success,Shopping,0
TX007235,73,2025-10-01 19:06:00,Purchase,Credit Card,642.95,Success,Travel,0
TX007236,401,2025-12-28 05:24:00,Transfer,UPI,3272.88,Success,Education,0
TX007237,472,2025-01-28 10:01:00,Transfer,UPI,881.39,Success,Groceries,0
TX007238,308,2025-07-14 12:26:00,Transfer,UPI,1388.42,Success,Education,0
TX007239,371,2025-03-06 10:36:00,Purchase,ATM,496.14,Success,Utilities,0
TX007240,96,2025-06-26 04:25:00,Purchase,UPI,469.94,Success,Utilities,0
TX007241,354,2025-09-14 05:21:00,Withdrawal,Debit Card,1968.4,Success,Healthcare,0
TX007242,179,2025-03-28 16:39:00,Purchase,UPI,752.15,Success,Shopping,0
TX007243,398,2025-11-15 02:59:00,Purchase,ATM,530.73,Success,Travel,0
TX007244,361,2025-08-31 03:44:00,Purchase,Net Banking,634.79,Success,Education,0
TX007245,3,2025-07-19 00:39:00,Purchase,Net Banking,1986.46,Success,Healthcare,0
TX007246,450,2025-02-08 16:20:00,Purchase,Debit Card,642.47,Success,Healthcare,0
TX007247,424,2025-06-19 01:01:00,Purchase,UPI,992.27,Success,Dining,0
TX007248,465,2025-12-16 09:09:00,Transfer,ATM,1110.73,Success,Utilities,0
TX007249,338,2025-01-02 09:22:00,Transfer,UPI,214.92,Success,Travel,0
TX007250,276,2025-04-06 18:54:00,Refund,UPI,314.05,Success,Education,0
TX007251,480,2025-03-21 02:54:00,Purchase,Credit Card,1459.48,Success,Travel,0
TX007252,497,2025-05-18 16:54:00,Transfer,Credit Card,586.12,Success,Healthcare,0
TX007253,318,2025-08-14 05:57:00,Bill Payment,Debit Card,2692.48,Success,Education,0
TX007254,300,2025-06-11 05:24:00,Purchase,Credit Card,2494.36,Success,Dining,0
TX007255,293,2025-09-16 05:26:00,Transfer,Net Banking,2020.89,Success,Shopping,0
TX007256,231,2025-08-31 17:05:00,Purchase,UPI,5150.28,Success,Utilities,0
TX007257,152,2025-08-10 00:54:00,Purchase,UPI,1021.85,Success,Other,0
TX007258,241,2025-10-06 03:29:00,Purchase,Net Banking,1903.69,Success,Utilities,0
TX007259,349,2025-04-20 18:42:00,Purchase,Debit Card,667.31,Success,Other,0
TX007260,99,2025-12-21 08:42:00,Transfer,Credit Card,8817.68,Success,Groceries,0
TX007261,470,2025-03-26 16:16:00,Purchase,UPI,5919.98,Success,Utilities,0
TX007262,303,2025-12-04 21:58:00,Purchase,UPI,1107.76,Success,Shopping,0
TX007263,121,2025-03-03 06:33:00,Transfer,UPI,1523.25,Success,Healthcare,0
TX007264,45,2025-12-18 10:38:00,Purchase,Credit Card,3482.14,Reversed,Dining,0
TX007265,116,2025-01-24 19:48:00,Transfer,ATM,967.71,Failed,Travel,0
TX007266,458,2025-05-19 14:45:00,Purchase,Net Banking,627.58,Success,Travel,0
TX007267,360,2025-05-11 12:47:00,Bill Payment,Net Banking,2305.13,Failed,Utilities,0
TX007268,166,2025-04-21 04:58:00,Purchase,Net Banking,1172.24,Failed,Utilities,0
TX007269,17,2025-05-25 22:17:00,Bill Payment,UPI,1281.19,Success,Dining,0
TX007270,175,2025-10-09 06:10:00,Transfer,UPI,539.62,Failed,Healthcare,0
TX007271,236,2025-02-13 03:26:00,Transfer,UPI,254.67,Reversed,Travel,0
TX007272,219,2025-09-28 17:15:00,Purchase,ATM,1340.4,Success,Dining,0
TX007273,165,2025-04-01 14:06:00,Withdrawal,UPI,2366.62,Success,Education,0
TX007274,57,2025-10-14 10:13:00,Purchase,Debit Card,905.12,Success,Education,0
TX007275,52,2025-06-06 07:41:00,Bill Payment,UPI,3718.09,Success,Groceries,0
TX007276,248,2025-10-01 22:03:00,Transfer,Credit Card,602.85,Success,Utilities,0
TX007277,256,2025-09-13 03:38:00,Purchase,UPI,447.42,Success,Healthcare,0
TX007278,494,2025-03-29 03:23:00,Withdrawal,UPI,1035.72,Success,Dining,0
TX007279,439,2025-01-01 03:34:00,Transfer,UPI,1022.29,Success,Education,0
TX007280,229,2025-12-25 23:24:00,Purchase,UPI,2110.06,Success,Shopping,0
TX007281,34,2025-08-13 05:28:00,Withdrawal,UPI,567.52,Success,Other,0
TX007282,161,2025-09-28 15:49:00,Transfer,Debit Card,3508.28,Success,Dining,0
TX007283,8,2025-11-20 13:08:00,Withdrawal,UPI,5836.46,Success,Healthcare,0
TX007284,127,2025-11-16 07:32:00,Purchase,ATM,1060.75,Success,Education,0
TX007285,430,2025-02-07 10:20:00,Purchase,UPI,3172.43,Success,Dining,0
TX007286,26,2025-03-24 12:53:00,Transfer,Debit Card,446.74,Success,Dining,0
TX007287,177,2025-06-10 04:50:00,Purchase,Debit Card,2735.14,Success,Dining,0
TX007288,67,2025-05-10 12:53:00,Bill Payment,Credit Card,2670.94,Success,Education,0
TX007289,347,2025-09-24 05:41:00,Purchase,Debit Card,2284.54,Success,Utilities,0
TX007290,98,2025-02-12 04:37:00,Bill Payment,UPI,1082.22,Success,Shopping,0
TX007291,458,2025-10-27 15:15:00,Bill Payment,UPI,89.02,Success,Healthcare,0
TX007292,317,2025-07-30 18:56:00,Purchase,Debit Card,635.58,Success,Shopping,0
TX007293,263,2025-05-12 18:57:00,Transfer,UPI,644.18,Success,Utilities,0
TX007294,172,2025-09-17 11:01:00,Transfer,ATM,477.46,Success,Shopping,0
TX007295,216,2025-05-28 13:05:00,Purchase,Debit Card,1216.71,Success,Education,0
TX007296,190,2025-11-10 13:24:00,Purchase,Debit Card,768.07,Success,Shopping,0
TX007297,311,2025-04-09 01:34:00,Bill Payment,Net Banking,544.07,Success,Healthcare,0
TX007298,258,2025-10-11 10:06:00,Transfer,Debit Card,445.87,Success,Groceries,0
TX007299,311,2025-07-28 21:22:00,Withdrawal,Credit Card,596.94,Success,Dining,0
TX007300,63,2025-06-12 15:05:00,Transfer,Credit Card,2844.87,Success,Shopping,0
TX007301,44,2025-04-24 16:19:00,Bill Payment,Credit Card,625.24,Success,Healthcare,0
TX007302,130,2025-04-23 21:00:00,Withdrawal,ATM,707.9,Success,Education,0
TX007303,76,2025-04-24 08:01:00,Bill Payment,Debit Card,743.83,Success,Groceries,0
TX007304,159,2025-01-09 05:23:00,Bill Payment,UPI,1462.85,Success,Other,0
TX007305,476,2025-10-15 17:29:00,Purchase,UPI,1616.17,Success,Shopping,0
TX007306,26,2025-12-18 05:54:00,Transfer,ATM,82.44,Success,Other,0
TX007307,165,2025-01-29 00:07:00,Transfer,UPI,2613.35,Success,Healthcare,0
TX007308,393,2025-10-25 10:58:00,Bill Payment,UPI,3717.89,Success,Utilities,0
TX007309,424,2025-10-19 06:29:00,Bill Payment,UPI,449.14,Success,Groceries,0
TX007310,140,2025-02-13 02:06:00,Withdrawal,UPI,479.89,Success,Utilities,0
TX007311,72,2025-01-20 04:03:00,Transfer,Net Banking,747.91,Success,Groceries,0
TX007312,3,2025-03-07 07:04:00,Transfer,UPI,576.74,Success,Dining,0
TX007313,226,2025-04-04 11:12:00,Bill Payment,Net Banking,1326.55,Success,Groceries,0
TX007314,363,2025-05-07 11:56:00,Refund,UPI,209.65,Success,Groceries,0
TX007315,130,2025-08-12 06:11:00,Bill Payment,Debit Card,424.01,Success,Healthcare,0
TX007316,193,2025-12-04 23:17:00,Transfer,UPI,4057.48,Success,Shopping,0
TX007317,422,2025-12-10 12:33:00,Purchase,Net Banking,498.21,Success,Dining,0
TX007318,453,2025-09-23 21:28:00,Bill Payment,UPI,3155.54,Success,Dining,0
TX007319,288,2025-03-14 18:08:00,Withdrawal,Debit Card,1483.32,Success,Travel,0
TX007320,217,2025-10-17 07:44:00,Purchase,Credit Card,235.6,Success,Dining,0
TX007321,412,2025-07-31 18:34:00,Purchase,UPI,1881.89,Success,Dining,0
TX007322,475,2025-12-06 13:40:00,Purchase,Debit Card,992.26,Success,Shopping,0
TX007323,105,2025-04-14 15:47:00,Withdrawal,Credit Card,744.6,Success,Groceries,0
TX007324,491,2025-10-04 00:27:00,Withdrawal,Net Banking,1350.48,Success,Utilities,0
TX007325,426,2025-12-22 08:53:00,Purchase,Net Banking,1641.62,Success,Groceries,0
TX007326,453,2025-06-07 22:53:00,Transfer,Debit Card,2001.1,Success,Education,0
TX007327,237,2025-12-27 23:00:00,Transfer,Debit Card,2985.48,Success,Groceries,0
TX007328,279,2025-10-20 03:40:00,Bill Payment,UPI,1551.4,Success,Shopping,0
TX007329,455,2025-05-26 07:32:00,Refund,Credit Card,340.6,Success,Utilities,0
TX007330,409,2025-11-02 21:18:00,Transfer,UPI,733.19,Success,Healthcare,0
TX007331,217,2025-04-23 17:24:00,Purchase,UPI,13381.0,Success,Shopping,0
TX007332,179,2025-04-17 07:22:00,Bill Payment,Debit Card,2030.05,Success,Education,0
TX007333,84,2025-04-22 11:18:00,Withdrawal,Credit Card,8216.46,Success,Utilities,0
TX007334,30,2025-03-24 02:15:00,Purchase,Debit Card,3590.76,Success,Groceries,0
TX007335,311,2025-01-17 03:54:00,Transfer,UPI,1346.86,Success,Other,0
TX007336,71,2025-07-09 18:14:00,Bill Payment,Debit Card,1416.86,Success,Travel,0
TX007337,13,2025-05-20 10:13:00,Bill Payment,Debit Card,1063.06,Success,Utilities,0
TX007338,228,2025-05-20 19:25:00,Refund,UPI,250.35,Success,Groceries,0
TX007339,440,2025-03-06 19:25:00,Transfer,Debit Card,1113.59,Success,Utilities,0
TX007340,121,2025-12-17 13:28:00,Transfer,Debit Card,3068.9,Success,Groceries,0
TX007341,38,2025-01-01 14:06:00,Transfer,UPI,658.72,Failed,Healthcare,0
TX007342,348,2025-04-23 21:42:00,Purchase,UPI,1556.45,Success,Utilities,0
TX007343,3,2025-06-12 14:18:00,Purchase,UPI,2261.66,Success,Other,0
TX007344,8,2025-12-21 10:39:00,Purchase,UPI,506.12,Success,Other,0
TX007345,169,2025-08-13 00:56:00,Transfer,UPI,747.24,Success,Shopping,0
TX007346,294,2025-01-28 02:27:00,Purchase,ATM,461.64,Success,Travel,0
TX007347,371,2025-01-20 00:27:00,Purchase,Debit Card,545.2,Success,Utilities,0
TX007348,466,2025-10-01 22:26:00,Bill Payment,Debit Card,367.06,Success,Other,0
TX007349,168,2025-12-28 17:48:00,Purchase,ATM,510.11,Success,Groceries,0
TX007350,330,2025-01-21 07:23:00,Transfer,Debit Card,3664.83,Failed,Shopping,0
TX007351,107,2025-09-13 13:42:00,Purchase,UPI,503.63,Success,Education,0
TX007352,224,2025-11-01 06:19:00,Transfer,Debit Card,1221.08,Success,Dining,0
TX007353,214,2025-02-28 09:24:00,Purchase,UPI,715.2,Success,Healthcare,0
TX007354,288,2025-03-06 11:22:00,Transfer,ATM,2987.03,Failed,Education,0
TX007355,82,2025-01-24 06:38:00,Transfer,UPI,3342.55,Success,Groceries,0
TX007356,299,2025-11-23 06:56:00,Withdrawal,UPI,2285.77,Success,Other,0
TX007357,187,2025-12-01 10:28:00,Purchase,UPI,1422.56,Success,Utilities,0
TX007358,179,2025-12-17 00:08:00,Purchase,UPI,901.08,Success,Dining,0
TX007359,255,2025-06-09 02:17:00,Purchase,UPI,398.18,Success,Other,0
TX007360,371,2025-01-02 15:06:00,Purchase,Debit Card,5721.58,Failed,Groceries,0
TX007361,203,2025-06-18 22:08:00,Transfer,Net Banking,574.95,Success,Healthcare,0
TX007362,35,2025-02-06 04:52:00,Purchase,Debit Card,1927.73,Success,Healthcare,0
TX007363,212,2025-07-03 03:58:00,Transfer,UPI,2698.98,Success,Other,0
TX007364,317,2025-05-11 00:28:00,Purchase,Credit Card,684.04,Success,Education,0
TX007365,209,2025-11-02 13:34:00,Purchase,ATM,2649.99,Success,Utilities,0
TX007366,259,2025-05-16 04:17:00,Purchase,UPI,2099.77,Success,Healthcare,0
TX007367,1,2025-11-09 17:23:00,Withdrawal,Debit Card,4763.65,Success,Utilities,0
TX007368,172,2025-03-05 15:15:00,Purchase,Credit Card,735.87,Success,Utilities,0
TX007369,298,2025-10-25 11:11:00,Transfer,UPI,367.61,Success,Utilities,0
TX007370,460,2025-06-29 08:29:00,Purchase,UPI,713.61,Success,Dining,0
TX007371,262,2025-06-18 22:48:00,Purchase,Net Banking,1309.66,Success,Travel,0
TX007372,68,2025-09-03 00:06:00,Transfer,UPI,1152.26,Success,Shopping,0
TX007373,374,2025-12-25 13:37:00,Transfer,UPI,784.92,Success,Healthcare,0
TX007374,257,2025-11-11 11:06:00,Transfer,Debit Card,216.41,Success,Travel,0
TX007375,222,2025-08-03 22:54:00,Purchase,ATM,1635.84,Success,Healthcare,0
TX007376,74,2025-02-18 14:16:00,Transfer,Debit Card,5863.45,Success,Groceries,0
TX007377,293,2025-09-10 07:33:00,Purchase,Debit Card,1627.2,Success,Other,0
TX007378,128,2025-10-06 22:41:00,Purchase,UPI,1840.45,Success,Shopping,0
TX007379,217,2025-11-06 16:44:00,Purchase,Debit Card,1783.94,Success,Groceries,0
TX007380,162,2025-09-01 17:45:00,Purchase,Credit Card,1536.85,Success,Education,0
TX007381,326,2025-11-06 07:55:00,Purchase,Credit Card,2420.95,Failed,Groceries,0
TX007382,15,2025-11-05 08:17:00,Withdrawal,Debit Card,1534.67,Success,Dining,0
TX007383,467,2025-09-02 19:25:00,Refund,UPI,840.69,Success,Groceries,0
TX007384,367,2025-04-20 02:42:00,Purchase,Credit Card,557.47,Success,Utilities,0
TX007385,280,2025-08-17 08:24:00,Bill Payment,UPI,887.47,Success,Other,0
TX007386,281,2025-06-11 06:28:00,Purchase,UPI,1432.26,Success,Healthcare,0
TX007387,455,2025-02-13 23:32:00,Transfer,Debit Card,838.26,Success,Other,0
TX007388,2,2025-12-24 15:30:00,Bill Payment,UPI,1432.52,Reversed,Groceries,0
TX007389,440,2025-09-06 05:20:00,Purchase,Net Banking,1592.85,Success,Shopping,0
TX007390,390,2025-05-13 21:51:00,Withdrawal,UPI,2226.54,Success,Shopping,0
TX007391,195,2025-11-05 16:28:00,Transfer,ATM,3262.91,Success,Healthcare,0
TX007392,276,2025-12-19 22:45:00,Purchase,Debit Card,1171.81,Success,Utilities,0
TX007393,454,2025-02-19 16:26:00,Purchase,Net Banking,360.82,Success,Dining,0
TX007394,307,2025-01-11 10:06:00,Purchase,UPI,817.84,Success,Education,0
TX007395,64,2025-01-08 01:50:00,Purchase,Credit Card,1138.48,Success,Utilities,0
TX007396,14,2025-12-03 00:22:00,Transfer,Net Banking,230.35,Success,Education,0
TX007397,299,2025-02-09 22:22:00,Purchase,Net Banking,3570.16,Success,Dining,0
TX007398,451,2025-03-12 21:04:00,Transfer,ATM,1237.71,Success,Other,0
TX007399,184,2025-07-26 11:17:00,Bill Payment,Credit Card,1516.48,Success,Shopping,0
TX007400,375,2025-07-16 19:56:00,Withdrawal,Net Banking,3500.63,Success,Travel,0
TX007401,288,2025-07-07 19:42:00,Purchase,Net Banking,641.87,Success,Travel,0
TX007402,62,2025-09-20 10:57:00,Purchase,Net Banking,1786.36,Success,Utilities,0
TX007403,107,2025-03-15 13:25:00,Purchase,UPI,998.86,Success,Other,0
TX007404,7,2025-09-01 15:14:00,Transfer,Credit Card,937.79,Success,Other,0
TX007405,396,2025-08-08 01:40:00,Purchase,UPI,568.86,Success,Groceries,0
TX007406,431,2025-07-06 15:47:00,Withdrawal,UPI,4517.72,Success,Groceries,0
TX007407,426,2025-07-04 18:31:00,Bill Payment,UPI,796.98,Success,Dining,0
TX007408,338,2025-10-24 09:53:00,Withdrawal,Net Banking,1987.32,Success,Travel,0
TX007409,213,2025-11-17 15:44:00,Purchase,UPI,222.79,Success,Dining,0
TX007410,498,2025-02-21 10:05:00,Transfer,UPI,2989.89,Success,Utilities,0
TX007411,262,2025-04-18 06:44:00,Purchase,UPI,2682.16,Success,Travel,0
TX007412,277,2025-10-19 12:46:00,Withdrawal,Net Banking,1191.32,Success,Travel,0
TX007413,123,2025-06-30 00:20:00,Transfer,UPI,904.24,Success,Groceries,0
TX007414,430,2025-05-05 07:08:00,Withdrawal,Debit Card,1540.71,Success,Travel,0
TX007415,255,2025-03-23 06:37:00,Purchase,ATM,7673.07,Success,Utilities,0
TX007416,390,2025-03-01 01:47:00,Purchase,Debit Card,245.0,Success,Other,0
TX007417,316,2025-06-02 08:31:00,Transfer,ATM,2131.8,Success,Education,0
TX007418,488,2025-06-14 10:52:00,Purchase,UPI,505.29,Success,Travel,0
TX007419,422,2025-02-18 07:42:00,Purchase,Debit Card,1078.22,Success,Dining,0
TX007420,369,2025-08-20 19:42:00,Transfer,Credit Card,888.29,Success,Utilities,0
TX007421,60,2025-10-03 09:08:00,Transfer,Net Banking,761.99,Success,Travel,0
TX007422,54,2025-03-29 07:35:00,Purchase,ATM,1086.92,Success,Healthcare,0
TX007423,14,2025-08-03 18:37:00,Purchase,Debit Card,418.2,Success,Dining,0
TX007424,183,2025-04-09 21:03:00,Transfer,Credit Card,2630.17,Success,Utilities,0
TX007425,181,2025-04-18 07:30:00,Transfer,UPI,238.65,Success,Other,0
TX007426,129,2025-10-14 11:53:00,Bill Payment,ATM,1735.06,Success,Healthcare,0
TX007427,211,2025-03-26 01:55:00,Transfer,Debit Card,830.85,Success,Healthcare,0
TX007428,52,2025-11-14 20:20:00,Purchase,UPI,405.33,Success,Other,0
TX007429,159,2025-07-08 03:58:00,Purchase,UPI,1302.48,Success,Education,0
TX007430,153,2025-05-18 22:56:00,Purchase,UPI,291.95,Success,Groceries,0
TX007431,129,2025-03-28 17:41:00,Refund,Debit Card,1134.28,Success,Shopping,0
TX007432,481,2025-08-05 23:30:00,Purchase,Net Banking,327.19,Success,Other,0
TX007433,175,2025-04-05 21:26:00,Transfer,Debit Card,1623.08,Success,Utilities,0
TX007434,384,2025-10-10 23:14:00,Refund,Credit Card,499.84,Success,Utilities,0
TX007435,84,2025-04-04 17:04:00,Purchase,ATM,747.44,Reversed,Groceries,0
TX007436,367,2025-03-16 02:45:00,Bill Payment,Credit Card,1407.9,Success,Dining,0
TX007437,244,2025-02-20 01:00:00,Purchase,ATM,568.69,Success,Groceries,0
TX007438,228,2025-04-19 07:47:00,Bill Payment,Debit Card,1043.91,Success,Groceries,0
TX007439,483,2025-09-03 16:24:00,Purchase,UPI,302.85,Success,Other,0
TX007440,481,2025-06-16 01:00:00,Purchase,ATM,1874.78,Reversed,Healthcare,0
TX007441,470,2025-07-12 18:20:00,Purchase,Debit Card,4915.64,Success,Utilities,0
TX007442,497,2025-06-01 02:49:00,Bill Payment,UPI,11770.8,Success,Healthcare,0
TX007443,451,2025-02-06 10:38:00,Withdrawal,Debit Card,1184.99,Success,Travel,0
TX007444,271,2025-02-14 14:07:00,Bill Payment,Net Banking,2143.02,Success,Travel,0
TX007445,255,2025-10-25 18:56:00,Bill Payment,Debit Card,241.4,Success,Groceries,0
TX007446,211,2025-04-03 22:01:00,Purchase,Credit Card,3933.65,Success,Healthcare,0
TX007447,174,2025-03-10 11:25:00,Withdrawal,UPI,2121.32,Success,Travel,0
TX007448,394,2025-08-05 22:05:00,Purchase,Debit Card,726.8,Success,Shopping,0
TX007449,95,2025-04-16 23:09:00,Purchase,Net Banking,3138.82,Failed,Groceries,0
TX007450,444,2025-01-09 21:22:00,Transfer,UPI,883.33,Success,Shopping,0
TX007451,58,2025-05-17 23:06:00,Purchase,UPI,742.99,Success,Other,0
TX007452,392,2025-12-16 18:57:00,Purchase,UPI,1642.6,Success,Groceries,0
TX007453,473,2025-06-26 22:12:00,Purchase,UPI,444.14,Success,Other,0
TX007454,318,2025-10-23 08:11:00,Transfer,Debit Card,2613.33,Reversed,Groceries,0
TX007455,76,2025-04-21 10:10:00,Bill Payment,Debit Card,446.93,Success,Utilities,0
TX007456,242,2025-10-06 14:44:00,Purchase,UPI,449.19,Success,Groceries,0
TX007457,226,2025-05-20 18:34:00,Transfer,Debit Card,506.11,Success,Shopping,0
TX007458,44,2025-02-02 18:38:00,Bill Payment,Debit Card,2091.37,Success,Travel,0
TX007459,219,2025-05-28 16:58:00,Purchase,Net Banking,649.2,Success,Groceries,0
TX007460,27,2025-05-16 14:22:00,Purchase,ATM,348.7,Success,Education,0
TX007461,31,2025-02-12 15:32:00,Transfer,UPI,655.35,Success,Other,0
TX007462,189,2025-02-03 12:51:00,Purchase,UPI,1067.17,Success,Healthcare,0
TX007463,242,2025-11-10 11:01:00,Purchase,Debit Card,401.89,Success,Shopping,0
TX007464,281,2025-04-09 08:26:00,Bill Payment,Debit Card,412.02,Success,Dining,0
TX007465,411,2025-11-28 05:45:00,Purchase,UPI,6598.53,Success,Utilities,0
TX007466,55,2025-03-05 08:45:00,Transfer,UPI,527.7,Success,Other,0
TX007467,498,2025-02-18 19:46:00,Purchase,UPI,833.32,Success,Groceries,0
TX007468,381,2025-11-13 22:28:00,Purchase,Credit Card,802.59,Success,Utilities,0
TX007469,120,2025-06-10 10:33:00,Purchase,UPI,766.51,Success,Utilities,0
TX007470,347,2025-05-08 14:07:00,Purchase,ATM,1859.65,Success,Education,0
TX007471,173,2025-12-14 05:44:00,Withdrawal,Credit Card,2455.1,Success,Travel,0
TX007472,222,2025-08-08 03:34:00,Purchase,UPI,845.51,Failed,Groceries,0
TX007473,106,2025-05-21 03:06:00,Purchase,UPI,383.37,Success,Dining,0
TX007474,82,2025-10-31 06:57:00,Bill Payment,UPI,3239.82,Success,Education,0
TX007475,232,2025-11-12 15:17:00,Purchase,Net Banking,1011.27,Success,Other,0
TX007476,200,2025-01-27 21:32:00,Transfer,Debit Card,4773.21,Success,Healthcare,0
TX007477,385,2025-05-03 02:11:00,Bill Payment,Credit Card,162.59,Success,Groceries,0
TX007478,185,2025-08-06 11:54:00,Withdrawal,UPI,1294.78,Success,Other,0
TX007479,273,2025-01-20 03:36:00,Purchase,UPI,5601.64,Success,Education,0
TX007480,21,2025-09-10 21:32:00,Transfer,UPI,812.18,Success,Other,0
TX007481,468,2025-12-11 05:52:00,Purchase,UPI,905.36,Success,Healthcare,0
TX007482,121,2025-11-20 07:19:00,Bill Payment,Debit Card,1409.77,Success,Healthcare,0
TX007483,144,2025-10-23 13:23:00,Purchase,UPI,682.0,Success,Dining,0
TX007484,110,2025-11-03 01:26:00,Transfer,Debit Card,841.12,Success,Education,0
TX007485,429,2025-07-19 13:00:00,Purchase,Net Banking,822.92,Success,Healthcare,0
TX007486,457,2025-05-09 06:22:00,Refund,Debit Card,643.35,Success,Healthcare,0
TX007487,135,2025-08-19 16:53:00,Transfer,UPI,3116.69,Success,Other,0
TX007488,134,2025-02-18 10:02:00,Purchase,UPI,1622.81,Success,Groceries,0
TX007489,375,2025-10-07 20:37:00,Bill Payment,UPI,1357.0,Success,Healthcare,0
TX007490,207,2025-07-07 13:17:00,Purchase,ATM,2180.45,Success,Groceries,0
TX007491,414,2025-09-10 05:37:00,Bill Payment,Debit Card,875.94,Success,Other,0
TX007492,475,2025-03-08 00:19:00,Withdrawal,UPI,567.89,Success,Groceries,0
TX007493,279,2025-11-09 13:58:00,Purchase,UPI,657.06,Success,Dining,0
TX007494,192,2025-02-09 10:24:00,Purchase,ATM,1098.3,Success,Utilities,0
TX007495,412,2025-04-14 04:25:00,Purchase,UPI,445.71,Success,Utilities,0
TX007496,238,2025-05-03 09:47:00,Purchase,UPI,716.79,Success,Utilities,0
TX007497,373,2025-10-18 02:30:00,Transfer,Net Banking,707.19,Success,Shopping,0
TX007498,163,2025-01-27 20:20:00,Withdrawal,Debit Card,6673.32,Success,Healthcare,0
TX007499,105,2025-10-24 14:30:00,Purchase,Debit Card,103.78,Success,Groceries,0
TX007500,34,2025-04-16 01:02:00,Purchase,UPI,941.36,Success,Other,0
TX007501,81,2025-09-16 12:27:00,Transfer,ATM,4754.47,Success,Shopping,0
TX007502,219,2025-06-29 12:29:00,Purchase,ATM,1216.3,Success,Shopping,0
TX007503,79,2025-09-16 04:44:00,Withdrawal,Net Banking,2080.59,Success,Groceries,0
TX007504,37,2025-12-16 15:04:00,Purchase,UPI,1193.75,Success,Shopping,0
TX007505,487,2025-09-15 09:00:00,Transfer,Debit Card,621.89,Success,Other,0
TX007506,303,2025-01-21 18:43:00,Transfer,Debit Card,163.1,Success,Travel,0
TX007507,500,2025-06-01 12:22:00,Withdrawal,Net Banking,1305.89,Success,Other,0
TX007508,159,2025-05-31 15:39:00,Bill Payment,UPI,109957.16,Success,Other,1
TX007509,241,2025-04-17 08:01:00,Purchase,Debit Card,555.41,Success,Shopping,0
TX007510,68,2025-05-15 20:32:00,Transfer,Credit Card,717.56,Success,Travel,0
TX007511,279,2025-01-04 03:53:00,Purchase,UPI,4832.56,Success,Other,0
TX007512,21,2025-01-03 08:33:00,Transfer,Net Banking,8468.53,Success,Utilities,0
TX007513,68,2025-09-21 22:17:00,Purchase,Credit Card,1319.0,Success,Groceries,0
TX007514,164,2025-02-04 21:05:00,Bill Payment,UPI,738.74,Success,Travel,0
TX007515,376,2025-05-18 22:01:00,Transfer,Net Banking,403.17,Success,Education,0
TX007516,469,2025-06-18 15:31:00,Purchase,Debit Card,1633.14,Success,Travel,0
TX007517,145,2025-08-12 12:07:00,Purchase,UPI,4991.39,Success,Education,0
TX007518,118,2025-11-01 08:36:00,Purchase,UPI,888.7,Success,Education,0
TX007519,132,2025-10-09 10:39:00,Purchase,ATM,145.16,Success,Education,0
TX007520,63,2025-06-07 12:26:00,Purchase,UPI,1938.25,Success,Utilities,0
TX007521,417,2025-04-29 23:16:00,Purchase,UPI,2534.09,Success,Healthcare,0
TX007522,19,2025-12-20 22:00:00,Purchase,UPI,284.87,Success,Travel,0
TX007523,433,2025-07-08 16:35:00,Transfer,Net Banking,1274.12,Success,Dining,0
TX007524,326,2025-07-11 02:25:00,Purchase,Credit Card,1609.28,Success,Healthcare,0
TX007525,2,2025-12-24 20:30:00,Bill Payment,UPI,1030.56,Success,Utilities,0
TX007526,215,2025-03-20 09:03:00,Purchase,UPI,559.95,Success,Healthcare,0
TX007527,148,2025-07-03 04:54:00,Purchase,ATM,2600.73,Failed,Utilities,0
TX007528,2,2025-02-26 06:39:00,Purchase,UPI,778.31,Success,Utilities,0
TX007529,8,2025-03-27 14:23:00,Purchase,Debit Card,310.32,Success,Other,0
TX007530,144,2025-04-22 20:33:00,Transfer,UPI,192.09,Success,Groceries,0
TX007531,256,2025-11-29 01:20:00,Purchase,UPI,3202.61,Success,Education,0
TX007532,118,2025-01-12 09:24:00,Transfer,Net Banking,1852.26,Success,Education,0
TX007533,90,2025-07-26 16:16:00,Purchase,Debit Card,1181.78,Success,Education,0
TX007534,485,2025-08-25 22:17:00,Purchase,Debit Card,754.28,Reversed,Groceries,0
TX007535,132,2025-10-16 08:40:00,Withdrawal,UPI,699.49,Success,Healthcare,0
TX007536,443,2025-04-04 13:58:00,Refund,ATM,439.49,Success,Dining,0
TX007537,466,2025-05-29 04:43:00,Purchase,Debit Card,759.96,Success,Other,0
TX007538,57,2025-05-06 10:55:00,Purchase,UPI,180.9,Success,Utilities,0
TX007539,267,2025-11-27 22:16:00,Bill Payment,Credit Card,586.6,Success,Utilities,0
TX007540,413,2025-06-20 13:17:00,Withdrawal,UPI,841.94,Success,Dining,0
TX007541,66,2025-07-01 21:44:00,Bill Payment,Credit Card,1841.61,Success,Education,0
TX007542,353,2025-04-22 04:13:00,Purchase,UPI,1060.04,Success,Groceries,0
TX007543,369,2025-01-11 03:55:00,Purchase,UPI,2155.3,Success,Healthcare,0
TX007544,388,2025-11-06 21:27:00,Bill Payment,Debit Card,3452.19,Success,Utilities,0
TX007545,111,2025-02-19 16:19:00,Refund,UPI,2695.78,Success,Shopping,0
TX007546,179,2025-05-22 02:52:00,Purchase,Net Banking,1635.88,Success,Education,0
TX007547,418,2025-05-13 20:03:00,Withdrawal,Credit Card,1107.75,Success,Utilities,0
TX007548,341,2025-01-02 22:17:00,Refund,ATM,476.43,Success,Groceries,0
TX007549,58,2025-03-15 11:39:00,Purchase,Debit Card,2056.89,Success,Travel,0
TX007550,461,2025-05-14 01:08:00,Transfer,Debit Card,187133.75,Success,Travel,1
TX007551,474,2025-01-29 18:11:00,Purchase,Net Banking,1466.73,Success,Utilities,0
TX007552,109,2025-01-26 04:05:00,Purchase,Debit Card,5595.23,Success,Healthcare,0
TX007553,280,2025-06-18 10:40:00,Bill Payment,Net Banking,299.84,Success,Travel,0
TX007554,193,2025-03-15 13:02:00,Bill Payment,UPI,411.15,Success,Other,0
TX007555,420,2025-09-28 06:49:00,Transfer,Net Banking,2268.61,Success,Healthcare,0
TX007556,33,2025-01-15 00:10:00,Transfer,Debit Card,1372.85,Success,Dining,0
TX007557,151,2025-03-22 10:46:00,Purchase,UPI,3350.0,Success,Groceries,0
TX007558,347,2025-05-17 13:24:00,Purchase,Debit Card,1082.31,Success,Shopping,0
TX007559,284,2025-01-04 02:27:00,Bill Payment,Debit Card,524.38,Success,Utilities,0
TX007560,447,2025-05-24 07:06:00,Withdrawal,UPI,914.56,Success,Travel,0
TX007561,159,2025-03-31 17:48:00,Purchase,UPI,298.04,Success,Other,0
TX007562,41,2025-04-11 14:31:00,Purchase,Net Banking,420.19,Success,Dining,0
TX007563,69,2025-08-04 12:16:00,Purchase,Net Banking,2506.34,Success,Education,0
TX007564,455,2025-02-10 18:49:00,Purchase,UPI,2302.77,Success,Travel,0
TX007565,212,2025-07-01 00:47:00,Purchase,Credit Card,1493.02,Success,Healthcare,0
TX007566,466,2025-04-24 02:23:00,Bill Payment,UPI,253.94,Success,Shopping,0
TX007567,286,2025-10-15 19:26:00,Transfer,Debit Card,808.64,Success,Other,0
TX007568,411,2025-10-27 20:41:00,Purchase,UPI,387.13,Success,Utilities,0
TX007569,96,2025-12-04 01:28:00,Withdrawal,UPI,2981.12,Success,Dining,0
TX007570,78,2025-02-14 11:05:00,Purchase,UPI,667.7,Success,Travel,0
TX007571,57,2025-10-05 02:18:00,Bill Payment,Debit Card,435.77,Success,Healthcare,0
TX007572,107,2025-07-26 00:39:00,Withdrawal,Debit Card,1124.76,Success,Education,0
TX007573,197,2025-12-06 21:09:00,Purchase,Credit Card,636.43,Success,Shopping,0
TX007574,122,2025-07-26 06:18:00,Purchase,UPI,3870.67,Success,Groceries,0
TX007575,382,2025-09-02 13:10:00,Transfer,UPI,587.23,Success,Shopping,0
TX007576,305,2025-05-02 20:25:00,Bill Payment,UPI,333.84,Success,Shopping,0
TX007577,233,2025-11-03 19:21:00,Bill Payment,Credit Card,175.92,Success,Healthcare,0
TX007578,81,2025-04-24 09:32:00,Purchase,Credit Card,1068.31,Success,Shopping,0
TX007579,49,2025-09-26 17:31:00,Withdrawal,UPI,680.18,Success,Shopping,0
TX007580,187,2025-07-22 20:44:00,Purchase,UPI,325.52,Success,Utilities,0
TX007581,64,2025-05-03 15:53:00,Purchase,UPI,3013.45,Success,Other,0
TX007582,454,2025-07-19 09:20:00,Transfer,Debit Card,1933.64,Success,Shopping,0
TX007583,179,2025-11-23 05:46:00,Transfer,Debit Card,1070.64,Success,Healthcare,0
TX007584,402,2025-10-26 21:04:00,Purchase,Net Banking,3497.06,Success,Education,0
TX007585,82,2025-09-20 17:18:00,Bill Payment,UPI,1925.91,Success,Shopping,0
TX007586,439,2025-02-15 09:21:00,Purchase,Credit Card,139919.73,Success,Education,1
TX007587,339,2025-07-14 06:04:00,Transfer,Credit Card,453.35,Success,Other,0
TX007588,247,2025-05-01 08:04:00,Purchase,UPI,2197.96,Success,Groceries,0
TX007589,355,2025-08-03 18:49:00,Purchase,ATM,1535.96,Success,Education,0
TX007590,193,2025-08-13 06:19:00,Transfer,Credit Card,1266.85,Reversed,Healthcare,0
TX007591,495,2025-11-08 09:24:00,Withdrawal,Debit Card,534.04,Success,Travel,0
TX007592,216,2025-04-14 23:54:00,Bill Payment,UPI,1838.59,Success,Travel,0
TX007593,164,2025-05-19 21:46:00,Withdrawal,Credit Card,576.99,Failed,Utilities,0
TX007594,199,2025-09-30 12:38:00,Bill Payment,UPI,1005.57,Success,Groceries,0
TX007595,367,2025-03-31 09:27:00,Withdrawal,UPI,3751.47,Success,Travel,0
TX007596,282,2025-04-29 10:50:00,Bill Payment,UPI,625.34,Success,Healthcare,0
TX007597,205,2025-02-03 23:02:00,Purchase,Net Banking,288.0,Success,Shopping,0
TX007598,410,2025-08-14 18:41:00,Transfer,UPI,448.24,Success,Dining,0
TX007599,349,2025-04-27 23:40:00,Bill Payment,UPI,2553.33,Success,Other,0
TX007600,331,2025-04-17 09:43:00,Withdrawal,Net Banking,1361.74,Failed,Other,0
TX007601,241,2025-12-02 01:31:00,Purchase,Debit Card,982.85,Success,Healthcare,0
TX007602,445,2025-02-06 12:14:00,Transfer,UPI,711.43,Success,Healthcare,0
TX007603,114,2025-11-09 21:14:00,Withdrawal,Net Banking,1656.66,Success,Healthcare,0
TX007604,234,2025-09-25 11:00:00,Purchase,Credit Card,532.86,Success,Groceries,0
TX007605,233,2025-12-30 22:52:00,Purchase,Net Banking,1421.99,Success,Education,0
TX007606,219,2025-06-05 09:03:00,Purchase,UPI,589.0,Success,Healthcare,0
TX007607,365,2025-02-23 21:05:00,Purchase,ATM,511.32,Success,Healthcare,0
TX007608,178,2025-11-09 22:32:00,Bill Payment,UPI,637.87,Failed,Other,0
TX007609,139,2025-11-12 04:08:00,Purchase,Credit Card,797.04,Success,Groceries,0
TX007610,346,2025-10-01 23:57:00,Bill Payment,UPI,1052.05,Success,Shopping,0
TX007611,163,2025-08-01 06:55:00,Withdrawal,UPI,182279.93,Success,Utilities,1
TX007612,4,2025-11-25 06:57:00,Transfer,UPI,47.7,Success,Travel,0
TX007613,304,2025-03-20 11:16:00,Withdrawal,Debit Card,551.97,Success,Travel,0
TX007614,260,2025-08-04 16:35:00,Transfer,UPI,786.16,Success,Other,0
TX007615,449,2025-08-08 21:14:00,Purchase,UPI,177149.4,Failed,Other,1
TX007616,378,2025-05-12 19:33:00,Transfer,Credit Card,437.9,Success,Education,0
TX007617,365,2025-06-10 00:43:00,Transfer,UPI,1259.38,Success,Dining,0
TX007618,306,2025-10-12 23:07:00,Purchase,UPI,3907.98,Success,Travel,0
TX007619,465,2025-10-17 19:31:00,Refund,UPI,359.23,Success,Travel,0
TX007620,250,2025-12-12 04:48:00,Transfer,UPI,1532.84,Success,Other,0
TX007621,462,2025-04-16 10:56:00,Transfer,UPI,554.5,Success,Other,0
TX007622,347,2025-12-12 22:47:00,Purchase,UPI,714.13,Success,Shopping,0
TX007623,488,2025-06-29 01:53:00,Purchase,UPI,554.11,Success,Utilities,0
TX007624,165,2025-06-09 05:07:00,Withdrawal,UPI,588.7,Success,Shopping,0
TX007625,306,2025-02-09 22:40:00,Transfer,Debit Card,11088.07,Success,Shopping,0
TX007626,212,2025-03-04 16:18:00,Transfer,Net Banking,2247.98,Success,Travel,0
TX007627,120,2025-10-13 12:33:00,Purchase,UPI,2797.49,Success,Other,0
TX007628,160,2025-12-28 01:50:00,Transfer,Net Banking,1666.02,Success,Other,0
TX007629,155,2025-08-24 02:24:00,Withdrawal,UPI,279.97,Success,Utilities,0
TX007630,59,2025-07-07 14:36:00,Bill Payment,Net Banking,1534.12,Success,Utilities,0
TX007631,55,2025-10-04 00:45:00,Purchase,UPI,2729.82,Success,Other,0
TX007632,491,2025-06-21 12:17:00,Purchase,UPI,530.92,Success,Travel,0
TX007633,175,2025-01-25 03:13:00,Purchase,Credit Card,2491.22,Success,Education,0
TX007634,166,2025-09-10 10:13:00,Purchase,Debit Card,1995.57,Success,Other,0
TX007635,405,2025-04-08 00:37:00,Purchase,Net Banking,5293.5,Success,Utilities,0
TX007636,174,2025-09-28 23:29:00,Purchase,Net Banking,768.84,Success,Shopping,0
TX007637,135,2025-11-11 13:02:00,Bill Payment,UPI,431.4,Success,Utilities,0
TX007638,313,2025-09-23 21:45:00,Withdrawal,ATM,806.43,Success,Education,0
TX007639,188,2025-06-03 13:48:00,Withdrawal,ATM,3715.38,Success,Other,0
TX007640,324,2025-01-18 22:25:00,Bill Payment,Net Banking,231.8,Failed,Other,0
TX007641,438,2025-09-05 14:48:00,Transfer,UPI,189.03,Success,Dining,0
TX007642,104,2025-08-02 03:23:00,Transfer,UPI,1183.21,Success,Utilities,0
TX007643,361,2025-01-21 00:19:00,Bill Payment,UPI,752.8,Success,Shopping,0
TX007644,172,2025-09-26 08:32:00,Withdrawal,UPI,1103.86,Success,Other,0
TX007645,102,2025-09-08 07:18:00,Withdrawal,UPI,2449.2,Success,Travel,0
TX007646,341,2025-01-04 22:03:00,Purchase,UPI,685.61,Success,Travel,0
TX007647,432,2025-12-11 11:49:00,Transfer,UPI,223.17,Success,Other,0
TX007648,270,2025-07-19 22:10:00,Transfer,UPI,6234.22,Success,Other,0
TX007649,318,2025-09-24 16:20:00,Bill Payment,Debit Card,469.82,Success,Dining,0
TX007650,448,2025-08-07 00:19:00,Purchase,Net Banking,445.78,Success,Travel,0
TX007651,332,2025-11-12 20:34:00,Transfer,ATM,2802.21,Success,Utilities,0
TX007652,410,2025-03-24 00:43:00,Transfer,Debit Card,790.91,Success,Shopping,0
TX007653,486,2025-02-18 09:16:00,Withdrawal,Credit Card,1039.11,Success,Education,0
TX007654,278,2025-12-20 14:10:00,Transfer,Debit Card,1653.04,Success,Groceries,0
TX007655,118,2025-03-10 04:31:00,Bill Payment,ATM,2754.65,Success,Groceries,0
TX007656,450,2025-04-26 08:42:00,Bill Payment,UPI,825.97,Success,Groceries,0
TX007657,376,2025-06-11 06:49:00,Refund,UPI,3991.65,Success,Shopping,0
TX007658,173,2025-03-06 17:28:00,Bill Payment,UPI,178.5,Success,Shopping,0
TX007659,365,2025-12-27 06:26:00,Transfer,Debit Card,2091.88,Success,Groceries,0
TX007660,277,2025-04-09 11:26:00,Withdrawal,ATM,537.22,Success,Other,0
TX007661,28,2025-04-20 14:22:00,Withdrawal,UPI,3520.75,Success,Education,0
TX007662,36,2025-02-22 05:43:00,Transfer,Debit Card,1237.36,Success,Travel,0
TX007663,487,2025-08-20 19:22:00,Bill Payment,UPI,618.95,Success,Travel,0
TX007664,144,2025-09-20 14:26:00,Purchase,Net Banking,1926.41,Success,Shopping,0
TX007665,351,2025-11-17 04:17:00,Purchase,Net Banking,2343.05,Success,Healthcare,0
TX007666,126,2025-12-23 18:09:00,Bill Payment,UPI,1892.42,Success,Healthcare,0
TX007667,296,2025-12-02 22:00:00,Purchase,UPI,457.03,Success,Dining,0
TX007668,54,2025-12-22 17:40:00,Transfer,UPI,726.75,Success,Shopping,0
TX007669,409,2025-06-28 17:44:00,Withdrawal,UPI,1092.84,Success,Utilities,0
TX007670,160,2025-01-23 19:03:00,Purchase,Debit Card,1058.84,Success,Other,0
TX007671,447,2025-10-28 20:58:00,Purchase,Net Banking,2074.1,Success,Other,0
TX007672,311,2025-11-07 18:30:00,Bill Payment,Net Banking,197.82,Success,Utilities,0
TX007673,493,2025-12-11 14:12:00,Transfer,UPI,1457.06,Success,Utilities,0
TX007674,254,2025-11-21 21:23:00,Purchase,Credit Card,857.07,Success,Travel,0
TX007675,463,2025-06-24 19:33:00,Withdrawal,ATM,537.69,Success,Education,0
TX007676,121,2025-01-30 04:36:00,Purchase,UPI,583.41,Success,Dining,0
TX007677,301,2025-05-22 19:22:00,Withdrawal,Debit Card,913.83,Success,Healthcare,0
TX007678,48,2025-08-11 05:08:00,Purchase,UPI,51.37,Success,Groceries,0
TX007679,218,2025-04-26 04:52:00,Bill Payment,Debit Card,604.2,Success,Education,0
TX007680,84,2025-11-01 08:08:00,Withdrawal,Net Banking,520.9,Success,Other,0
TX007681,237,2025-02-05 03:29:00,Transfer,ATM,1724.8,Success,Shopping,0
TX007682,438,2025-09-10 17:13:00,Transfer,Debit Card,552.97,Success,Other,0
TX007683,1,2025-08-31 10:21:00,Bill Payment,ATM,913.38,Success,Utilities,0
TX007684,332,2025-06-09 16:08:00,Transfer,UPI,4068.12,Success,Healthcare,0
TX007685,94,2025-06-11 02:13:00,Transfer,Net Banking,2553.45,Success,Groceries,0
TX007686,113,2025-08-09 19:06:00,Transfer,Debit Card,2361.21,Success,Dining,0
TX007687,217,2025-11-23 23:35:00,Bill Payment,Net Banking,717.02,Success,Education,0
TX007688,278,2025-08-24 00:45:00,Withdrawal,Net Banking,1739.89,Success,Dining,0
TX007689,309,2025-09-16 14:51:00,Purchase,UPI,898.91,Success,Utilities,0
TX007690,194,2025-07-21 07:23:00,Bill Payment,UPI,928.27,Success,Shopping,0
TX007691,241,2025-05-14 15:19:00,Purchase,ATM,1553.45,Success,Dining,0
TX007692,168,2025-06-26 06:13:00,Withdrawal,Net Banking,660.21,Success,Utilities,0
TX007693,134,2025-09-30 01:30:00,Bill Payment,UPI,3901.25,Success,Shopping,0
TX007694,67,2025-02-24 15:33:00,Purchase,ATM,957.08,Success,Utilities,0
TX007695,84,2025-06-03 11:40:00,Purchase,Credit Card,1854.94,Success,Groceries,0
TX007696,293,2025-04-13 09:33:00,Bill Payment,UPI,3779.17,Success,Other,0
TX007697,119,2025-02-05 16:43:00,Purchase,Debit Card,2635.7,Success,Utilities,0
TX007698,75,2025-10-22 03:58:00,Transfer,Debit Card,331.1,Success,Utilities,0
TX007699,413,2025-09-05 17:03:00,Bill Payment,UPI,1600.64,Success,Utilities,0
TX007700,131,2025-04-26 02:20:00,Transfer,Net Banking,2259.98,Success,Dining,0
TX007701,58,2025-08-17 23:56:00,Transfer,Debit Card,2340.42,Success,Other,0
TX007702,309,2025-03-31 01:27:00,Transfer,Credit Card,425.68,Success,Shopping,0
TX007703,126,2025-07-04 00:53:00,Purchase,UPI,627.36,Success,Shopping,0
TX007704,283,2025-09-20 01:01:00,Withdrawal,Debit Card,2553.89,Success,Travel,0
TX007705,492,2025-06-12 21:32:00,Purchase,Net Banking,573.93,Success,Education,0
TX007706,179,2025-03-07 17:33:00,Withdrawal,UPI,850.02,Success,Shopping,0
TX007707,246,2025-07-17 20:28:00,Refund,UPI,4185.97,Success,Groceries,0
TX007708,193,2025-12-09 23:16:00,Transfer,ATM,1052.97,Success,Shopping,0
TX007709,476,2025-03-17 22:52:00,Bill Payment,UPI,591.25,Success,Healthcare,0
TX007710,30,2025-07-17 00:55:00,Purchase,UPI,520.1,Success,Education,0
TX007711,95,2025-07-14 15:27:00,Purchase,UPI,1455.07,Success,Other,0
TX007712,413,2025-10-09 17:34:00,Transfer,UPI,353.13,Success,Other,0
TX007713,39,2025-07-13 23:27:00,Refund,ATM,888.7,Success,Other,0
TX007714,136,2025-11-27 08:48:00,Purchase,ATM,1455.71,Success,Shopping,0
TX007715,17,2025-05-12 15:16:00,Purchase,Debit Card,3308.59,Success,Dining,0
TX007716,72,2025-05-22 05:38:00,Purchase,Credit Card,1934.14,Success,Other,0
TX007717,256,2025-03-10 09:04:00,Purchase,UPI,597.67,Success,Travel,0
TX007718,315,2025-07-15 08:11:00,Bill Payment,Credit Card,2985.9,Success,Dining,0
TX007719,11,2025-05-26 17:08:00,Purchase,UPI,850.15,Success,Education,0
TX007720,435,2025-03-16 05:38:00,Transfer,UPI,383.62,Success,Healthcare,0
TX007721,18,2025-01-05 02:15:00,Transfer,Debit Card,947.44,Success,Shopping,0
TX007722,261,2025-08-25 01:14:00,Withdrawal,UPI,3723.59,Success,Groceries,0
TX007723,297,2025-08-15 10:22:00,Withdrawal,Net Banking,1262.0,Success,Utilities,0
TX007724,402,2025-09-11 20:51:00,Refund,Debit Card,1108.37,Success,Groceries,0
TX007725,477,2025-04-29 23:02:00,Purchase,UPI,4410.0,Success,Other,0
TX007726,383,2025-03-23 08:52:00,Purchase,Debit Card,324.85,Success,Dining,0
TX007727,488,2025-10-17 09:30:00,Purchase,ATM,367.69,Success,Education,0
TX007728,52,2025-09-18 14:53:00,Purchase,Debit Card,277.7,Success,Other,0
TX007729,234,2025-02-21 20:28:00,Purchase,UPI,1505.31,Success,Education,0
TX007730,374,2025-09-03 17:55:00,Purchase,ATM,1263.35,Success,Groceries,0
TX007731,6,2025-02-23 19:08:00,Transfer,UPI,4069.71,Success,Other,0
TX007732,432,2025-06-02 17:25:00,Withdrawal,ATM,1348.78,Success,Education,0
TX007733,356,2025-07-24 23:35:00,Purchase,Debit Card,777.8,Success,Dining,0
TX007734,184,2025-03-29 11:56:00,Bill Payment,UPI,1098.31,Success,Education,0
TX007735,265,2025-11-21 08:40:00,Bill Payment,UPI,1212.03,Success,Healthcare,0
TX007736,447,2025-01-03 07:53:00,Purchase,UPI,264.81,Success,Travel,0
TX007737,487,2025-05-07 16:42:00,Purchase,Net Banking,10979.46,Success,Utilities,0
TX007738,443,2025-02-22 07:14:00,Bill Payment,UPI,1705.97,Success,Utilities,0
TX007739,109,2025-03-08 01:57:00,Purchase,UPI,1310.95,Reversed,Dining,0
TX007740,144,2025-10-07 04:18:00,Purchase,Debit Card,1849.9,Success,Travel,0
TX007741,466,2025-06-12 19:52:00,Purchase,Debit Card,2004.2,Success,Travel,0
TX007742,163,2025-06-07 23:55:00,Transfer,Debit Card,973.14,Success,Education,0
TX007743,307,2025-05-15 11:16:00,Withdrawal,UPI,641.27,Success,Education,0
TX007744,463,2025-02-10 18:26:00,Transfer,UPI,1825.36,Success,Dining,0
TX007745,22,2025-09-14 15:47:00,Withdrawal,Debit Card,1522.11,Success,Groceries,0
TX007746,352,2025-05-17 19:24:00,Transfer,Debit Card,550.92,Success,Dining,0
TX007747,161,2025-02-18 04:22:00,Transfer,Net Banking,3663.52,Success,Education,0
TX007748,70,2025-07-03 23:29:00,Transfer,ATM,146263.01,Success,Groceries,1
TX007749,185,2025-02-22 14:43:00,Purchase,UPI,2039.27,Success,Shopping,0
TX007750,381,2025-02-08 21:32:00,Transfer,UPI,3580.05,Success,Healthcare,0
TX007751,382,2025-12-30 15:48:00,Transfer,UPI,1117.23,Failed,Travel,0
TX007752,281,2025-12-21 08:36:00,Purchase,ATM,1435.7,Success,Education,0
TX007753,181,2025-12-27 11:15:00,Purchase,UPI,2183.15,Success,Groceries,0
TX007754,352,2025-12-13 22:32:00,Purchase,Debit Card,592.21,Success,Healthcare,0
TX007755,205,2025-05-19 13:24:00,Purchase,UPI,1148.19,Success,Healthcare,0
TX007756,201,2025-12-29 20:19:00,Purchase,Debit Card,1220.13,Success,Travel,0
TX007757,185,2025-01-04 19:51:00,Bill Payment,UPI,486.56,Success,Shopping,0
TX007758,470,2025-05-02 19:10:00,Purchase,UPI,7863.53,Success,Groceries,0
TX007759,434,2025-12-25 17:55:00,Bill Payment,UPI,331.56,Success,Healthcare,0
TX007760,330,2025-05-16 15:56:00,Transfer,UPI,363.8,Success,Shopping,0
TX007761,423,2025-10-20 21:11:00,Transfer,Credit Card,3351.26,Success,Dining,0
TX007762,250,2025-04-08 01:10:00,Purchase,UPI,2010.78,Success,Shopping,0
TX007763,167,2025-11-13 14:33:00,Purchase,Credit Card,458.49,Success,Education,0
TX007764,414,2025-11-05 07:31:00,Purchase,UPI,1837.56,Success,Dining,0
TX007765,255,2025-01-26 22:33:00,Bill Payment,Credit Card,3818.73,Success,Shopping,0
TX007766,87,2025-01-30 08:48:00,Purchase,Net Banking,1068.78,Success,Education,0
TX007767,391,2025-09-03 07:13:00,Purchase,Debit Card,9986.6,Success,Travel,0
TX007768,401,2025-03-21 19:27:00,Bill Payment,Net Banking,185936.48,Success,Travel,1
TX007769,135,2025-05-15 17:03:00,Refund,UPI,1977.82,Success,Groceries,0
TX007770,107,2025-04-23 09:21:00,Purchase,Net Banking,2955.87,Success,Other,0
TX007771,136,2025-08-19 11:53:00,Purchase,UPI,2339.38,Failed,Education,0
TX007772,212,2025-10-04 20:35:00,Transfer,Credit Card,921.77,Success,Groceries,0
TX007773,17,2025-01-19 01:35:00,Withdrawal,Net Banking,856.73,Success,Shopping,0
TX007774,279,2025-02-12 04:13:00,Purchase,Net Banking,1599.62,Success,Travel,0
TX007775,437,2025-04-25 07:31:00,Purchase,Credit Card,2193.8,Success,Healthcare,0
TX007776,233,2025-07-16 18:34:00,Purchase,Debit Card,1830.06,Success,Dining,0
TX007777,318,2025-12-04 06:59:00,Withdrawal,UPI,2654.6,Success,Travel,0
TX007778,178,2025-09-01 19:58:00,Withdrawal,Debit Card,461.26,Success,Dining,0
TX007779,139,2025-06-05 17:10:00,Purchase,Net Banking,903.61,Success,Travel,0
TX007780,233,2025-02-03 22:25:00,Purchase,Net Banking,493.24,Success,Utilities,0
TX007781,467,2025-05-25 00:16:00,Purchase,Debit Card,789.82,Success,Healthcare,0
TX007782,342,2025-05-02 01:41:00,Purchase,Net Banking,2599.14,Success,Other,0
TX007783,218,2025-06-07 20:30:00,Purchase,Debit Card,1202.05,Success,Utilities,0
TX007784,340,2025-03-25 05:49:00,Purchase,ATM,10055.05,Success,Travel,0
TX007785,428,2025-06-05 18:52:00,Purchase,UPI,1292.58,Success,Dining,0
TX007786,315,2025-08-24 06:48:00,Purchase,Debit Card,1153.71,Success,Utilities,0
TX007787,281,2025-07-08 03:13:00,Purchase,UPI,1200.21,Failed,Healthcare,0
TX007788,385,2025-03-17 05:36:00,Purchase,Credit Card,637.7,Success,Shopping,0
TX007789,177,2025-06-06 21:54:00,Purchase,UPI,1044.03,Success,Other,0
TX007790,260,2025-04-16 09:56:00,Transfer,UPI,2860.12,Success,Shopping,0
TX007791,229,2025-03-04 04:34:00,Withdrawal,UPI,1208.19,Success,Travel,0
TX007792,248,2025-10-06 00:54:00,Purchase,Debit Card,558.67,Success,Utilities,0
TX007793,452,2025-03-03 22:52:00,Purchase,Debit Card,499.54,Success,Dining,0
TX007794,339,2025-03-13 17:39:00,Purchase,Debit Card,747.94,Success,Other,0
TX007795,156,2025-01-06 12:00:00,Transfer,UPI,1167.69,Success,Shopping,0
TX007796,313,2025-06-23 13:13:00,Purchase,Debit Card,3024.64,Success,Education,0
TX007797,175,2025-06-09 22:33:00,Transfer,Debit Card,350.93,Success,Shopping,0
TX007798,380,2025-04-16 06:47:00,Purchase,UPI,835.6,Success,Healthcare,0
TX007799,134,2025-05-02 12:17:00,Purchase,Debit Card,1239.75,Success,Travel,0
TX007800,189,2025-12-02 15:35:00,Purchase,ATM,230.75,Success,Groceries,0
TX007801,35,2025-12-17 13:04:00,Purchase,Net Banking,539.93,Success,Education,0
TX007802,129,2025-08-09 22:38:00,Bill Payment,UPI,615.29,Reversed,Other,0
TX007803,353,2025-12-16 15:45:00,Purchase,UPI,557.48,Success,Travel,0
TX007804,142,2025-06-08 12:24:00,Bill Payment,UPI,1290.91,Success,Travel,0
TX007805,180,2025-11-17 19:05:00,Transfer,UPI,956.73,Failed,Dining,0
TX007806,4,2025-09-21 12:56:00,Transfer,UPI,684.03,Success,Travel,0
TX007807,8,2025-08-14 05:49:00,Purchase,UPI,1577.77,Success,Dining,0
TX007808,463,2025-05-06 13:03:00,Purchase,Debit Card,4743.89,Success,Healthcare,0
TX007809,168,2025-07-13 18:34:00,Withdrawal,Debit Card,4417.67,Success,Groceries,0
TX007810,490,2025-11-14 12:08:00,Transfer,Debit Card,213.93,Success,Groceries,0
TX007811,274,2025-04-04 15:48:00,Purchase,Debit Card,1790.97,Success,Dining,0
TX007812,272,2025-02-20 22:38:00,Bill Payment,Credit Card,942.64,Success,Groceries,0
TX007813,422,2025-08-05 10:56:00,Transfer,Debit Card,96759.55,Failed,Dining,1
TX007814,129,2025-05-04 22:19:00,Purchase,UPI,150735.02,Success,Travel,1
TX007815,346,2025-08-11 04:04:00,Transfer,Debit Card,1211.91,Success,Shopping,0
TX007816,28,2025-01-11 09:15:00,Purchase,Debit Card,1247.25,Success,Utilities,0
TX007817,414,2025-12-30 15:43:00,Transfer,UPI,670.41,Success,Education,0
TX007818,314,2025-11-09 01:30:00,Purchase,UPI,511.88,Success,Education,0
TX007819,456,2025-01-17 07:51:00,Purchase,UPI,748.9,Success,Healthcare,0
TX007820,432,2025-02-21 06:43:00,Purchase,Credit Card,1338.25,Success,Shopping,0
TX007821,27,2025-12-18 11:12:00,Withdrawal,Credit Card,1824.66,Failed,Other,0
TX007822,455,2025-03-11 02:47:00,Withdrawal,Net Banking,2265.04,Success,Healthcare,0
TX007823,415,2025-08-12 18:14:00,Transfer,UPI,720.5,Success,Groceries,0
TX007824,367,2025-01-10 06:50:00,Transfer,Debit Card,1395.86,Success,Groceries,0
TX007825,359,2025-04-25 10:00:00,Purchase,Credit Card,2485.25,Success,Education,0
TX007826,149,2025-02-03 04:17:00,Withdrawal,Debit Card,2953.53,Success,Education,0
TX007827,188,2025-06-02 21:02:00,Purchase,UPI,1043.14,Success,Healthcare,0
TX007828,474,2025-04-16 01:15:00,Bill Payment,UPI,908.88,Success,Utilities,0
TX007829,86,2025-03-10 22:28:00,Transfer,UPI,1290.07,Success,Shopping,0
TX007830,276,2025-08-24 07:15:00,Transfer,ATM,412.71,Success,Utilities,0
TX007831,80,2025-04-29 16:58:00,Purchase,Debit Card,930.23,Success,Dining,0
TX007832,319,2025-06-12 02:13:00,Transfer,UPI,2065.03,Success,Healthcare,0
TX007833,224,2025-03-15 11:46:00,Transfer,UPI,1892.5,Success,Other,0
TX007834,30,2025-03-18 12:32:00,Purchase,UPI,871.55,Success,Shopping,0
TX007835,115,2025-08-23 11:26:00,Withdrawal,Credit Card,1319.57,Success,Shopping,0
TX007836,329,2025-10-10 21:47:00,Transfer,UPI,544.05,Success,Shopping,0
TX007837,423,2025-10-16 15:14:00,Purchase,Credit Card,1994.14,Success,Other,0
TX007838,148,2025-07-25 07:24:00,Transfer,Credit Card,1026.44,Success,Shopping,0
TX007839,288,2025-09-10 08:41:00,Purchase,UPI,867.35,Success,Shopping,0
TX007840,481,2025-05-05 08:55:00,Transfer,ATM,806.36,Failed,Healthcare,0
TX007841,33,2025-06-28 11:19:00,Purchase,ATM,1039.55,Success,Groceries,0
TX007842,482,2025-10-14 06:36:00,Purchase,Debit Card,749.42,Success,Utilities,0
TX007843,498,2025-09-30 15:19:00,Purchase,UPI,1918.74,Success,Education,0
TX007844,457,2025-02-08 08:59:00,Purchase,UPI,783.69,Success,Shopping,0
TX007845,420,2025-01-08 09:03:00,Purchase,Net Banking,4247.22,Success,Healthcare,0
TX007846,493,2025-05-13 07:20:00,Purchase,UPI,3810.17,Success,Shopping,0
TX007847,70,2025-03-11 13:14:00,Purchase,UPI,513.98,Success,Utilities,0
TX007848,479,2025-03-01 19:26:00,Purchase,UPI,1163.57,Success,Utilities,0
TX007849,59,2025-04-18 09:30:00,Purchase,UPI,630.77,Success,Groceries,0
TX007850,137,2025-04-28 04:20:00,Purchase,Debit Card,830.77,Success,Other,0
TX007851,282,2025-07-02 01:25:00,Withdrawal,Credit Card,6015.31,Success,Healthcare,0
TX007852,390,2025-08-09 10:57:00,Purchase,UPI,844.35,Success,Utilities,0
TX007853,362,2025-09-07 19:33:00,Purchase,UPI,1489.49,Success,Groceries,0
TX007854,107,2025-03-11 23:56:00,Withdrawal,Net Banking,1737.36,Success,Groceries,0
TX007855,449,2025-11-16 22:31:00,Bill Payment,UPI,468.47,Success,Shopping,0
TX007856,361,2025-07-19 14:11:00,Purchase,UPI,530.15,Success,Other,0
TX007857,224,2025-08-21 14:16:00,Withdrawal,Debit Card,77322.68,Success,Education,1
TX007858,146,2025-01-08 23:22:00,Refund,Debit Card,141793.69,Success,Education,1
TX007859,261,2025-08-10 00:20:00,Refund,Debit Card,97.27,Success,Education,0
TX007860,254,2025-12-08 12:17:00,Transfer,UPI,1742.18,Success,Travel,0
TX007861,292,2025-12-30 10:18:00,Transfer,Net Banking,6285.9,Success,Other,0
TX007862,140,2025-05-22 13:10:00,Purchase,UPI,1243.45,Success,Groceries,0
TX007863,19,2025-02-21 16:59:00,Purchase,UPI,329.04,Success,Healthcare,0
TX007864,267,2025-10-04 21:34:00,Purchase,UPI,635.01,Success,Healthcare,0
TX007865,105,2025-03-15 19:13:00,Purchase,Debit Card,742.45,Success,Education,0
TX007866,210,2025-12-17 13:00:00,Purchase,UPI,461.76,Success,Dining,0
TX007867,109,2025-01-26 08:09:00,Purchase,UPI,2278.23,Success,Education,0
TX007868,182,2025-11-11 07:02:00,Bill Payment,UPI,2183.58,Success,Other,0
TX007869,106,2025-10-14 13:26:00,Transfer,UPI,410.7,Success,Shopping,0
TX007870,41,2025-01-07 15:05:00,Purchase,UPI,2031.07,Success,Shopping,0
TX007871,349,2025-01-21 00:53:00,Refund,Net Banking,4014.99,Success,Groceries,0
TX007872,286,2025-12-02 04:55:00,Transfer,ATM,5525.75,Success,Other,0
TX007873,312,2025-03-10 19:57:00,Refund,Net Banking,12524.35,Success,Utilities,0
TX007874,97,2025-02-06 08:17:00,Purchase,UPI,509.44,Success,Utilities,0
TX007875,177,2025-09-15 11:37:00,Bill Payment,ATM,12095.48,Success,Groceries,0
TX007876,388,2025-08-16 09:35:00,Bill Payment,UPI,811.53,Success,Travel,0
TX007877,163,2025-02-15 04:39:00,Withdrawal,UPI,662.75,Success,Groceries,0
TX007878,286,2025-05-07 22:37:00,Purchase,UPI,1448.11,Success,Dining,0
TX007879,367,2025-02-28 19:37:00,Refund,Credit Card,668.64,Success,Dining,0
TX007880,37,2025-11-20 16:18:00,Purchase,Net Banking,1539.46,Success,Dining,0
TX007881,353,2025-03-21 19:29:00,Transfer,Credit Card,357.07,Success,Education,0
TX007882,7,2025-11-05 11:23:00,Purchase,UPI,895.21,Success,Dining,0
TX007883,363,2025-08-18 01:11:00,Purchase,UPI,3270.65,Success,Education,0
TX007884,271,2025-08-26 03:31:00,Purchase,Debit Card,1044.71,Success,Education,0
TX007885,258,2025-11-08 17:08:00,Purchase,Debit Card,1236.89,Success,Utilities,0
TX007886,79,2025-04-22 15:38:00,Withdrawal,Credit Card,1642.49,Failed,Utilities,0
TX007887,400,2025-10-07 06:23:00,Transfer,Debit Card,2966.28,Success,Other,0
TX007888,301,2025-09-15 00:32:00,Purchase,UPI,268.56,Success,Travel,0
TX007889,426,2025-10-30 10:18:00,Transfer,Debit Card,1802.35,Success,Shopping,0
TX007890,121,2025-02-12 16:58:00,Purchase,UPI,873.13,Success,Shopping,0
TX007891,256,2025-08-06 22:16:00,Transfer,Debit Card,1263.5,Success,Shopping,0
TX007892,240,2025-10-05 22:11:00,Transfer,UPI,2699.87,Success,Shopping,0
TX007893,240,2025-02-01 11:07:00,Transfer,UPI,397.4,Success,Shopping,0
TX007894,13,2025-01-03 16:36:00,Purchase,Net Banking,463.71,Success,Education,0
TX007895,140,2025-06-12 00:48:00,Withdrawal,Net Banking,211.64,Success,Shopping,0
TX007896,36,2025-12-03 01:02:00,Purchase,UPI,687.61,Success,Dining,0
TX007897,277,2025-10-01 06:30:00,Withdrawal,UPI,3397.75,Success,Shopping,0
TX007898,45,2025-05-14 23:14:00,Purchase,UPI,989.8,Success,Groceries,0
TX007899,106,2025-08-22 18:09:00,Bill Payment,ATM,351.04,Success,Travel,0
TX007900,183,2025-10-26 21:39:00,Purchase,UPI,725.73,Success,Education,0
TX007901,255,2025-02-02 00:35:00,Purchase,UPI,309.61,Success,Healthcare,0
TX007902,43,2025-09-29 22:24:00,Bill Payment,UPI,421.4,Success,Utilities,0
TX007903,109,2025-02-20 16:23:00,Bill Payment,Credit Card,1526.14,Success,Healthcare,0
TX007904,372,2025-03-10 01:44:00,Bill Payment,Debit Card,404.32,Success,Dining,0
TX007905,306,2025-11-06 01:22:00,Purchase,ATM,2823.52,Success,Shopping,0
TX007906,178,2025-03-06 04:23:00,Purchase,Debit Card,152504.87,Success,Education,1
TX007907,148,2025-02-02 03:52:00,Purchase,ATM,1179.39,Success,Travel,0
TX007908,166,2025-04-13 06:27:00,Purchase,UPI,865.57,Success,Groceries,0
TX007909,453,2025-12-11 15:01:00,Transfer,UPI,2115.23,Success,Other,0
TX007910,325,2025-01-08 14:55:00,Bill Payment,Credit Card,2133.86,Success,Groceries,0
TX007911,346,2025-05-07 01:35:00,Purchase,ATM,1457.96,Success,Education,0
TX007912,479,2025-04-19 08:23:00,Purchase,ATM,1772.37,Success,Education,0
TX007913,485,2025-12-11 15:27:00,Purchase,UPI,915.73,Success,Education,0
TX007914,261,2025-08-24 21:12:00,Bill Payment,Debit Card,1738.66,Success,Dining,0
TX007915,200,2025-06-24 12:33:00,Transfer,ATM,822.87,Success,Shopping,0
TX007916,3,2025-11-21 21:11:00,Withdrawal,Credit Card,1098.72,Success,Utilities,0
TX007917,416,2025-02-04 10:55:00,Bill Payment,UPI,868.31,Success,Other,0
TX007918,62,2025-08-08 13:19:00,Transfer,UPI,743.5,Success,Travel,0
TX007919,439,2025-07-16 15:11:00,Purchase,UPI,610.49,Success,Travel,0
TX007920,500,2025-06-01 09:23:00,Withdrawal,Net Banking,1631.96,Success,Healthcare,0
TX007921,500,2025-09-09 14:28:00,Purchase,UPI,3340.97,Success,Utilities,0
TX007922,497,2025-07-02 16:10:00,Transfer,UPI,2967.39,Success,Travel,0
TX007923,386,2025-01-04 22:08:00,Transfer,UPI,376.88,Failed,Utilities,0
TX007924,318,2025-11-17 12:28:00,Purchase,Credit Card,3280.73,Success,Groceries,0
TX007925,467,2025-07-19 05:10:00,Transfer,Net Banking,836.78,Success,Shopping,0
TX007926,29,2025-10-24 08:27:00,Withdrawal,Net Banking,1827.35,Success,Other,0
TX007927,378,2025-11-01 17:21:00,Withdrawal,ATM,507.61,Success,Groceries,0
TX007928,71,2025-06-20 16:01:00,Purchase,Net Banking,1237.3,Success,Healthcare,0
TX007929,327,2025-07-28 17:24:00,Bill Payment,Credit Card,1431.77,Success,Utilities,0
TX007930,304,2025-08-16 23:11:00,Purchase,ATM,310.47,Success,Groceries,0
TX007931,405,2025-03-16 12:16:00,Purchase,Credit Card,1839.09,Success,Healthcare,0
TX007932,35,2025-02-08 10:25:00,Transfer,ATM,3442.82,Reversed,Other,0
TX007933,391,2025-09-27 22:26:00,Transfer,Net Banking,945.34,Success,Utilities,0
TX007934,225,2025-07-20 17:17:00,Refund,UPI,3484.72,Success,Utilities,0
TX007935,126,2025-05-23 12:59:00,Purchase,Debit Card,933.33,Success,Education,0
TX007936,415,2025-11-14 16:30:00,Withdrawal,Net Banking,2257.8,Success,Dining,0
TX007937,408,2025-07-05 07:29:00,Purchase,Debit Card,166.37,Success,Utilities,0
TX007938,420,2025-01-09 10:55:00,Purchase,UPI,8569.47,Failed,Dining,0
TX007939,415,2025-07-26 02:00:00,Transfer,UPI,3909.4,Success,Groceries,0
TX007940,89,2025-11-03 21:55:00,Transfer,UPI,860.98,Success,Dining,0
TX007941,122,2025-12-02 17:21:00,Transfer,Debit Card,205.15,Success,Travel,0
TX007942,387,2025-12-27 10:01:00,Purchase,ATM,1400.84,Success,Shopping,0
TX007943,11,2025-08-16 19:00:00,Purchase,UPI,321.39,Failed,Healthcare,0
TX007944,28,2025-11-13 00:46:00,Purchase,UPI,1600.59,Success,Utilities,0
TX007945,293,2025-07-23 07:48:00,Bill Payment,ATM,1555.93,Success,Dining,0
TX007946,391,2025-12-04 03:36:00,Purchase,Net Banking,492.65,Success,Shopping,0
TX007947,351,2025-12-17 02:16:00,Purchase,UPI,2843.59,Success,Healthcare,0
TX007948,443,2025-02-11 17:54:00,Bill Payment,Credit Card,2174.9,Success,Travel,0
TX007949,101,2025-06-28 09:48:00,Purchase,Net Banking,2513.55,Success,Dining,0
TX007950,40,2025-01-14 17:04:00,Purchase,UPI,1104.92,Success,Healthcare,0
TX007951,308,2025-04-08 11:39:00,Purchase,UPI,329.25,Success,Shopping,0
TX007952,270,2025-05-08 09:40:00,Purchase,UPI,2517.93,Success,Travel,0
TX007953,211,2025-04-13 23:46:00,Withdrawal,UPI,871.47,Success,Dining,0
TX007954,413,2025-06-24 08:21:00,Purchase,UPI,336.53,Success,Travel,0
TX007955,398,2025-01-22 10:12:00,Bill Payment,Net Banking,3460.73,Failed,Healthcare,0
TX007956,351,2025-02-13 23:21:00,Bill Payment,Debit Card,6532.18,Success,Groceries,0
TX007957,49,2025-04-14 20:26:00,Purchase,UPI,1058.85,Success,Healthcare,0
TX007958,325,2025-10-13 23:11:00,Transfer,UPI,6872.29,Success,Travel,0
TX007959,402,2025-04-09 13:15:00,Bill Payment,Debit Card,1185.14,Success,Healthcare,0
TX007960,220,2025-03-24 22:35:00,Withdrawal,UPI,793.63,Success,Utilities,0
TX007961,232,2025-02-04 14:49:00,Purchase,Debit Card,641.69,Success,Dining,0
TX007962,446,2025-06-20 14:06:00,Transfer,Credit Card,4409.52,Success,Travel,0
TX007963,438,2025-08-13 03:56:00,Purchase,ATM,565.03,Success,Other,0
TX007964,383,2025-01-17 15:20:00,Purchase,UPI,2048.74,Success,Dining,0
TX007965,243,2025-03-26 16:26:00,Refund,ATM,681.78,Success,Utilities,0
TX007966,483,2025-02-04 08:34:00,Purchase,Credit Card,741.55,Success,Utilities,0
TX007967,160,2025-08-18 00:53:00,Bill Payment,UPI,2632.56,Success,Groceries,0
TX007968,141,2025-10-04 19:07:00,Purchase,UPI,793.91,Success,Dining,0
TX007969,76,2025-10-17 23:06:00,Purchase,UPI,777.38,Failed,Groceries,0
TX007970,390,2025-01-08 18:02:00,Bill Payment,Debit Card,2872.34,Success,Shopping,0
TX007971,127,2025-04-11 18:21:00,Purchase,UPI,4263.25,Success,Travel,0
TX007972,102,2025-08-18 05:44:00,Purchase,UPI,1896.92,Success,Travel,0
TX007973,245,2025-01-02 12:18:00,Purchase,ATM,628.57,Success,Dining,0
TX007974,438,2025-05-31 15:30:00,Purchase,Credit Card,710.51,Success,Groceries,0
TX007975,477,2025-08-07 04:53:00,Transfer,UPI,1173.71,Success,Travel,0
TX007976,263,2025-02-08 10:42:00,Transfer,Debit Card,1440.56,Success,Dining,0
TX007977,131,2025-11-23 12:12:00,Purchase,UPI,473.58,Success,Dining,0
TX007978,256,2025-10-03 06:20:00,Transfer,UPI,2027.55,Success,Shopping,0
TX007979,333,2025-12-18 08:50:00,Purchase,UPI,1179.31,Success,Groceries,0
TX007980,487,2025-08-29 16:03:00,Bill Payment,Debit Card,255.1,Failed,Other,0
TX007981,377,2025-09-13 03:57:00,Purchase,UPI,497.91,Success,Other,0
TX007982,29,2025-09-12 09:49:00,Withdrawal,UPI,714.43,Success,Shopping,0
TX007983,419,2025-06-09 10:12:00,Purchase,Credit Card,1030.78,Success,Shopping,0
TX007984,432,2025-05-06 21:51:00,Transfer,UPI,5463.73,Success,Groceries,0
TX007985,414,2025-10-20 19:02:00,Purchase,UPI,1342.71,Success,Other,0
TX007986,46,2025-10-29 02:05:00,Bill Payment,UPI,536.65,Success,Healthcare,0
TX007987,197,2025-11-09 00:01:00,Bill Payment,UPI,1322.84,Success,Education,0
TX007988,215,2025-06-16 14:08:00,Purchase,Debit Card,813.0,Success,Travel,0
TX007989,421,2025-02-13 06:45:00,Purchase,ATM,128346.4,Success,Healthcare,1
TX007990,321,2025-07-11 16:20:00,Withdrawal,UPI,1796.3,Success,Utilities,0
TX007991,412,2025-12-12 05:30:00,Bill Payment,UPI,3065.13,Success,Healthcare,0
TX007992,236,2025-06-03 07:00:00,Purchase,UPI,1074.23,Success,Shopping,0
TX007993,97,2025-05-07 10:01:00,Bill Payment,Debit Card,4416.56,Success,Groceries,0
TX007994,431,2025-07-07 18:26:00,Purchase,Debit Card,2372.78,Success,Shopping,0
TX007995,385,2025-01-04 15:44:00,Withdrawal,UPI,601.05,Success,Other,0
TX007996,277,2025-05-17 00:58:00,Purchase,Net Banking,7175.14,Success,Travel,0
TX007997,365,2025-03-29 13:00:00,Purchase,Debit Card,1448.01,Success,Groceries,0
TX007998,144,2025-01-03 16:17:00,Purchase,Debit Card,539.23,Success,Dining,0
TX007999,427,2025-09-25 17:43:00,Bill Payment,Credit Card,4469.25,Success,Dining,0
TX008000,22,2025-11-15 19:26:00,Purchase,UPI,175113.75,Success,Other,1
TX008001,20,2025-09-02 21:02:00,Withdrawal,Net Banking,1066.28,Success,Groceries,0
TX008002,74,2025-09-06 09:07:00,Bill Payment,Credit Card,714.72,Success,Shopping,0
TX008003,203,2025-08-09 03:22:00,Bill Payment,Net Banking,947.17,Success,Shopping,0
TX008004,394,2025-07-09 22:32:00,Purchase,UPI,2013.28,Success,Utilities,0
TX008005,210,2025-08-02 15:06:00,Bill Payment,UPI,3249.25,Success,Other,0
TX008006,344,2025-12-18 23:27:00,Transfer,UPI,1780.97,Success,Utilities,0
TX008007,307,2025-05-30 15:47:00,Withdrawal,Credit Card,1195.67,Failed,Utilities,0
TX008008,353,2025-05-21 01:49:00,Transfer,UPI,3917.9,Success,Other,0
TX008009,474,2025-07-16 13:26:00,Transfer,UPI,840.58,Success,Utilities,0
TX008010,133,2025-04-30 09:07:00,Bill Payment,Net Banking,2634.06,Success,Healthcare,0
TX008011,20,2025-10-16 13:45:00,Transfer,ATM,858.47,Success,Healthcare,0
TX008012,221,2025-03-01 08:38:00,Purchase,Net Banking,1581.88,Success,Education,0
TX008013,227,2025-07-08 02:04:00,Bill Payment,Credit Card,995.73,Success,Travel,0
TX008014,472,2025-07-30 01:53:00,Purchase,Debit Card,1045.79,Success,Travel,0
TX008015,153,2025-11-15 19:43:00,Purchase,UPI,795.7,Success,Dining,0
TX008016,109,2025-07-21 00:22:00,Refund,Credit Card,3439.65,Success,Travel,0
TX008017,480,2025-11-23 16:39:00,Purchase,UPI,588.17,Success,Education,0
TX008018,352,2025-09-22 22:22:00,Purchase,UPI,584.53,Success,Shopping,0
TX008019,211,2025-08-30 11:06:00,Purchase,Net Banking,6653.14,Success,Groceries,0
TX008020,124,2025-04-22 08:11:00,Purchase,UPI,2517.87,Success,Shopping,0
TX008021,494,2025-10-05 03:55:00,Purchase,UPI,144.41,Reversed,Healthcare,0
TX008022,152,2025-12-15 21:52:00,Transfer,Debit Card,678.26,Success,Shopping,0
TX008023,30,2025-10-12 15:38:00,Bill Payment,Debit Card,143058.73,Success,Dining,1
TX008024,204,2025-06-12 08:28:00,Purchase,Debit Card,488.78,Success,Travel,0
TX008025,386,2025-01-15 10:19:00,Purchase,Net Banking,76.12,Failed,Healthcare,0
TX008026,248,2025-09-10 08:33:00,Purchase,UPI,976.09,Success,Groceries,0
TX008027,73,2025-07-11 18:08:00,Purchase,Debit Card,415.44,Success,Healthcare,0
TX008028,192,2025-01-09 11:38:00,Purchase,UPI,1153.92,Success,Healthcare,0
TX008029,219,2025-11-07 00:03:00,Bill Payment,Credit Card,275.52,Success,Healthcare,0
TX008030,373,2025-06-13 09:53:00,Bill Payment,Debit Card,1176.71,Success,Utilities,0
TX008031,12,2025-03-01 14:59:00,Purchase,UPI,770.72,Success,Shopping,0
TX008032,289,2025-09-13 01:18:00,Purchase,UPI,3931.04,Success,Other,0
TX008033,363,2025-05-23 21:00:00,Withdrawal,UPI,3639.69,Success,Groceries,0
TX008034,344,2025-10-31 10:46:00,Purchase,Net Banking,2137.82,Reversed,Shopping,0
TX008035,426,2025-10-10 13:27:00,Purchase,Debit Card,830.79,Success,Healthcare,0
TX008036,216,2025-06-28 23:04:00,Transfer,ATM,5928.78,Success,Healthcare,0
TX008037,105,2025-10-30 11:16:00,Purchase,UPI,292.93,Success,Utilities,0
TX008038,215,2025-08-25 11:44:00,Refund,Debit Card,332.61,Success,Other,0
TX008039,226,2025-05-11 17:00:00,Transfer,Debit Card,1021.25,Success,Healthcare,0
TX008040,347,2025-10-01 00:00:00,Purchase,UPI,7449.72,Success,Utilities,0
TX008041,142,2025-02-20 01:53:00,Purchase,UPI,923.35,Success,Healthcare,0
TX008042,47,2025-05-26 02:15:00,Purchase,UPI,938.46,Failed,Shopping,0
TX008043,168,2025-02-09 06:32:00,Purchase,Debit Card,321.94,Success,Travel,0
TX008044,141,2025-04-14 15:17:00,Transfer,Debit Card,2450.48,Success,Education,0
TX008045,399,2025-03-13 15:59:00,Transfer,Credit Card,2465.62,Failed,Groceries,0
TX008046,99,2025-01-25 12:11:00,Transfer,UPI,2144.61,Reversed,Utilities,0
TX008047,255,2025-06-27 02:40:00,Bill Payment,ATM,642.37,Success,Education,0
TX008048,225,2025-09-01 01:43:00,Withdrawal,UPI,601.42,Failed,Healthcare,0
TX008049,352,2025-09-13 22:04:00,Purchase,Net Banking,365.35,Success,Dining,0
TX008050,207,2025-03-05 21:02:00,Purchase,UPI,1177.67,Success,Healthcare,0
TX008051,48,2025-07-13 10:19:00,Withdrawal,Net Banking,437.75,Success,Travel,0
TX008052,68,2025-01-24 04:26:00,Purchase,UPI,403.1,Success,Utilities,0
TX008053,322,2025-08-13 04:33:00,Transfer,Net Banking,764.99,Success,Education,0
TX008054,339,2025-07-05 07:44:00,Purchase,Net Banking,723.58,Success,Education,0
TX008055,414,2025-01-20 07:41:00,Withdrawal,UPI,164937.97,Success,Shopping,1
TX008056,315,2025-06-01 00:25:00,Transfer,UPI,1630.23,Success,Healthcare,0
TX008057,355,2025-11-12 16:30:00,Purchase,UPI,1172.85,Success,Education,0
TX008058,490,2025-11-24 21:09:00,Purchase,UPI,858.4,Success,Healthcare,0
TX008059,368,2025-06-27 01:30:00,Transfer,ATM,1281.21,Success,Healthcare,0
TX008060,59,2025-05-19 03:09:00,Transfer,UPI,472.11,Success,Other,0
TX008061,367,2025-02-15 06:29:00,Purchase,Credit Card,1199.29,Success,Travel,0
TX008062,383,2025-04-12 05:23:00,Transfer,UPI,1246.4,Failed,Dining,0
TX008063,227,2025-12-21 12:50:00,Transfer,Net Banking,305.64,Success,Other,0
TX008064,127,2025-04-16 15:02:00,Transfer,UPI,2556.36,Success,Travel,0
TX008065,97,2025-02-16 09:11:00,Refund,Credit Card,518.42,Success,Shopping,0
TX008066,213,2025-05-23 01:51:00,Transfer,Credit Card,1184.13,Success,Healthcare,0
TX008067,301,2025-07-06 18:21:00,Transfer,Debit Card,2950.56,Success,Other,0
TX008068,106,2025-02-20 07:41:00,Transfer,Net Banking,2408.66,Success,Healthcare,0
TX008069,219,2025-02-21 13:58:00,Transfer,Net Banking,1129.11,Success,Utilities,0
TX008070,133,2025-11-30 01:20:00,Purchase,Net Banking,805.83,Success,Groceries,0
TX008071,309,2025-01-23 07:30:00,Purchase,ATM,2453.78,Success,Shopping,0
TX008072,499,2025-01-20 21:35:00,Withdrawal,UPI,1945.92,Success,Healthcare,0
TX008073,258,2025-11-23 02:48:00,Transfer,Debit Card,648.32,Success,Dining,0
TX008074,138,2025-10-04 09:30:00,Purchase,Net Banking,557.99,Success,Dining,0
TX008075,408,2025-02-20 21:30:00,Transfer,UPI,188.39,Success,Shopping,0
TX008076,351,2025-07-26 11:34:00,Bill Payment,Debit Card,1250.04,Success,Utilities,0
TX008077,20,2025-03-08 03:26:00,Bill Payment,UPI,1022.19,Reversed,Healthcare,0
TX008078,41,2025-03-18 12:51:00,Purchase,UPI,2880.63,Success,Education,0
TX008079,343,2025-05-01 20:17:00,Purchase,UPI,164959.84,Success,Other,1
TX008080,256,2025-06-23 08:16:00,Purchase,Debit Card,3408.73,Success,Utilities,0
TX008081,494,2025-09-22 02:24:00,Purchase,Debit Card,606.22,Success,Dining,0
TX008082,123,2025-02-28 12:46:00,Purchase,ATM,2885.43,Success,Dining,0
TX008083,326,2025-03-21 19:43:00,Purchase,UPI,699.54,Success,Shopping,0
TX008084,119,2025-07-18 08:10:00,Bill Payment,Net Banking,2123.79,Success,Education,0
TX008085,491,2025-11-20 19:46:00,Transfer,UPI,317.37,Success,Utilities,0
TX008086,40,2025-08-15 02:07:00,Purchase,Credit Card,1339.25,Success,Education,0
TX008087,280,2025-02-24 01:46:00,Purchase,UPI,202.96,Success,Travel,0
TX008088,77,2025-05-10 12:16:00,Bill Payment,UPI,873.87,Success,Shopping,0
TX008089,377,2025-08-13 13:14:00,Purchase,UPI,1594.48,Success,Travel,0
TX008090,66,2025-12-03 02:28:00,Withdrawal,UPI,704.28,Success,Groceries,0
TX008091,235,2025-07-01 09:30:00,Bill Payment,Credit Card,449.05,Success,Utilities,0
TX008092,431,2025-11-03 12:03:00,Purchase,Net Banking,2251.16,Success,Other,0
TX008093,167,2025-08-27 03:29:00,Transfer,UPI,1004.31,Success,Healthcare,0
TX008094,414,2025-10-02 18:56:00,Transfer,UPI,723.33,Success,Travel,0
TX008095,345,2025-01-16 02:34:00,Purchase,UPI,1136.39,Success,Education,0
TX008096,454,2025-03-26 01:02:00,Transfer,UPI,10313.09,Success,Shopping,0
TX008097,363,2025-02-06 05:50:00,Withdrawal,Net Banking,178533.67,Success,Healthcare,1
TX008098,258,2025-09-17 05:41:00,Transfer,UPI,2945.95,Success,Other,0
TX008099,180,2025-01-13 13:09:00,Bill Payment,Debit Card,1587.97,Success,Dining,0
TX008100,95,2025-02-10 05:04:00,Withdrawal,UPI,1263.34,Success,Utilities,0
TX008101,476,2025-11-07 23:16:00,Transfer,Net Banking,143.07,Success,Education,0
TX008102,479,2025-09-26 11:24:00,Bill Payment,Credit Card,615.77,Failed,Groceries,0
TX008103,194,2025-08-25 04:03:00,Transfer,UPI,728.88,Success,Travel,0
TX008104,289,2025-10-27 03:51:00,Purchase,Debit Card,222.81,Success,Shopping,0
TX008105,177,2025-05-31 18:00:00,Purchase,Debit Card,410.02,Success,Travel,0
TX008106,442,2025-02-13 22:56:00,Bill Payment,ATM,203.63,Success,Groceries,0
TX008107,21,2025-07-15 17:27:00,Bill Payment,UPI,1061.49,Success,Utilities,0
TX008108,384,2025-03-02 17:36:00,Purchase,Debit Card,2199.42,Success,Groceries,0
TX008109,271,2025-07-27 23:38:00,Transfer,UPI,2809.49,Success,Travel,0
TX008110,428,2025-11-06 04:15:00,Purchase,UPI,1560.2,Success,Dining,0
TX008111,415,2025-06-19 14:05:00,Bill Payment,Net Banking,483.53,Success,Travel,0
TX008112,464,2025-06-27 08:15:00,Purchase,UPI,212.25,Success,Education,0
TX008113,264,2025-07-13 06:39:00,Transfer,Debit Card,246.33,Success,Groceries,0
TX008114,94,2025-06-19 05:52:00,Bill Payment,UPI,372.92,Success,Healthcare,0
TX008115,28,2025-02-25 23:18:00,Transfer,Net Banking,515.16,Success,Shopping,0
TX008116,65,2025-09-28 03:37:00,Transfer,Net Banking,957.39,Success,Healthcare,0
TX008117,80,2025-11-04 09:43:00,Bill Payment,Net Banking,463.11,Failed,Dining,0
TX008118,399,2025-10-07 02:21:00,Transfer,UPI,1462.83,Success,Education,0
TX008119,194,2025-06-19 23:02:00,Purchase,Debit Card,900.16,Success,Education,0
TX008120,315,2025-11-08 23:51:00,Bill Payment,UPI,1106.51,Success,Groceries,0
TX008121,3,2025-12-07 06:12:00,Bill Payment,UPI,2890.58,Success,Other,0
TX008122,135,2025-03-11 16:10:00,Purchase,UPI,402.14,Success,Other,0
TX008123,124,2025-07-04 19:49:00,Withdrawal,UPI,1565.4,Success,Shopping,0
TX008124,115,2025-06-25 02:00:00,Purchase,Net Banking,1083.69,Success,Shopping,0
TX008125,369,2025-03-27 16:11:00,Purchase,UPI,825.95,Success,Other,0
TX008126,208,2025-05-15 09:03:00,Transfer,ATM,2327.31,Success,Groceries,0
TX008127,358,2025-08-26 04:48:00,Purchase,UPI,2314.99,Success,Travel,0
TX008128,272,2025-11-23 15:59:00,Purchase,Debit Card,490.53,Success,Shopping,0
TX008129,320,2025-03-20 08:51:00,Transfer,UPI,939.33,Success,Travel,0
TX008130,147,2025-01-21 10:08:00,Purchase,ATM,1392.74,Success,Shopping,0
TX008131,45,2025-12-16 04:46:00,Purchase,Credit Card,869.52,Success,Groceries,0
TX008132,333,2025-01-07 20:50:00,Transfer,UPI,1803.11,Success,Travel,0
TX008133,485,2025-09-09 01:49:00,Purchase,Debit Card,1392.72,Success,Utilities,0
TX008134,481,2025-03-12 02:47:00,Transfer,Credit Card,5206.57,Success,Education,0
TX008135,275,2025-12-06 15:08:00,Transfer,UPI,298.65,Success,Travel,0
TX008136,126,2025-07-04 10:19:00,Purchase,ATM,988.24,Success,Dining,0
TX008137,91,2025-08-13 07:53:00,Purchase,ATM,506.63,Reversed,Other,0
TX008138,24,2025-01-24 22:19:00,Transfer,Net Banking,1832.6,Success,Shopping,0
TX008139,431,2025-11-13 21:57:00,Transfer,UPI,277.38,Success,Education,0
TX008140,23,2025-05-06 23:23:00,Purchase,Credit Card,1471.98,Success,Other,0
TX008141,296,2025-03-26 19:35:00,Purchase,UPI,641.92,Success,Other,0
TX008142,240,2025-04-25 03:50:00,Purchase,Net Banking,587.55,Success,Groceries,0
TX008143,223,2025-09-11 02:38:00,Purchase,UPI,320.69,Success,Groceries,0
TX008144,313,2025-12-20 00:49:00,Purchase,UPI,738.55,Success,Utilities,0
TX008145,282,2025-07-30 03:41:00,Purchase,UPI,122122.15,Success,Dining,1
TX008146,113,2025-05-12 10:51:00,Transfer,UPI,1073.4,Success,Shopping,0
TX008147,354,2025-05-18 09:57:00,Purchase,ATM,1869.69,Reversed,Utilities,0
TX008148,257,2025-08-18 04:25:00,Transfer,ATM,4514.03,Success,Travel,0
TX008149,338,2025-06-22 21:26:00,Purchase,UPI,1372.23,Success,Healthcare,0
TX008150,338,2025-04-11 01:45:00,Withdrawal,ATM,681.99,Success,Utilities,0
TX008151,89,2025-01-11 10:20:00,Purchase,Net Banking,1631.35,Success,Utilities,0
TX008152,174,2025-10-09 17:11:00,Purchase,Net Banking,690.45,Success,Healthcare,0
TX008153,274,2025-01-22 12:05:00,Transfer,Credit Card,714.26,Success,Shopping,0
TX008154,131,2025-09-29 01:27:00,Purchase,UPI,301.3,Success,Healthcare,0
TX008155,432,2025-03-26 15:41:00,Purchase,Debit Card,2409.85,Success,Utilities,0
TX008156,226,2025-09-21 20:58:00,Refund,ATM,789.89,Success,Other,0
TX008157,260,2025-10-13 05:27:00,Purchase,UPI,1280.22,Success,Shopping,0
TX008158,71,2025-12-09 03:36:00,Bill Payment,UPI,454.61,Success,Other,0
TX008159,45,2025-11-24 04:07:00,Refund,Debit Card,1588.52,Success,Dining,0
TX008160,23,2025-03-05 12:52:00,Purchase,Net Banking,573.84,Success,Other,0
TX008161,160,2025-04-27 06:29:00,Transfer,ATM,972.19,Success,Travel,0
TX008162,258,2025-04-10 00:43:00,Transfer,UPI,2312.66,Success,Groceries,0
TX008163,449,2025-10-28 19:07:00,Purchase,UPI,2147.68,Success,Utilities,0
TX008164,370,2025-02-12 18:08:00,Purchase,Debit Card,1076.29,Success,Travel,0
TX008165,48,2025-09-22 13:29:00,Bill Payment,UPI,243.98,Success,Utilities,0
TX008166,56,2025-05-10 08:00:00,Transfer,Debit Card,13959.13,Success,Utilities,0
TX008167,239,2025-10-07 13:40:00,Transfer,UPI,4836.66,Success,Education,0
TX008168,487,2025-04-16 05:16:00,Purchase,UPI,2026.92,Success,Dining,0
TX008169,219,2025-07-24 05:00:00,Transfer,UPI,578.12,Success,Shopping,0
TX008170,106,2025-11-29 02:05:00,Purchase,UPI,995.7,Success,Groceries,0
TX008171,477,2025-12-30 06:32:00,Transfer,Debit Card,690.97,Success,Travel,0
TX008172,309,2025-03-09 09:37:00,Transfer,Debit Card,126635.4,Success,Utilities,1
TX008173,432,2025-09-29 13:34:00,Purchase,UPI,1370.77,Success,Education,0
TX008174,279,2025-11-19 21:56:00,Purchase,UPI,563.1,Success,Travel,0
TX008175,198,2025-09-23 15:49:00,Bill Payment,Net Banking,734.99,Success,Other,0
TX008176,446,2025-06-14 22:29:00,Transfer,Credit Card,2844.12,Success,Education,0
TX008177,182,2025-06-16 00:09:00,Bill Payment,Net Banking,4273.05,Success,Healthcare,0
TX008178,431,2025-08-06 09:54:00,Purchase,Credit Card,4020.18,Success,Other,0
TX008179,252,2025-06-07 21:35:00,Transfer,Credit Card,2086.99,Success,Groceries,0
TX008180,21,2025-11-25 13:43:00,Transfer,UPI,884.72,Success,Shopping,0
TX008181,336,2025-09-24 03:34:00,Purchase,Debit Card,69.74,Success,Shopping,0
TX008182,143,2025-06-20 06:10:00,Withdrawal,Credit Card,1411.75,Success,Education,0
TX008183,256,2025-07-24 18:14:00,Transfer,Net Banking,1094.93,Success,Healthcare,0
TX008184,134,2025-11-02 21:02:00,Purchase,Credit Card,1235.2,Success,Other,0
TX008185,450,2025-12-08 19:49:00,Purchase,UPI,1148.04,Success,Other,0
TX008186,349,2025-07-24 01:21:00,Transfer,Net Banking,355.2,Success,Utilities,0
TX008187,366,2025-10-10 10:25:00,Transfer,UPI,1761.28,Success,Other,0
TX008188,204,2025-08-14 04:30:00,Withdrawal,UPI,1876.91,Success,Groceries,0
TX008189,225,2025-08-06 21:22:00,Withdrawal,Credit Card,1958.61,Success,Groceries,0
TX008190,214,2025-02-16 09:12:00,Purchase,Credit Card,2451.83,Success,Shopping,0
TX008191,396,2025-04-22 14:46:00,Purchase,UPI,1832.51,Success,Other,0
TX008192,2,2025-08-21 08:22:00,Transfer,Net Banking,773.93,Success,Travel,0
TX008193,58,2025-09-14 01:11:00,Purchase,Net Banking,1032.55,Success,Healthcare,0
TX008194,425,2025-08-02 06:18:00,Purchase,UPI,1184.95,Success,Groceries,0
TX008195,497,2025-08-13 15:19:00,Purchase,UPI,1201.76,Success,Education,0
TX008196,494,2025-06-15 17:11:00,Purchase,UPI,2561.85,Success,Other,0
TX008197,30,2025-01-31 08:30:00,Bill Payment,UPI,1895.27,Success,Education,0
TX008198,218,2025-06-13 09:51:00,Purchase,Credit Card,6410.82,Success,Travel,0
TX008199,238,2025-02-10 11:40:00,Purchase,Net Banking,7154.51,Success,Utilities,0
TX008200,367,2025-11-21 04:45:00,Purchase,Net Banking,1173.45,Success,Groceries,0
TX008201,77,2025-03-04 19:06:00,Purchase,UPI,42.05,Success,Groceries,0
TX008202,161,2025-01-13 17:22:00,Purchase,UPI,3137.9,Success,Travel,0
TX008203,243,2025-03-28 14:59:00,Purchase,ATM,692.76,Success,Travel,0
TX008204,143,2025-05-29 10:34:00,Bill Payment,UPI,554.87,Success,Utilities,0
TX008205,491,2025-04-01 01:09:00,Bill Payment,ATM,781.58,Success,Education,0
TX008206,407,2025-12-26 14:20:00,Withdrawal,Credit Card,750.21,Success,Education,0
TX008207,100,2025-01-09 13:24:00,Transfer,UPI,1845.36,Success,Dining,0
TX008208,261,2025-05-26 11:54:00,Purchase,UPI,291.34,Success,Healthcare,0
TX008209,92,2025-11-24 10:14:00,Withdrawal,Net Banking,197392.62,Success,Healthcare,1
TX008210,119,2025-05-25 18:26:00,Purchase,UPI,1468.04,Success,Education,0
TX008211,433,2025-10-22 05:17:00,Transfer,Credit Card,1862.18,Success,Shopping,0
TX008212,136,2025-01-24 11:39:00,Purchase,UPI,1891.85,Success,Education,0
TX008213,141,2025-10-08 16:02:00,Transfer,Credit Card,561.73,Success,Groceries,0
TX008214,293,2025-01-07 07:15:00,Transfer,UPI,477.46,Success,Dining,0
TX008215,21,2025-12-11 23:33:00,Bill Payment,ATM,712.91,Success,Dining,0
TX008216,327,2025-09-24 10:37:00,Purchase,UPI,1344.65,Success,Other,0
TX008217,44,2025-01-18 21:36:00,Purchase,Debit Card,3876.38,Success,Education,0
TX008218,393,2025-12-14 04:31:00,Refund,Net Banking,192.42,Success,Dining,0
TX008219,388,2025-06-21 20:49:00,Withdrawal,Credit Card,909.03,Success,Utilities,0
TX008220,332,2025-01-07 06:13:00,Purchase,ATM,353.27,Success,Shopping,0
TX008221,123,2025-07-26 06:34:00,Transfer,ATM,269.24,Success,Education,0
TX008222,66,2025-04-26 17:14:00,Transfer,UPI,2494.67,Success,Other,0
TX008223,383,2025-10-13 22:31:00,Purchase,ATM,1742.25,Success,Dining,0
TX008224,294,2025-09-28 14:43:00,Purchase,Debit Card,1606.83,Success,Groceries,0
TX008225,453,2025-01-10 16:23:00,Purchase,Net Banking,2399.16,Success,Shopping,0
TX008226,467,2025-12-03 06:52:00,Refund,Debit Card,729.41,Success,Other,0
TX008227,293,2025-02-02 12:09:00,Transfer,UPI,759.19,Success,Groceries,0
TX008228,252,2025-08-14 19:07:00,Withdrawal,UPI,7029.5,Failed,Utilities,0
TX008229,122,2025-03-25 03:46:00,Bill Payment,Credit Card,889.28,Success,Shopping,0
TX008230,186,2025-03-17 02:18:00,Purchase,UPI,2048.5,Success,Other,0
TX008231,369,2025-02-19 23:37:00,Withdrawal,ATM,1102.6,Success,Dining,0
TX008232,368,2025-12-05 10:37:00,Refund,Credit Card,227.92,Success,Other,0
TX008233,341,2025-06-30 17:51:00,Purchase,Net Banking,192.88,Success,Utilities,0
TX008234,40,2025-07-15 05:03:00,Transfer,UPI,670.39,Success,Travel,0
TX008235,205,2025-03-12 20:21:00,Purchase,Debit Card,128477.72,Success,Dining,1
TX008236,330,2025-11-12 12:22:00,Transfer,ATM,2143.18,Success,Shopping,0
TX008237,73,2025-12-20 12:17:00,Withdrawal,UPI,2385.03,Success,Utilities,0
TX008238,439,2025-06-07 13:50:00,Purchase,ATM,473.91,Success,Travel,0
TX008239,82,2025-05-04 22:30:00,Purchase,UPI,4330.73,Failed,Other,0
TX008240,482,2025-10-24 03:12:00,Transfer,Debit Card,482.92,Success,Other,0
TX008241,145,2025-09-11 14:56:00,Purchase,UPI,1314.09,Success,Groceries,0
TX008242,177,2025-06-16 20:10:00,Transfer,Credit Card,1087.03,Success,Utilities,0
TX008243,387,2025-05-08 08:32:00,Purchase,Debit Card,945.97,Success,Dining,0
TX008244,340,2025-07-15 17:39:00,Withdrawal,UPI,3421.39,Success,Healthcare,0
TX008245,164,2025-12-01 14:54:00,Purchase,Debit Card,602.24,Success,Healthcare,0
TX008246,473,2025-10-22 14:03:00,Purchase,UPI,348.22,Success,Healthcare,0
TX008247,343,2025-06-14 00:15:00,Purchase,UPI,1115.43,Success,Groceries,0
TX008248,54,2025-09-15 00:24:00,Purchase,UPI,780.67,Success,Other,0
TX008249,228,2025-12-27 00:57:00,Purchase,Debit Card,19356.34,Success,Utilities,0
TX008250,145,2025-07-08 14:17:00,Purchase,ATM,1948.92,Success,Shopping,0
TX008251,3,2025-04-28 11:59:00,Withdrawal,Debit Card,774.38,Success,Groceries,0
TX008252,261,2025-03-05 22:22:00,Purchase,Debit Card,446.89,Success,Utilities,0
TX008253,88,2025-12-30 10:12:00,Purchase,Net Banking,221.8,Success,Groceries,0
TX008254,332,2025-09-14 02:24:00,Withdrawal,UPI,458.78,Success,Dining,0
TX008255,252,2025-07-25 16:11:00,Purchase,UPI,1209.18,Success,Utilities,0
TX008256,301,2025-11-04 23:20:00,Bill Payment,UPI,3689.44,Success,Utilities,0
TX008257,87,2025-06-24 11:15:00,Transfer,ATM,2845.33,Success,Other,0
TX008258,293,2025-12-22 06:36:00,Withdrawal,Net Banking,1332.39,Success,Dining,0
TX008259,476,2025-03-19 01:39:00,Purchase,Net Banking,833.23,Success,Dining,0
TX008260,26,2025-07-20 14:16:00,Purchase,Debit Card,1378.14,Success,Shopping,0
TX008261,247,2025-10-09 03:32:00,Transfer,Debit Card,705.68,Success,Education,0
TX008262,278,2025-04-30 08:02:00,Purchase,UPI,4724.94,Success,Healthcare,0
TX008263,421,2025-07-29 16:19:00,Purchase,Credit Card,933.73,Success,Healthcare,0
TX008264,44,2025-10-12 06:06:00,Purchase,Debit Card,1019.04,Success,Groceries,0
TX008265,12,2025-12-17 21:08:00,Transfer,Debit Card,166.76,Success,Dining,0
TX008266,471,2025-02-09 21:37:00,Purchase,UPI,928.79,Success,Groceries,0
TX008267,121,2025-05-28 17:32:00,Purchase,ATM,2232.8,Success,Utilities,0
TX008268,357,2025-05-06 05:10:00,Transfer,Net Banking,442.5,Success,Utilities,0
TX008269,162,2025-08-08 06:06:00,Transfer,Debit Card,579.34,Success,Shopping,0
TX008270,358,2025-02-19 06:20:00,Refund,ATM,2151.25,Success,Education,0
TX008271,322,2025-06-28 11:46:00,Purchase,UPI,312.57,Success,Utilities,0
TX008272,415,2025-10-27 12:33:00,Withdrawal,Debit Card,2694.94,Success,Healthcare,0
TX008273,412,2025-06-26 13:08:00,Purchase,Debit Card,697.62,Success,Other,0
TX008274,27,2025-01-17 04:33:00,Transfer,UPI,788.17,Success,Groceries,0
TX008275,119,2025-05-14 10:33:00,Purchase,UPI,421.87,Success,Utilities,0
TX008276,59,2025-08-16 17:50:00,Bill Payment,UPI,1512.23,Failed,Travel,0
TX008277,191,2025-04-27 16:52:00,Transfer,Credit Card,8874.09,Reversed,Education,0
TX008278,127,2025-10-25 20:01:00,Bill Payment,ATM,2130.84,Success,Other,0
TX008279,29,2025-05-17 16:08:00,Purchase,UPI,526.03,Success,Travel,0
TX008280,58,2025-11-04 07:41:00,Bill Payment,Debit Card,2879.23,Success,Dining,0
TX008281,306,2025-09-16 07:26:00,Bill Payment,Debit Card,837.84,Success,Healthcare,0
TX008282,61,2025-06-23 06:08:00,Purchase,UPI,3527.39,Success,Travel,0
TX008283,143,2025-03-23 04:51:00,Purchase,Net Banking,2176.94,Success,Groceries,0
TX008284,359,2025-02-03 19:18:00,Transfer,UPI,89.87,Success,Education,0
TX008285,127,2025-07-22 03:40:00,Purchase,UPI,467.09,Success,Healthcare,0
TX008286,396,2025-04-07 16:02:00,Bill Payment,Debit Card,2447.27,Success,Travel,0
TX008287,329,2025-07-30 21:46:00,Transfer,Credit Card,1247.51,Success,Other,0
TX008288,307,2025-02-11 01:34:00,Purchase,Net Banking,459.35,Success,Groceries,0
TX008289,457,2025-08-22 13:11:00,Bill Payment,UPI,639.99,Success,Shopping,0
TX008290,15,2025-12-21 20:47:00,Refund,Debit Card,216.96,Success,Travel,0
TX008291,18,2025-12-15 01:14:00,Purchase,Debit Card,1017.27,Success,Shopping,0
TX008292,97,2025-12-07 05:09:00,Refund,Net Banking,7180.23,Success,Utilities,0
TX008293,200,2025-10-18 23:47:00,Purchase,UPI,2173.72,Success,Groceries,0
TX008294,229,2025-05-07 08:00:00,Purchase,Debit Card,7057.56,Success,Education,0
TX008295,143,2025-01-08 11:49:00,Transfer,UPI,2321.66,Success,Travel,0
TX008296,227,2025-08-16 03:15:00,Purchase,UPI,2626.37,Reversed,Utilities,0
TX008297,425,2025-11-02 10:10:00,Purchase,UPI,5872.1,Success,Dining,0
TX008298,182,2025-09-09 10:21:00,Purchase,Debit Card,1511.22,Success,Healthcare,0
TX008299,445,2025-11-03 15:34:00,Withdrawal,UPI,935.29,Success,Shopping,0
TX008300,131,2025-12-01 11:24:00,Transfer,Debit Card,2637.95,Success,Education,0
TX008301,265,2025-07-19 15:09:00,Transfer,UPI,3773.52,Success,Education,0
TX008302,361,2025-08-17 08:21:00,Transfer,UPI,729.26,Success,Shopping,0
TX008303,12,2025-06-28 14:18:00,Transfer,Debit Card,593.87,Success,Shopping,0
TX008304,494,2025-09-19 13:06:00,Purchase,UPI,1234.01,Success,Travel,0
TX008305,85,2025-09-26 14:20:00,Purchase,UPI,2223.36,Success,Groceries,0
TX008306,231,2025-12-30 04:10:00,Transfer,UPI,2161.11,Success,Education,0
TX008307,401,2025-09-12 19:50:00,Withdrawal,UPI,326.84,Success,Utilities,0
TX008308,412,2025-12-23 09:17:00,Purchase,UPI,5568.41,Success,Utilities,0
TX008309,174,2025-04-04 10:24:00,Purchase,UPI,635.88,Reversed,Healthcare,0
TX008310,45,2025-08-05 15:56:00,Purchase,UPI,875.41,Success,Travel,0
TX008311,425,2025-08-29 00:39:00,Withdrawal,UPI,509.15,Failed,Healthcare,0
TX008312,156,2025-12-05 21:51:00,Transfer,UPI,10868.02,Success,Healthcare,0
TX008313,75,2025-10-29 13:24:00,Purchase,UPI,1347.17,Success,Other,0
TX008314,419,2025-10-10 12:39:00,Bill Payment,Credit Card,532.01,Failed,Groceries,0
TX008315,235,2025-11-24 22:15:00,Purchase,Credit Card,2285.49,Success,Dining,0
TX008316,330,2025-04-19 07:39:00,Purchase,ATM,2108.57,Success,Healthcare,0
TX008317,247,2025-08-03 12:43:00,Transfer,UPI,934.89,Success,Travel,0
TX008318,53,2025-12-30 08:22:00,Purchase,UPI,2240.64,Success,Shopping,0
TX008319,224,2025-03-23 11:03:00,Purchase,Credit Card,543.76,Success,Groceries,0
TX008320,448,2025-02-07 11:25:00,Transfer,ATM,721.27,Success,Education,0
TX008321,213,2025-03-04 09:02:00,Purchase,Net Banking,198.6,Success,Education,0
TX008322,1,2025-01-31 21:34:00,Transfer,Debit Card,355.9,Success,Healthcare,0
TX008323,172,2025-07-03 20:11:00,Purchase,Net Banking,5097.4,Failed,Travel,0
TX008324,98,2025-05-03 03:21:00,Transfer,UPI,4425.84,Success,Groceries,0
TX008325,43,2025-09-02 11:47:00,Refund,ATM,1159.7,Success,Utilities,0
TX008326,330,2025-08-17 13:25:00,Bill Payment,UPI,4507.47,Success,Shopping,0
TX008327,23,2025-04-11 06:34:00,Bill Payment,Net Banking,957.13,Success,Groceries,0
TX008328,400,2025-06-14 23:48:00,Purchase,ATM,891.67,Success,Shopping,0
TX008329,120,2025-02-11 05:05:00,Withdrawal,UPI,1150.59,Success,Healthcare,0
TX008330,436,2025-05-31 23:51:00,Purchase,Net Banking,986.16,Success,Healthcare,0
TX008331,99,2025-09-07 22:11:00,Purchase,Debit Card,913.32,Failed,Shopping,0
TX008332,122,2025-05-18 21:06:00,Purchase,UPI,2898.33,Success,Education,0
TX008333,130,2025-05-13 11:18:00,Bill Payment,Debit Card,1245.9,Success,Shopping,0
TX008334,368,2025-01-18 03:57:00,Purchase,UPI,2009.44,Success,Groceries,0
TX008335,239,2025-01-02 03:17:00,Purchase,UPI,2635.09,Success,Healthcare,0
TX008336,173,2025-06-28 04:04:00,Purchase,Net Banking,1525.32,Success,Healthcare,0
TX008337,52,2025-03-06 22:49:00,Purchase,Debit Card,480.71,Success,Dining,0
TX008338,8,2025-11-08 06:02:00,Transfer,Debit Card,347.26,Success,Dining,0
TX008339,137,2025-12-28 19:48:00,Transfer,UPI,1244.47,Success,Education,0
TX008340,378,2025-05-22 08:19:00,Bill Payment,Credit Card,948.07,Success,Education,0
TX008341,232,2025-10-31 09:21:00,Purchase,Debit Card,1181.2,Success,Dining,0
TX008342,500,2025-05-14 13:03:00,Transfer,Debit Card,1081.77,Success,Other,0
TX008343,175,2025-05-19 13:58:00,Purchase,Net Banking,9857.99,Failed,Shopping,0
TX008344,3,2025-01-18 05:22:00,Bill Payment,UPI,354.0,Success,Other,0
TX008345,47,2025-05-27 12:23:00,Refund,UPI,202.06,Success,Shopping,0
TX008346,377,2025-10-19 01:30:00,Bill Payment,Credit Card,1454.65,Success,Other,0
TX008347,321,2025-09-28 18:32:00,Purchase,UPI,796.35,Success,Utilities,0
TX008348,227,2025-10-01 18:42:00,Bill Payment,Net Banking,1434.62,Failed,Shopping,0
TX008349,372,2025-01-21 05:23:00,Purchase,Debit Card,1801.37,Success,Travel,0
TX008350,373,2025-10-09 11:26:00,Purchase,ATM,3266.55,Success,Shopping,0
TX008351,39,2025-01-15 14:29:00,Purchase,Debit Card,304.56,Failed,Dining,0
TX008352,201,2025-01-14 01:24:00,Purchase,UPI,683.2,Success,Healthcare,0
TX008353,424,2025-05-21 22:13:00,Bill Payment,Debit Card,1578.84,Success,Groceries,0
TX008354,103,2025-07-19 15:11:00,Bill Payment,UPI,2110.95,Success,Utilities,0
TX008355,236,2025-10-09 06:22:00,Withdrawal,Debit Card,7075.77,Success,Groceries,0
TX008356,86,2025-05-04 23:38:00,Withdrawal,UPI,2470.93,Success,Groceries,0
TX008357,252,2025-10-09 10:09:00,Refund,Debit Card,1044.96,Success,Other,0
TX008358,243,2025-10-17 05:09:00,Purchase,UPI,514.47,Failed,Utilities,0
TX008359,284,2025-07-26 08:56:00,Purchase,UPI,678.82,Success,Dining,0
TX008360,176,2025-09-06 22:32:00,Purchase,Debit Card,662.62,Success,Travel,0
TX008361,486,2025-01-28 18:00:00,Purchase,Credit Card,1914.0,Success,Travel,0
TX008362,286,2025-02-27 13:47:00,Purchase,UPI,1364.37,Success,Dining,0
TX008363,143,2025-06-15 07:58:00,Withdrawal,Credit Card,355.99,Success,Healthcare,0
TX008364,403,2025-08-31 01:33:00,Purchase,Debit Card,757.09,Success,Healthcare,0
TX008365,42,2025-09-12 17:36:00,Purchase,UPI,2312.11,Success,Travel,0
TX008366,132,2025-02-18 05:51:00,Purchase,UPI,1478.69,Success,Travel,0
TX008367,139,2025-03-27 07:24:00,Bill Payment,UPI,1778.18,Success,Education,0
TX008368,60,2025-12-09 21:48:00,Withdrawal,UPI,1518.51,Success,Healthcare,0
TX008369,379,2025-12-03 08:33:00,Bill Payment,ATM,4369.77,Success,Travel,0
TX008370,429,2025-03-17 17:31:00,Purchase,Net Banking,111988.61,Success,Shopping,1
TX008371,31,2025-12-10 15:08:00,Transfer,Credit Card,789.88,Success,Shopping,0
TX008372,131,2025-05-26 18:10:00,Transfer,UPI,503.51,Success,Shopping,0
TX008373,289,2025-02-12 03:27:00,Withdrawal,UPI,1355.83,Success,Shopping,0
TX008374,282,2025-12-06 13:24:00,Purchase,ATM,137.74,Success,Shopping,0
TX008375,453,2025-12-01 06:58:00,Withdrawal,UPI,937.63,Success,Healthcare,0
TX008376,174,2025-01-04 23:14:00,Purchase,UPI,920.61,Success,Travel,0
TX008377,136,2025-05-31 22:02:00,Purchase,ATM,343.85,Success,Education,0
TX008378,83,2025-01-26 23:53:00,Transfer,ATM,498.19,Success,Other,0
TX008379,449,2025-09-18 12:01:00,Purchase,UPI,2182.46,Success,Dining,0
TX008380,138,2025-11-14 09:25:00,Purchase,Net Banking,1334.22,Success,Dining,0
TX008381,304,2025-08-08 09:03:00,Transfer,UPI,1195.74,Success,Education,0
TX008382,384,2025-03-19 08:14:00,Purchase,UPI,1422.82,Success,Groceries,0
TX008383,46,2025-02-15 13:15:00,Transfer,UPI,1186.46,Failed,Dining,0
TX008384,287,2025-02-06 10:58:00,Purchase,UPI,3154.02,Success,Shopping,0
TX008385,29,2025-07-21 14:04:00,Transfer,Debit Card,1217.94,Reversed,Utilities,0
TX008386,335,2025-12-02 19:53:00,Purchase,Credit Card,317.51,Failed,Dining,0
TX008387,450,2025-01-26 03:43:00,Withdrawal,UPI,4383.53,Success,Groceries,0
TX008388,420,2025-10-18 19:20:00,Bill Payment,Credit Card,1502.36,Success,Utilities,0
TX008389,283,2025-03-01 22:35:00,Purchase,UPI,664.57,Success,Groceries,0
TX008390,342,2025-01-03 14:26:00,Transfer,ATM,377.89,Success,Dining,0
TX008391,298,2025-08-28 18:57:00,Purchase,UPI,1535.37,Success,Groceries,0
TX008392,375,2025-02-11 23:07:00,Purchase,UPI,992.68,Success,Travel,0
TX008393,83,2025-05-04 02:21:00,Purchase,Credit Card,4179.83,Success,Education,0
TX008394,220,2025-07-31 17:06:00,Purchase,UPI,817.28,Success,Education,0
TX008395,153,2025-04-16 18:10:00,Purchase,Debit Card,538.2,Success,Travel,0
TX008396,38,2025-08-14 13:48:00,Withdrawal,Net Banking,2348.25,Failed,Other,0
TX008397,93,2025-01-07 20:21:00,Bill Payment,UPI,2407.85,Success,Travel,0
TX008398,204,2025-10-23 01:59:00,Bill Payment,Credit Card,1265.67,Success,Healthcare,0
TX008399,451,2025-10-28 20:00:00,Purchase,UPI,1948.67,Success,Dining,0
TX008400,409,2025-05-14 18:17:00,Purchase,ATM,1062.06,Success,Groceries,0
TX008401,237,2025-02-27 21:10:00,Purchase,Debit Card,1337.8,Success,Shopping,0
TX008402,492,2025-12-13 13:39:00,Transfer,Net Banking,2952.01,Success,Education,0
TX008403,449,2025-05-22 07:37:00,Transfer,Debit Card,1865.94,Success,Healthcare,0
TX008404,482,2025-10-07 21:48:00,Bill Payment,Credit Card,949.67,Success,Dining,0
TX008405,376,2025-03-13 05:46:00,Purchase,UPI,3461.68,Reversed,Travel,0
TX008406,486,2025-04-03 16:36:00,Bill Payment,Credit Card,146.92,Success,Shopping,0
TX008407,335,2025-06-12 01:55:00,Purchase,Debit Card,6274.58,Success,Utilities,0
TX008408,459,2025-01-11 15:45:00,Purchase,ATM,257.22,Success,Healthcare,0
TX008409,28,2025-03-08 16:52:00,Transfer,UPI,643.53,Success,Other,0
TX008410,292,2025-08-12 11:09:00,Refund,Debit Card,1059.15,Success,Travel,0
TX008411,25,2025-12-05 23:36:00,Purchase,UPI,968.25,Success,Groceries,0
TX008412,380,2025-05-11 15:04:00,Bill Payment,UPI,2579.75,Success,Other,0
TX008413,268,2025-04-13 21:14:00,Transfer,UPI,446.23,Success,Travel,0
TX008414,134,2025-01-03 07:27:00,Transfer,Net Banking,1368.75,Success,Other,0
TX008415,418,2025-07-29 20:31:00,Withdrawal,Net Banking,670.83,Success,Education,0
TX008416,313,2025-08-03 08:52:00,Bill Payment,UPI,1409.33,Success,Other,0
TX008417,324,2025-10-07 14:01:00,Transfer,Debit Card,1037.89,Success,Groceries,0
TX008418,158,2025-09-12 09:56:00,Transfer,UPI,1186.78,Success,Dining,0
TX008419,242,2025-10-09 23:25:00,Transfer,UPI,687.16,Success,Utilities,0
TX008420,393,2025-12-14 12:57:00,Bill Payment,UPI,710.84,Failed,Education,0
TX008421,252,2025-10-27 01:38:00,Bill Payment,UPI,1399.94,Success,Other,0
TX008422,144,2025-12-01 02:25:00,Purchase,UPI,2445.87,Success,Education,0
TX008423,106,2025-09-06 23:44:00,Purchase,UPI,659.49,Success,Travel,0
TX008424,49,2025-12-15 13:39:00,Purchase,Debit Card,524.03,Success,Utilities,0
TX008425,160,2025-01-26 19:14:00,Bill Payment,UPI,1847.23,Success,Utilities,0
TX008426,162,2025-05-29 02:24:00,Transfer,UPI,1066.75,Success,Travel,0
TX008427,6,2025-02-14 14:56:00,Bill Payment,UPI,2221.47,Success,Shopping,0
TX008428,356,2025-02-12 16:18:00,Withdrawal,Debit Card,507.79,Success,Groceries,0
TX008429,44,2025-02-02 16:12:00,Withdrawal,UPI,241.65,Success,Dining,0
TX008430,240,2025-04-05 00:14:00,Withdrawal,UPI,697.11,Success,Education,0
TX008431,50,2025-12-28 22:04:00,Transfer,Net Banking,571.69,Success,Groceries,0
TX008432,96,2025-09-27 00:51:00,Purchase,UPI,1025.6,Success,Dining,0
TX008433,439,2025-10-11 20:47:00,Transfer,UPI,638.22,Success,Groceries,0
TX008434,300,2025-03-07 16:43:00,Transfer,Debit Card,2058.77,Success,Shopping,0
TX008435,210,2025-09-10 15:34:00,Purchase,UPI,858.4,Success,Other,0
TX008436,32,2025-12-11 21:52:00,Purchase,Debit Card,1246.26,Success,Dining,0
TX008437,205,2025-05-28 16:58:00,Purchase,Debit Card,1253.87,Success,Utilities,0
TX008438,293,2025-06-17 03:47:00,Purchase,Net Banking,1294.28,Success,Other,0
TX008439,500,2025-01-10 06:30:00,Transfer,UPI,1074.37,Success,Dining,0
TX008440,387,2025-09-24 20:04:00,Purchase,UPI,1692.58,Success,Groceries,0
TX008441,282,2025-03-04 18:21:00,Transfer,Credit Card,557.63,Failed,Healthcare,0
TX008442,200,2025-09-13 00:39:00,Bill Payment,Debit Card,3602.94,Success,Dining,0
TX008443,1,2025-12-06 19:52:00,Bill Payment,Debit Card,896.9,Success,Education,0
TX008444,283,2025-12-19 23:59:00,Bill Payment,Net Banking,359.67,Success,Dining,0
TX008445,414,2025-12-21 22:54:00,Transfer,UPI,1286.73,Success,Healthcare,0
TX008446,121,2025-11-23 02:35:00,Transfer,Debit Card,531.92,Success,Education,0
TX008447,11,2025-11-23 04:26:00,Transfer,Net Banking,1930.5,Success,Utilities,0
TX008448,6,2025-12-15 19:09:00,Transfer,UPI,7173.61,Success,Groceries,0
TX008449,216,2025-08-21 05:44:00,Transfer,Net Banking,561.95,Success,Healthcare,0
TX008450,324,2025-04-25 03:32:00,Purchase,Debit Card,1454.64,Failed,Travel,0
TX008451,66,2025-07-07 03:35:00,Transfer,UPI,246.61,Success,Healthcare,0
TX008452,420,2025-07-15 08:15:00,Withdrawal,Net Banking,1612.95,Success,Utilities,0
TX008453,117,2025-03-02 14:11:00,Transfer,UPI,516.54,Success,Education,0
TX008454,436,2025-01-22 01:56:00,Transfer,Debit Card,644.77,Success,Dining,0
TX008455,388,2025-07-17 19:14:00,Transfer,Debit Card,430.05,Success,Utilities,0
TX008456,110,2025-09-07 16:17:00,Bill Payment,UPI,2043.31,Success,Education,0
TX008457,387,2025-11-09 07:29:00,Refund,UPI,2581.71,Success,Groceries,0
TX008458,261,2025-09-15 11:42:00,Purchase,Debit Card,1118.65,Failed,Travel,0
TX008459,123,2025-08-23 04:07:00,Purchase,ATM,525.97,Success,Utilities,0
TX008460,42,2025-10-11 16:15:00,Purchase,Credit Card,4234.81,Success,Utilities,0
TX008461,80,2025-06-24 01:29:00,Purchase,UPI,579.49,Success,Other,0
TX008462,411,2025-04-06 21:20:00,Withdrawal,UPI,174.56,Success,Other,0
TX008463,103,2025-01-12 14:14:00,Purchase,UPI,1619.11,Success,Groceries,0
TX008464,269,2025-03-19 04:41:00,Withdrawal,UPI,428.78,Success,Groceries,0
TX008465,385,2025-11-26 08:33:00,Bill Payment,ATM,2541.01,Success,Shopping,0
TX008466,2,2025-08-21 16:11:00,Bill Payment,Debit Card,793.17,Success,Education,0
TX008467,248,2025-10-04 20:56:00,Purchase,Debit Card,1831.99,Success,Other,0
TX008468,489,2025-02-04 02:07:00,Withdrawal,Net Banking,3609.32,Success,Shopping,0
TX008469,120,2025-05-02 00:31:00,Refund,Debit Card,392.47,Failed,Groceries,0
TX008470,95,2025-03-31 19:13:00,Transfer,ATM,677.87,Success,Dining,0
TX008471,401,2025-09-03 17:22:00,Purchase,UPI,1028.32,Success,Other,0
TX008472,195,2025-10-05 10:59:00,Purchase,Debit Card,4051.81,Success,Travel,0
TX008473,79,2025-09-28 13:36:00,Transfer,UPI,626.64,Success,Dining,0
TX008474,277,2025-01-14 02:23:00,Bill Payment,Net Banking,661.61,Success,Utilities,0
TX008475,387,2025-06-15 11:54:00,Purchase,UPI,1646.52,Success,Other,0
TX008476,78,2025-01-20 19:04:00,Purchase,Net Banking,671.39,Failed,Travel,0
TX008477,58,2025-06-12 11:01:00,Purchase,UPI,1248.44,Success,Dining,0
TX008478,246,2025-04-01 05:16:00,Purchase,UPI,293.3,Success,Dining,0
TX008479,134,2025-09-09 19:45:00,Transfer,Debit Card,7202.48,Reversed,Other,0
TX008480,486,2025-02-15 07:35:00,Withdrawal,Debit Card,348.78,Success,Groceries,0
TX008481,121,2025-01-07 14:34:00,Withdrawal,ATM,834.23,Success,Utilities,0
TX008482,113,2025-09-03 13:57:00,Transfer,UPI,1066.77,Success,Shopping,0
TX008483,155,2025-02-13 22:20:00,Bill Payment,Debit Card,5573.54,Success,Healthcare,0
TX008484,405,2025-09-07 06:22:00,Purchase,Net Banking,355.63,Success,Shopping,0
TX008485,261,2025-12-10 09:45:00,Bill Payment,UPI,5920.34,Success,Travel,0
TX008486,424,2025-12-02 12:58:00,Purchase,Credit Card,2087.25,Failed,Healthcare,0
TX008487,408,2025-09-10 19:20:00,Purchase,Net Banking,1563.26,Success,Travel,0
TX008488,395,2025-08-13 10:33:00,Transfer,Credit Card,474.88,Reversed,Other,0
TX008489,117,2025-02-20 06:58:00,Transfer,Debit Card,1781.96,Success,Groceries,0
TX008490,319,2025-08-03 23:18:00,Purchase,Debit Card,592.91,Success,Education,0
TX008491,108,2025-11-15 07:04:00,Transfer,Debit Card,3218.47,Success,Education,0
TX008492,426,2025-06-17 11:23:00,Transfer,Net Banking,480.39,Success,Travel,0
TX008493,437,2025-05-22 02:04:00,Transfer,Net Banking,996.07,Success,Other,0
TX008494,21,2025-06-20 06:45:00,Transfer,Credit Card,684.04,Success,Dining,0
TX008495,140,2025-10-28 12:10:00,Purchase,UPI,473.71,Success,Travel,0
TX008496,176,2025-04-06 15:42:00,Transfer,UPI,2059.3,Success,Other,0
TX008497,118,2025-01-06 08:44:00,Withdrawal,ATM,1728.73,Success,Utilities,0
TX008498,173,2025-07-03 04:41:00,Purchase,Net Banking,74204.33,Success,Utilities,1
TX008499,249,2025-09-09 16:38:00,Bill Payment,UPI,241.56,Success,Utilities,0
TX008500,250,2025-10-11 11:19:00,Bill Payment,ATM,2709.57,Success,Travel,0
TX008501,444,2025-02-13 21:29:00,Withdrawal,UPI,9224.62,Success,Shopping,0
TX008502,278,2025-02-27 18:37:00,Purchase,UPI,747.03,Success,Utilities,0
TX008503,239,2025-06-10 11:20:00,Transfer,Credit Card,5491.06,Success,Groceries,0
TX008504,181,2025-03-10 16:48:00,Withdrawal,UPI,876.83,Success,Other,0
TX008505,147,2025-11-23 10:34:00,Withdrawal,UPI,341.54,Success,Dining,0
TX008506,354,2025-08-24 11:15:00,Transfer,UPI,845.74,Success,Travel,0
TX008507,219,2025-09-11 01:18:00,Purchase,ATM,2673.04,Success,Travel,0
TX008508,391,2025-07-01 03:15:00,Transfer,UPI,537.83,Success,Groceries,0
TX008509,469,2025-12-01 20:08:00,Refund,Net Banking,658.33,Success,Groceries,0
TX008510,247,2025-11-06 08:18:00,Withdrawal,Debit Card,1816.21,Success,Utilities,0
TX008511,376,2025-05-29 18:35:00,Purchase,Debit Card,1099.49,Success,Groceries,0
TX008512,107,2025-11-28 21:16:00,Purchase,UPI,1802.5,Success,Shopping,0
TX008513,119,2025-08-16 13:12:00,Transfer,UPI,1342.32,Success,Dining,0
TX008514,448,2025-05-15 09:42:00,Purchase,Credit Card,1648.6,Success,Dining,0
TX008515,468,2025-06-25 13:38:00,Bill Payment,UPI,759.41,Success,Utilities,0
TX008516,149,2025-04-13 22:11:00,Withdrawal,Net Banking,1335.38,Success,Travel,0
TX008517,234,2025-04-24 12:38:00,Purchase,ATM,498.56,Success,Dining,0
TX008518,65,2025-11-12 18:37:00,Purchase,Net Banking,3278.59,Success,Utilities,0
TX008519,98,2025-06-14 19:15:00,Purchase,Net Banking,639.62,Failed,Shopping,0
TX008520,467,2025-01-11 19:43:00,Transfer,Debit Card,2862.7,Success,Travel,0
TX008521,91,2025-07-02 03:42:00,Refund,UPI,899.14,Success,Education,0
TX008522,112,2025-04-26 01:50:00,Withdrawal,ATM,1302.06,Success,Education,0
TX008523,245,2025-01-28 07:02:00,Purchase,ATM,720.02,Success,Healthcare,0
TX008524,388,2025-11-01 21:31:00,Withdrawal,Debit Card,462.39,Success,Dining,0
TX008525,149,2025-03-25 16:11:00,Transfer,UPI,248.88,Success,Dining,0
TX008526,15,2025-09-21 13:46:00,Bill Payment,Net Banking,447.19,Success,Groceries,0
TX008527,23,2025-04-07 14:53:00,Purchase,UPI,832.7,Success,Travel,0
TX008528,79,2025-04-17 04:18:00,Transfer,Debit Card,1313.04,Success,Other,0
TX008529,263,2025-03-17 02:03:00,Purchase,ATM,2588.47,Success,Dining,0
TX008530,26,2025-08-12 22:13:00,Transfer,Net Banking,750.78,Success,Other,0
TX008531,213,2025-11-19 18:40:00,Bill Payment,Debit Card,518.19,Success,Dining,0
TX008532,378,2025-08-26 18:03:00,Purchase,Debit Card,321.72,Success,Travel,0
TX008533,285,2025-04-16 19:01:00,Withdrawal,UPI,1649.21,Success,Dining,0
TX008534,319,2025-09-30 19:35:00,Purchase,UPI,3553.6,Success,Dining,0
TX008535,21,2025-05-16 21:09:00,Bill Payment,Debit Card,3217.57,Success,Shopping,0
TX008536,356,2025-04-02 19:35:00,Purchase,Net Banking,2005.09,Success,Utilities,0
TX008537,281,2025-06-14 20:33:00,Withdrawal,ATM,1887.03,Success,Healthcare,0
TX008538,242,2025-10-13 22:53:00,Withdrawal,Credit Card,4642.37,Success,Healthcare,0
TX008539,316,2025-04-01 11:23:00,Bill Payment,Net Banking,1454.28,Success,Utilities,0
TX008540,491,2025-06-22 21:48:00,Purchase,UPI,1899.24,Success,Healthcare,0
TX008541,476,2025-04-25 15:11:00,Transfer,UPI,136485.57,Success,Healthcare,1
TX008542,129,2025-10-12 13:49:00,Purchase,ATM,344.56,Success,Other,0
TX008543,342,2025-06-26 13:31:00,Transfer,Debit Card,613.22,Success,Travel,0
TX008544,209,2025-03-15 09:16:00,Transfer,UPI,1088.13,Success,Dining,0
TX008545,7,2025-08-10 16:30:00,Transfer,Net Banking,1154.78,Success,Other,0
TX008546,369,2025-02-19 14:21:00,Purchase,ATM,5638.33,Success,Groceries,0
TX008547,112,2025-05-26 14:56:00,Purchase,Debit Card,1175.07,Success,Groceries,0
TX008548,348,2025-09-19 08:30:00,Purchase,UPI,2986.98,Success,Healthcare,0
TX008549,10,2025-08-31 05:25:00,Bill Payment,Credit Card,757.62,Success,Dining,0
TX008550,293,2025-03-07 09:23:00,Withdrawal,Debit Card,841.41,Success,Groceries,0
TX008551,364,2025-02-18 16:51:00,Purchase,Debit Card,354.37,Success,Travel,0
TX008552,340,2025-06-27 12:45:00,Withdrawal,Net Banking,583.49,Success,Shopping,0
TX008553,213,2025-08-15 08:01:00,Purchase,Debit Card,1716.31,Success,Education,0
TX008554,494,2025-01-13 02:42:00,Transfer,Credit Card,1103.7,Success,Healthcare,0
TX008555,344,2025-09-12 03:14:00,Purchase,UPI,2444.26,Success,Education,0
TX008556,476,2025-11-13 14:30:00,Purchase,ATM,1279.3,Success,Healthcare,0
TX008557,204,2025-03-15 04:12:00,Bill Payment,UPI,812.74,Success,Education,0
TX008558,54,2025-10-07 01:21:00,Purchase,UPI,6809.35,Success,Other,0
TX008559,185,2025-12-29 23:52:00,Purchase,Net Banking,1012.5,Success,Other,0
TX008560,276,2025-12-06 17:51:00,Transfer,UPI,2947.02,Success,Groceries,0
TX008561,320,2025-05-28 07:59:00,Purchase,UPI,779.75,Success,Other,0
TX008562,147,2025-08-23 10:44:00,Purchase,Debit Card,2004.52,Success,Other,0
TX008563,261,2025-10-06 10:08:00,Purchase,UPI,2413.45,Success,Other,0
TX008564,12,2025-05-25 11:31:00,Purchase,Credit Card,1309.26,Success,Shopping,0
TX008565,160,2025-07-16 17:10:00,Withdrawal,Net Banking,148.22,Failed,Shopping,0
TX008566,476,2025-03-02 16:03:00,Bill Payment,Credit Card,1113.78,Failed,Travel,0
TX008567,372,2025-10-28 03:18:00,Purchase,UPI,3120.94,Success,Travel,0
TX008568,477,2025-08-22 21:42:00,Purchase,ATM,1717.04,Success,Travel,0
TX008569,277,2025-01-21 16:39:00,Bill Payment,UPI,1601.93,Success,Groceries,0
TX008570,24,2025-07-23 06:09:00,Purchase,UPI,253.68,Success,Dining,0
TX008571,478,2025-09-17 16:38:00,Bill Payment,UPI,594.44,Success,Dining,0
TX008572,289,2025-10-11 15:30:00,Purchase,UPI,1555.66,Success,Shopping,0
TX008573,264,2025-07-09 14:04:00,Purchase,Net Banking,1554.37,Success,Shopping,0
TX008574,334,2025-02-26 07:30:00,Purchase,UPI,3079.33,Success,Utilities,0
TX008575,257,2025-10-19 16:38:00,Bill Payment,Debit Card,969.58,Failed,Education,0
TX008576,220,2025-06-08 07:05:00,Purchase,UPI,1548.36,Success,Travel,0
TX008577,18,2025-07-26 13:58:00,Purchase,UPI,1112.0,Success,Groceries,0
TX008578,11,2025-03-16 17:16:00,Bill Payment,Credit Card,473.95,Success,Other,0
TX008579,288,2025-01-05 18:17:00,Transfer,Debit Card,161.19,Success,Travel,0
TX008580,201,2025-12-21 05:08:00,Refund,ATM,1581.86,Success,Healthcare,0
TX008581,2,2025-02-23 18:46:00,Bill Payment,Debit Card,1271.38,Success,Healthcare,0
TX008582,32,2025-10-03 23:22:00,Purchase,UPI,648.43,Success,Shopping,0
TX008583,189,2025-03-15 19:46:00,Transfer,ATM,276.91,Success,Other,0
TX008584,38,2025-12-16 03:27:00,Transfer,Net Banking,1872.97,Success,Education,0
TX008585,86,2025-04-16 02:04:00,Purchase,Credit Card,874.78,Success,Travel,0
TX008586,420,2025-09-01 13:55:00,Purchase,Credit Card,1760.48,Success,Other,0
TX008587,237,2025-10-02 16:56:00,Bill Payment,UPI,5347.8,Success,Dining,0
TX008588,287,2025-11-28 09:11:00,Purchase,Debit Card,177.64,Success,Other,0
TX008589,281,2025-10-04 08:38:00,Bill Payment,UPI,605.07,Failed,Shopping,0
TX008590,60,2025-11-08 22:46:00,Purchase,Credit Card,917.85,Success,Utilities,0
TX008591,53,2025-11-01 18:02:00,Transfer,UPI,3776.69,Success,Shopping,0
TX008592,232,2025-05-07 20:40:00,Purchase,UPI,272.89,Success,Education,0
TX008593,356,2025-05-20 23:49:00,Transfer,Debit Card,5684.41,Failed,Other,0
TX008594,346,2025-11-14 15:09:00,Bill Payment,ATM,1230.87,Success,Groceries,0
TX008595,82,2025-10-23 17:17:00,Transfer,Credit Card,1010.7,Success,Education,0
TX008596,111,2025-11-19 23:41:00,Purchase,ATM,926.72,Reversed,Travel,0
TX008597,73,2025-01-25 04:04:00,Transfer,Credit Card,756.86,Success,Healthcare,0
TX008598,67,2025-04-28 01:59:00,Purchase,Net Banking,2672.85,Success,Groceries,0
TX008599,43,2025-10-09 16:58:00,Transfer,UPI,442.2,Success,Healthcare,0
TX008600,406,2025-12-17 15:38:00,Transfer,UPI,1470.86,Success,Travel,0
TX008601,134,2025-04-24 23:26:00,Purchase,ATM,55636.28,Success,Other,1
TX008602,1,2025-08-18 22:50:00,Transfer,UPI,573.75,Success,Dining,0
TX008603,483,2025-02-17 20:22:00,Purchase,ATM,9878.13,Success,Groceries,0
TX008604,147,2025-05-29 06:35:00,Transfer,Debit Card,1565.86,Success,Groceries,0
TX008605,270,2025-04-14 13:14:00,Transfer,UPI,1846.92,Success,Healthcare,0
TX008606,363,2025-06-07 19:35:00,Bill Payment,Debit Card,2884.51,Success,Groceries,0
TX008607,488,2025-09-29 17:50:00,Transfer,Net Banking,327.62,Success,Travel,0
TX008608,10,2025-05-07 09:48:00,Bill Payment,UPI,4863.18,Success,Shopping,0
TX008609,358,2025-11-12 20:13:00,Withdrawal,UPI,129.98,Success,Groceries,0
TX008610,427,2025-05-19 07:31:00,Purchase,Debit Card,570.52,Success,Healthcare,0
TX008611,389,2025-07-10 22:48:00,Bill Payment,ATM,742.35,Success,Healthcare,0
TX008612,43,2025-06-18 06:03:00,Bill Payment,Debit Card,1798.06,Success,Groceries,0
TX008613,21,2025-04-22 11:20:00,Transfer,Credit Card,1320.69,Success,Utilities,0
TX008614,237,2025-11-15 16:26:00,Purchase,UPI,951.66,Success,Other,0
TX008615,432,2025-09-23 16:57:00,Purchase,Debit Card,1085.51,Success,Utilities,0
TX008616,444,2025-02-16 10:05:00,Purchase,UPI,477.56,Success,Shopping,0
TX008617,234,2025-03-27 18:59:00,Bill Payment,Credit Card,307.15,Failed,Groceries,0
TX008618,37,2025-04-05 16:31:00,Bill Payment,UPI,2033.54,Success,Groceries,0
TX008619,128,2025-07-13 01:13:00,Purchase,Debit Card,1977.62,Success,Travel,0
TX008620,278,2025-04-25 19:43:00,Transfer,UPI,4216.75,Success,Groceries,0
TX008621,417,2025-11-25 08:11:00,Purchase,ATM,560.31,Success,Shopping,0
TX008622,19,2025-05-13 08:54:00,Withdrawal,Debit Card,1976.12,Success,Shopping,0
TX008623,420,2025-04-03 12:57:00,Purchase,Debit Card,861.65,Success,Other,0
TX008624,450,2025-12-15 08:51:00,Purchase,UPI,3016.65,Success,Dining,0
TX008625,80,2025-03-01 06:12:00,Purchase,Net Banking,2614.08,Success,Other,0
TX008626,172,2025-05-14 08:01:00,Transfer,Net Banking,1312.29,Success,Utilities,0
TX008627,298,2025-03-05 20:43:00,Transfer,UPI,821.72,Success,Healthcare,0
TX008628,67,2025-09-15 18:29:00,Purchase,UPI,2481.93,Success,Utilities,0
TX008629,391,2025-11-05 14:29:00,Purchase,UPI,1900.49,Failed,Healthcare,0
TX008630,90,2025-03-11 12:05:00,Transfer,UPI,612.91,Success,Travel,0
TX008631,353,2025-04-15 18:22:00,Purchase,UPI,354.74,Success,Healthcare,0
TX008632,234,2025-11-17 19:54:00,Transfer,Debit Card,858.12,Success,Dining,0
TX008633,302,2025-03-31 08:11:00,Transfer,Credit Card,3976.28,Success,Shopping,0
TX008634,35,2025-12-01 21:59:00,Transfer,Debit Card,2905.95,Success,Shopping,0
TX008635,324,2025-04-19 08:01:00,Bill Payment,ATM,426.04,Success,Education,0
TX008636,164,2025-12-22 12:37:00,Transfer,Debit Card,406.43,Success,Healthcare,0
TX008637,154,2025-12-03 08:10:00,Withdrawal,Net Banking,3240.49,Success,Travel,0
TX008638,177,2025-09-04 01:45:00,Transfer,Debit Card,417.68,Success,Shopping,0
TX008639,365,2025-06-28 23:50:00,Withdrawal,ATM,1690.71,Failed,Dining,0
TX008640,343,2025-10-09 16:44:00,Transfer,Net Banking,649.59,Success,Shopping,0
TX008641,210,2025-07-13 17:49:00,Transfer,UPI,4335.05,Success,Healthcare,0
TX008642,203,2025-01-29 14:34:00,Purchase,Credit Card,569.72,Success,Travel,0
TX008643,23,2025-06-29 18:16:00,Bill Payment,Net Banking,2898.24,Success,Education,0
TX008644,408,2025-10-02 23:13:00,Transfer,UPI,1283.22,Success,Groceries,0
TX008645,33,2025-06-27 16:11:00,Purchase,Debit Card,1358.81,Success,Groceries,0
TX008646,422,2025-01-29 19:58:00,Withdrawal,Net Banking,205.46,Success,Healthcare,0
TX008647,389,2025-05-28 19:18:00,Purchase,Net Banking,168.6,Success,Healthcare,0
TX008648,328,2025-11-16 01:49:00,Refund,Net Banking,909.16,Success,Other,0
TX008649,214,2025-08-11 03:09:00,Purchase,UPI,1352.72,Success,Education,0
TX008650,449,2025-07-20 21:04:00,Withdrawal,Credit Card,421.4,Success,Dining,0
TX008651,364,2025-06-12 22:20:00,Purchase,Credit Card,434.68,Success,Utilities,0
TX008652,255,2025-09-15 03:31:00,Purchase,ATM,1767.38,Success,Utilities,0
TX008653,175,2025-12-12 22:10:00,Transfer,Debit Card,1769.45,Failed,Shopping,0
TX008654,416,2025-01-14 00:14:00,Withdrawal,UPI,975.47,Success,Groceries,0
TX008655,167,2025-05-30 04:07:00,Withdrawal,ATM,2128.5,Failed,Travel,0
TX008656,227,2025-02-20 03:01:00,Withdrawal,UPI,404.21,Success,Education,0
TX008657,108,2025-10-08 15:53:00,Withdrawal,Net Banking,810.34,Success,Other,0
TX008658,447,2025-01-06 21:12:00,Transfer,Debit Card,4450.16,Failed,Shopping,0
TX008659,180,2025-01-08 06:43:00,Transfer,UPI,1162.2,Success,Travel,0
TX008660,281,2025-02-08 19:30:00,Purchase,UPI,1220.93,Success,Groceries,0
TX008661,491,2025-12-05 20:57:00,Transfer,Debit Card,7785.78,Success,Healthcare,0
TX008662,334,2025-11-05 05:09:00,Withdrawal,ATM,333.81,Success,Education,0
TX008663,131,2025-10-01 12:11:00,Bill Payment,UPI,2158.06,Success,Utilities,0
TX008664,323,2025-08-02 19:54:00,Purchase,UPI,4511.52,Success,Dining,0
TX008665,450,2025-05-02 06:08:00,Bill Payment,ATM,832.03,Success,Groceries,0
TX008666,399,2025-06-20 13:58:00,Bill Payment,Net Banking,2277.16,Success,Dining,0
TX008667,374,2025-11-18 22:13:00,Purchase,ATM,475.94,Success,Groceries,0
TX008668,91,2025-02-18 02:50:00,Purchase,Credit Card,611.72,Success,Utilities,0
TX008669,50,2025-07-21 16:59:00,Refund,UPI,1521.15,Success,Healthcare,0
TX008670,91,2025-06-13 09:00:00,Transfer,Credit Card,2161.98,Success,Dining,0
TX008671,180,2025-11-20 14:45:00,Bill Payment,Credit Card,2843.51,Success,Other,0
TX008672,153,2025-08-22 06:19:00,Purchase,Credit Card,163729.27,Success,Groceries,1
TX008673,213,2025-03-17 22:44:00,Withdrawal,UPI,1035.53,Success,Groceries,0
TX008674,350,2025-09-02 00:38:00,Transfer,UPI,3024.71,Success,Healthcare,0
TX008675,139,2025-03-09 11:09:00,Withdrawal,Debit Card,819.78,Success,Dining,0
TX008676,290,2025-11-07 15:39:00,Transfer,ATM,2360.85,Success,Shopping,0
TX008677,85,2025-02-28 17:35:00,Bill Payment,Net Banking,1308.15,Success,Groceries,0
TX008678,95,2025-12-15 11:24:00,Refund,UPI,1601.71,Success,Groceries,0
TX008679,99,2025-03-25 18:15:00,Transfer,Debit Card,1571.81,Success,Groceries,0
TX008680,174,2025-07-12 04:29:00,Bill Payment,Net Banking,280.34,Success,Utilities,0
TX008681,84,2025-03-08 10:03:00,Withdrawal,Net Banking,421.79,Success,Groceries,0
TX008682,18,2025-09-25 05:13:00,Purchase,Debit Card,1196.51,Failed,Utilities,0
TX008683,495,2025-12-05 08:14:00,Refund,UPI,261.34,Success,Shopping,0
TX008684,284,2025-04-20 20:23:00,Purchase,Credit Card,2222.81,Success,Groceries,0
TX008685,65,2025-02-05 07:23:00,Purchase,Credit Card,2300.36,Success,Education,0
TX008686,213,2025-07-26 00:20:00,Purchase,Credit Card,1448.23,Success,Education,0
TX008687,375,2025-08-15 18:14:00,Bill Payment,Debit Card,422.86,Success,Healthcare,0
TX008688,437,2025-09-10 14:19:00,Purchase,UPI,3544.38,Success,Healthcare,0
TX008689,372,2025-04-27 18:40:00,Purchase,UPI,6195.81,Success,Other,0
TX008690,437,2025-04-25 18:40:00,Transfer,Net Banking,1242.67,Success,Education,0
TX008691,56,2025-05-25 17:56:00,Bill Payment,UPI,1692.49,Success,Groceries,0
TX008692,309,2025-01-30 18:01:00,Purchase,UPI,1301.77,Success,Dining,0
TX008693,311,2025-10-16 22:59:00,Transfer,UPI,1721.26,Reversed,Travel,0
TX008694,37,2025-12-03 12:52:00,Transfer,Credit Card,990.66,Failed,Education,0
TX008695,191,2025-08-23 02:36:00,Purchase,Debit Card,1064.88,Failed,Education,0
TX008696,248,2025-09-07 03:17:00,Transfer,Debit Card,2368.14,Success,Groceries,0
TX008697,235,2025-05-10 18:50:00,Withdrawal,UPI,8052.84,Success,Healthcare,0
TX008698,212,2025-03-01 19:22:00,Bill Payment,UPI,333.6,Success,Education,0
TX008699,434,2025-05-01 09:51:00,Purchase,Credit Card,1004.01,Success,Shopping,0
TX008700,434,2025-01-20 04:37:00,Transfer,ATM,402.06,Success,Education,0
TX008701,230,2025-05-29 15:39:00,Refund,Net Banking,4243.83,Success,Utilities,0
TX008702,140,2025-07-25 13:13:00,Bill Payment,Credit Card,665.42,Success,Dining,0
TX008703,50,2025-04-24 16:33:00,Purchase,Net Banking,321.59,Success,Shopping,0
TX008704,261,2025-08-02 18:00:00,Purchase,Credit Card,1886.46,Success,Dining,0
TX008705,330,2025-08-05 18:47:00,Purchase,Debit Card,4830.3,Success,Utilities,0
TX008706,314,2025-01-18 08:44:00,Transfer,UPI,1927.65,Success,Education,0
TX008707,353,2025-08-29 01:05:00,Transfer,UPI,1305.16,Success,Other,0
TX008708,269,2025-12-26 07:37:00,Purchase,Debit Card,1552.73,Success,Other,0
TX008709,33,2025-07-13 15:46:00,Purchase,UPI,3650.48,Success,Travel,0
TX008710,340,2025-07-19 17:29:00,Refund,UPI,521.62,Failed,Travel,0
TX008711,259,2025-09-18 07:17:00,Withdrawal,Credit Card,997.18,Success,Other,0
TX008712,138,2025-12-13 17:50:00,Withdrawal,UPI,746.36,Success,Dining,0
TX008713,368,2025-11-20 04:23:00,Transfer,Debit Card,406.39,Success,Travel,0
TX008714,469,2025-06-25 03:21:00,Purchase,UPI,829.55,Success,Other,0
TX008715,159,2025-01-11 08:35:00,Purchase,UPI,2811.75,Success,Healthcare,0
TX008716,437,2025-11-03 18:05:00,Bill Payment,Debit Card,1775.1,Success,Other,0
TX008717,16,2025-07-23 17:45:00,Purchase,Credit Card,1896.31,Success,Shopping,0
TX008718,466,2025-02-01 19:02:00,Transfer,ATM,1242.03,Success,Utilities,0
TX008719,131,2025-05-27 08:53:00,Purchase,Credit Card,1710.99,Failed,Healthcare,0
TX008720,133,2025-09-01 00:52:00,Transfer,Debit Card,555.29,Success,Utilities,0
TX008721,205,2025-10-10 01:09:00,Bill Payment,UPI,842.96,Success,Groceries,0
TX008722,284,2025-06-08 07:29:00,Purchase,Net Banking,1291.04,Success,Utilities,0
TX008723,378,2025-07-30 11:54:00,Purchase,Credit Card,1388.37,Failed,Healthcare,0
TX008724,143,2025-09-02 05:07:00,Purchase,Net Banking,1439.66,Success,Utilities,0
TX008725,114,2025-11-07 07:10:00,Purchase,Net Banking,974.98,Success,Other,0
TX008726,204,2025-12-12 03:43:00,Transfer,UPI,795.67,Success,Dining,0
TX008727,39,2025-12-27 16:49:00,Purchase,UPI,16060.3,Success,Healthcare,0
TX008728,309,2025-11-22 20:33:00,Transfer,Credit Card,2370.29,Success,Other,0
TX008729,74,2025-03-24 05:05:00,Purchase,UPI,1558.03,Success,Education,0
TX008730,46,2025-02-10 08:55:00,Purchase,ATM,899.44,Success,Other,0
TX008731,30,2025-09-15 13:31:00,Purchase,UPI,747.3,Success,Dining,0
TX008732,255,2025-09-24 19:23:00,Purchase,UPI,981.24,Success,Groceries,0
TX008733,292,2025-06-06 18:55:00,Purchase,UPI,1406.56,Success,Shopping,0
TX008734,413,2025-10-16 05:26:00,Transfer,Net Banking,221.77,Success,Travel,0
TX008735,223,2025-10-21 12:04:00,Purchase,UPI,288.88,Success,Other,0
TX008736,270,2025-08-08 16:06:00,Purchase,Credit Card,638.2,Success,Healthcare,0
TX008737,410,2025-03-20 09:57:00,Transfer,UPI,1307.76,Failed,Shopping,0
TX008738,65,2025-05-18 15:38:00,Withdrawal,UPI,894.82,Success,Education,0
TX008739,58,2025-08-19 05:49:00,Purchase,UPI,3852.21,Reversed,Utilities,0
TX008740,445,2025-12-20 18:35:00,Bill Payment,Credit Card,311.05,Success,Other,0
TX008741,378,2025-07-10 23:00:00,Purchase,UPI,579.03,Success,Education,0
TX008742,165,2025-07-15 22:27:00,Bill Payment,UPI,3992.12,Success,Travel,0
TX008743,354,2025-02-23 08:54:00,Purchase,Net Banking,1225.93,Success,Healthcare,0
TX008744,223,2025-05-22 22:24:00,Purchase,UPI,2326.49,Success,Travel,0
TX008745,107,2025-11-30 15:57:00,Transfer,Net Banking,6270.18,Success,Shopping,0
TX008746,441,2025-01-22 03:50:00,Bill Payment,ATM,608.06,Success,Other,0
TX008747,305,2025-09-30 21:46:00,Refund,Debit Card,1007.86,Success,Dining,0
TX008748,330,2025-07-15 13:20:00,Purchase,ATM,869.95,Success,Groceries,0
TX008749,469,2025-10-03 11:14:00,Purchase,UPI,208.22,Success,Shopping,0
TX008750,379,2025-06-29 23:26:00,Transfer,Credit Card,842.32,Success,Utilities,0
TX008751,308,2025-02-17 06:32:00,Transfer,Credit Card,2319.03,Success,Groceries,0
TX008752,35,2025-03-27 07:58:00,Purchase,UPI,1736.28,Success,Dining,0
TX008753,366,2025-01-03 13:32:00,Transfer,Net Banking,1856.08,Success,Other,0
TX008754,362,2025-04-19 00:36:00,Transfer,UPI,796.97,Reversed,Utilities,0
TX008755,276,2025-02-18 23:14:00,Purchase,ATM,627.86,Success,Shopping,0
TX008756,280,2025-11-02 21:32:00,Purchase,UPI,3225.58,Success,Groceries,0
TX008757,353,2025-01-08 00:24:00,Withdrawal,UPI,718.58,Success,Shopping,0
TX008758,470,2025-06-07 21:49:00,Withdrawal,Credit Card,1408.06,Success,Education,0
TX008759,36,2025-04-19 22:14:00,Withdrawal,UPI,1259.96,Success,Dining,0
TX008760,454,2025-05-13 19:41:00,Bill Payment,UPI,3798.87,Success,Travel,0
TX008761,259,2025-02-10 11:44:00,Transfer,UPI,2504.14,Success,Dining,0
TX008762,339,2025-11-23 23:50:00,Purchase,ATM,364.68,Success,Shopping,0
TX008763,33,2025-09-28 07:51:00,Transfer,Credit Card,399.65,Success,Healthcare,0
TX008764,366,2025-09-04 07:48:00,Transfer,Debit Card,1793.77,Success,Travel,0
TX008765,465,2025-10-17 06:44:00,Purchase,Credit Card,1038.27,Success,Travel,0
TX008766,471,2025-01-03 14:44:00,Transfer,UPI,744.79,Success,Other,0
TX008767,154,2025-12-29 19:51:00,Withdrawal,Debit Card,2600.04,Success,Dining,0
TX008768,137,2025-02-15 00:14:00,Purchase,ATM,1286.06,Success,Dining,0
TX008769,129,2025-02-25 03:34:00,Purchase,Debit Card,1146.64,Success,Dining,0
TX008770,48,2025-10-21 22:58:00,Transfer,UPI,2127.82,Success,Groceries,0
TX008771,80,2025-03-20 07:57:00,Transfer,Debit Card,797.24,Success,Travel,0
TX008772,192,2025-06-09 21:32:00,Bill Payment,Debit Card,4159.88,Success,Shopping,0
TX008773,379,2025-08-04 19:37:00,Purchase,Debit Card,561.25,Success,Shopping,0
TX008774,497,2025-04-23 23:09:00,Bill Payment,UPI,1916.76,Success,Dining,0
TX008775,74,2025-05-07 18:35:00,Purchase,Debit Card,3709.89,Success,Education,0
TX008776,391,2025-02-27 09:43:00,Purchase,Debit Card,340.12,Success,Other,0
TX008777,407,2025-10-13 11:27:00,Transfer,UPI,819.07,Success,Education,0
TX008778,45,2025-09-09 03:24:00,Transfer,UPI,2895.39,Success,Education,0
TX008779,65,2025-09-21 13:20:00,Bill Payment,UPI,2932.64,Success,Travel,0
TX008780,30,2025-12-12 14:19:00,Purchase,ATM,947.88,Success,Groceries,0
TX008781,270,2025-09-22 20:42:00,Bill Payment,UPI,587.3,Success,Groceries,0
TX008782,199,2025-05-06 10:30:00,Purchase,Debit Card,2471.41,Success,Healthcare,0
TX008783,459,2025-02-13 06:41:00,Purchase,UPI,2998.95,Success,Groceries,0
TX008784,22,2025-04-23 20:47:00,Transfer,UPI,407.5,Success,Education,0
TX008785,289,2025-01-09 18:13:00,Purchase,UPI,394.13,Success,Healthcare,0
TX008786,337,2025-02-01 17:15:00,Transfer,Net Banking,1328.05,Success,Groceries,0
TX008787,389,2025-04-13 23:19:00,Transfer,Net Banking,1872.36,Success,Other,0
TX008788,170,2025-12-05 02:39:00,Purchase,UPI,850.47,Success,Dining,0
TX008789,152,2025-02-12 02:39:00,Purchase,Credit Card,1953.54,Success,Utilities,0
TX008790,350,2025-12-02 19:47:00,Purchase,UPI,599.67,Success,Utilities,0
TX008791,123,2025-10-28 12:12:00,Purchase,Debit Card,181.73,Success,Groceries,0
TX008792,224,2025-03-05 07:46:00,Transfer,Credit Card,764.85,Success,Healthcare,0
TX008793,243,2025-11-23 17:23:00,Purchase,Debit Card,1157.19,Success,Shopping,0
TX008794,86,2025-07-04 18:41:00,Refund,Net Banking,867.43,Success,Dining,0
TX008795,116,2025-05-05 09:45:00,Bill Payment,UPI,409.6,Success,Travel,0
TX008796,367,2025-10-01 22:17:00,Transfer,Debit Card,234.32,Success,Healthcare,0
TX008797,341,2025-04-25 19:45:00,Transfer,UPI,708.41,Success,Shopping,0
TX008798,101,2025-12-27 06:43:00,Purchase,UPI,185062.46,Success,Healthcare,1
TX008799,281,2025-10-11 01:20:00,Purchase,UPI,3189.97,Reversed,Shopping,0
TX008800,176,2025-01-02 04:03:00,Bill Payment,UPI,3009.58,Success,Groceries,0
TX008801,376,2025-09-30 18:08:00,Transfer,Debit Card,548.11,Failed,Dining,0
TX008802,397,2025-03-29 10:56:00,Purchase,UPI,411.31,Success,Shopping,0
TX008803,357,2025-07-13 02:22:00,Purchase,Net Banking,1672.61,Success,Healthcare,0
TX008804,445,2025-08-28 10:55:00,Purchase,UPI,1881.52,Success,Groceries,0
TX008805,192,2025-03-11 04:10:00,Transfer,UPI,1540.93,Success,Utilities,0
TX008806,231,2025-08-05 06:54:00,Purchase,UPI,197.96,Success,Dining,0
TX008807,203,2025-04-29 10:27:00,Purchase,UPI,524.87,Failed,Travel,0
TX008808,131,2025-06-08 07:03:00,Purchase,UPI,1069.31,Success,Other,0
TX008809,302,2025-11-26 08:21:00,Transfer,UPI,1659.27,Success,Other,0
TX008810,404,2025-01-28 11:24:00,Withdrawal,Credit Card,2105.3,Success,Groceries,0
TX008811,288,2025-09-22 00:40:00,Withdrawal,UPI,1239.69,Success,Shopping,0
TX008812,159,2025-10-31 01:19:00,Transfer,Debit Card,1452.68,Success,Healthcare,0
TX008813,114,2025-08-25 20:20:00,Withdrawal,Net Banking,1178.66,Success,Healthcare,0
TX008814,104,2025-02-07 00:56:00,Transfer,UPI,1964.07,Failed,Education,0
TX008815,52,2025-10-17 18:14:00,Purchase,Credit Card,1430.72,Success,Groceries,0
TX008816,17,2025-02-19 01:14:00,Purchase,UPI,1159.65,Success,Travel,0
TX008817,273,2025-03-25 00:01:00,Purchase,Debit Card,872.96,Success,Dining,0
TX008818,7,2025-12-22 09:59:00,Transfer,Debit Card,1175.09,Success,Dining,0
TX008819,446,2025-02-19 15:29:00,Bill Payment,UPI,1655.57,Failed,Groceries,0
TX008820,363,2025-10-31 15:48:00,Purchase,UPI,1376.58,Success,Utilities,0
TX008821,447,2025-07-13 20:53:00,Withdrawal,UPI,1515.81,Success,Dining,0
TX008822,449,2025-04-14 22:21:00,Transfer,Debit Card,3433.42,Success,Education,0
TX008823,314,2025-10-14 09:52:00,Bill Payment,Credit Card,1373.87,Success,Utilities,0
TX008824,3,2025-05-06 22:52:00,Purchase,UPI,631.66,Success,Other,0
TX008825,3,2025-10-15 17:36:00,Purchase,UPI,2324.05,Success,Shopping,0
TX008826,6,2025-04-16 09:15:00,Purchase,Debit Card,343.34,Success,Utilities,0
TX008827,354,2025-05-22 16:30:00,Transfer,UPI,437.38,Success,Shopping,0
TX008828,58,2025-12-21 20:42:00,Purchase,ATM,1458.95,Success,Groceries,0
TX008829,26,2025-07-18 09:57:00,Purchase,Credit Card,141083.56,Success,Dining,1
TX008830,7,2025-06-28 23:26:00,Purchase,ATM,380.58,Success,Utilities,0
TX008831,37,2025-11-07 03:48:00,Purchase,UPI,792.03,Success,Dining,0
TX008832,120,2025-12-08 21:44:00,Purchase,UPI,655.13,Failed,Other,0
TX008833,498,2025-05-03 13:43:00,Bill Payment,UPI,725.11,Success,Utilities,0
TX008834,271,2025-08-20 06:33:00,Transfer,UPI,2445.63,Success,Other,0
TX008835,335,2025-02-01 00:53:00,Transfer,UPI,1999.25,Success,Groceries,0
TX008836,252,2025-03-24 04:30:00,Withdrawal,Net Banking,1078.95,Success,Education,0
TX008837,115,2025-05-07 22:54:00,Purchase,UPI,689.48,Success,Education,0
TX008838,110,2025-10-05 00:58:00,Bill Payment,Credit Card,348.21,Success,Utilities,0
TX008839,27,2025-03-18 04:42:00,Bill Payment,UPI,3667.1,Success,Utilities,0
TX008840,247,2025-01-23 01:04:00,Purchase,UPI,1814.01,Success,Dining,0
TX008841,15,2025-02-28 05:54:00,Purchase,UPI,601.44,Success,Healthcare,0
TX008842,287,2025-12-04 11:43:00,Purchase,UPI,2021.63,Success,Travel,0
TX008843,259,2025-05-09 23:37:00,Transfer,Credit Card,1033.09,Success,Travel,0
TX008844,130,2025-03-27 19:06:00,Transfer,Debit Card,859.16,Success,Dining,0
TX008845,463,2025-07-30 12:26:00,Purchase,Debit Card,1587.52,Success,Travel,0
TX008846,274,2025-11-12 20:11:00,Bill Payment,Debit Card,583.9,Success,Shopping,0
TX008847,424,2025-11-12 17:53:00,Purchase,Credit Card,818.77,Success,Dining,0
TX008848,497,2025-05-29 22:50:00,Purchase,UPI,1215.9,Success,Shopping,0
TX008849,242,2025-01-22 09:56:00,Purchase,Credit Card,717.28,Success,Education,0
TX008850,98,2025-04-16 20:58:00,Transfer,UPI,1936.66,Success,Healthcare,0
TX008851,238,2025-12-23 02:21:00,Transfer,UPI,5370.66,Success,Dining,0
TX008852,290,2025-02-19 03:47:00,Purchase,Credit Card,577.58,Success,Education,0
TX008853,213,2025-05-12 07:17:00,Purchase,Debit Card,266.31,Success,Travel,0
TX008854,304,2025-01-01 00:55:00,Transfer,Net Banking,200.04,Failed,Dining,0
TX008855,163,2025-08-28 10:58:00,Transfer,UPI,964.97,Success,Utilities,0
TX008856,191,2025-01-07 11:31:00,Transfer,Net Banking,624.1,Success,Shopping,0
TX008857,213,2025-04-16 00:42:00,Bill Payment,UPI,1308.56,Success,Travel,0
TX008858,93,2025-02-05 17:09:00,Purchase,UPI,1227.47,Success,Groceries,0
TX008859,312,2025-12-26 12:58:00,Purchase,UPI,280.69,Success,Education,0
TX008860,112,2025-02-24 07:46:00,Purchase,UPI,234.47,Success,Other,0
TX008861,145,2025-06-23 16:37:00,Purchase,UPI,1410.28,Success,Shopping,0
TX008862,167,2025-12-11 07:02:00,Purchase,UPI,1230.42,Success,Utilities,0
TX008863,467,2025-10-31 07:54:00,Transfer,Debit Card,763.61,Success,Shopping,0
TX008864,392,2025-11-02 08:36:00,Transfer,UPI,268.12,Success,Education,0
TX008865,144,2025-06-23 02:34:00,Withdrawal,Debit Card,1637.1,Success,Healthcare,0
TX008866,445,2025-05-22 20:02:00,Purchase,UPI,3232.83,Success,Education,0
TX008867,69,2025-10-30 14:17:00,Purchase,Net Banking,1388.92,Success,Utilities,0
TX008868,477,2025-05-30 02:15:00,Withdrawal,UPI,533.6,Success,Travel,0
TX008869,212,2025-05-22 01:23:00,Purchase,UPI,1138.96,Success,Other,0
TX008870,333,2025-10-08 04:29:00,Bill Payment,ATM,343.37,Success,Dining,0
TX008871,136,2025-06-27 03:27:00,Transfer,UPI,2695.3,Success,Shopping,0
TX008872,499,2025-12-16 04:35:00,Purchase,Net Banking,1175.64,Failed,Travel,0
TX008873,357,2025-06-08 10:47:00,Purchase,UPI,243.98,Success,Education,0
TX008874,338,2025-11-26 16:39:00,Purchase,UPI,849.31,Reversed,Utilities,0
TX008875,107,2025-09-16 00:24:00,Purchase,Net Banking,1625.88,Success,Travel,0
TX008876,243,2025-07-02 02:04:00,Transfer,UPI,826.26,Success,Shopping,0
TX008877,319,2025-03-09 09:29:00,Purchase,Debit Card,867.39,Success,Travel,0
TX008878,380,2025-05-20 19:44:00,Purchase,Debit Card,387.32,Success,Other,0
TX008879,113,2025-04-30 13:14:00,Withdrawal,UPI,1775.01,Success,Other,0
TX008880,109,2025-04-19 19:41:00,Purchase,Net Banking,631.94,Success,Groceries,0
TX008881,19,2025-08-14 19:32:00,Purchase,Debit Card,175.39,Success,Utilities,0
TX008882,300,2025-03-27 05:30:00,Bill Payment,UPI,799.86,Success,Travel,0
TX008883,199,2025-11-08 07:45:00,Purchase,UPI,2524.95,Failed,Groceries,0
TX008884,279,2025-06-11 23:32:00,Transfer,Net Banking,789.27,Success,Education,0
TX008885,119,2025-08-24 17:05:00,Withdrawal,UPI,4804.4,Success,Education,0
TX008886,119,2025-08-16 00:18:00,Purchase,UPI,1579.12,Success,Education,0
TX008887,6,2025-01-07 17:22:00,Withdrawal,Debit Card,1462.56,Success,Dining,0
TX008888,59,2025-09-16 06:18:00,Purchase,Debit Card,983.25,Success,Travel,0
TX008889,34,2025-06-17 06:39:00,Purchase,UPI,1034.79,Success,Other,0
TX008890,306,2025-01-05 09:02:00,Refund,Debit Card,876.63,Success,Education,0
TX008891,64,2025-11-30 18:45:00,Transfer,UPI,848.16,Success,Dining,0
TX008892,21,2025-11-20 03:30:00,Purchase,Debit Card,1721.99,Success,Groceries,0
TX008893,75,2025-03-04 05:04:00,Bill Payment,UPI,494.99,Success,Education,0
TX008894,43,2025-12-21 01:12:00,Transfer,UPI,439.44,Success,Education,0
TX008895,204,2025-05-29 23:57:00,Refund,Net Banking,422.12,Success,Groceries,0
TX008896,153,2025-11-27 04:52:00,Purchase,Net Banking,6240.44,Success,Utilities,0
TX008897,102,2025-12-25 20:20:00,Bill Payment,Credit Card,1721.22,Success,Travel,0
TX008898,96,2025-10-09 22:51:00,Purchase,Debit Card,1420.58,Success,Healthcare,0
TX008899,230,2025-06-11 19:15:00,Refund,UPI,446.35,Success,Dining,0
TX008900,488,2025-01-21 03:03:00,Transfer,Credit Card,1862.81,Success,Healthcare,0
TX008901,154,2025-06-20 13:34:00,Purchase,Credit Card,993.18,Success,Education,0
TX008902,353,2025-04-30 04:43:00,Withdrawal,Debit Card,1315.59,Success,Dining,0
TX008903,462,2025-06-21 14:30:00,Purchase,Debit Card,478.13,Success,Education,0
TX008904,277,2025-01-16 20:19:00,Transfer,Net Banking,1256.68,Failed,Groceries,0
TX008905,474,2025-01-29 19:57:00,Bill Payment,Debit Card,764.9,Success,Groceries,0
TX008906,27,2025-03-07 03:23:00,Purchase,UPI,572.05,Success,Education,0
TX008907,158,2025-10-09 10:20:00,Purchase,Debit Card,2046.71,Success,Utilities,0
TX008908,73,2025-01-11 18:41:00,Transfer,UPI,296.77,Failed,Education,0
TX008909,96,2025-08-19 14:29:00,Transfer,UPI,1772.35,Success,Healthcare,0
TX008910,133,2025-10-24 00:28:00,Transfer,UPI,1962.18,Success,Shopping,0
TX008911,292,2025-10-14 13:19:00,Purchase,UPI,519.21,Success,Travel,0
TX008912,228,2025-10-10 16:18:00,Purchase,UPI,546.06,Success,Dining,0
TX008913,435,2025-08-08 04:05:00,Bill Payment,UPI,907.26,Success,Education,0
TX008914,76,2025-07-06 03:14:00,Bill Payment,Net Banking,1393.72,Failed,Utilities,0
TX008915,31,2025-12-19 14:43:00,Withdrawal,Credit Card,963.02,Success,Shopping,0
TX008916,438,2025-01-04 15:32:00,Purchase,UPI,1585.3,Success,Healthcare,0
TX008917,482,2025-07-12 10:30:00,Transfer,UPI,4907.56,Success,Groceries,0
TX008918,213,2025-08-06 14:41:00,Transfer,Credit Card,712.26,Success,Shopping,0
TX008919,404,2025-11-04 00:45:00,Transfer,UPI,255.21,Success,Travel,0
TX008920,337,2025-02-08 01:29:00,Purchase,UPI,2212.85,Failed,Groceries,0
TX008921,449,2025-12-16 14:27:00,Purchase,Debit Card,4586.25,Success,Groceries,0
TX008922,97,2025-08-07 00:20:00,Purchase,Debit Card,1531.27,Success,Groceries,0
TX008923,173,2025-03-11 13:51:00,Bill Payment,Debit Card,435.03,Success,Healthcare,0
TX008924,109,2025-09-23 20:28:00,Withdrawal,ATM,987.02,Success,Groceries,0
TX008925,118,2025-07-26 22:30:00,Withdrawal,Debit Card,423.8,Success,Shopping,0
TX008926,483,2025-07-07 01:37:00,Purchase,UPI,1893.96,Success,Shopping,0
TX008927,85,2025-08-26 17:32:00,Bill Payment,Net Banking,347.72,Success,Dining,0
TX008928,326,2025-04-20 12:26:00,Purchase,UPI,849.71,Success,Shopping,0
TX008929,417,2025-02-21 08:34:00,Bill Payment,UPI,466.99,Success,Education,0
TX008930,187,2025-07-18 22:27:00,Purchase,Credit Card,1221.46,Failed,Dining,0
TX008931,288,2025-06-26 21:21:00,Transfer,Debit Card,803.2,Success,Travel,0
TX008932,33,2025-11-24 09:06:00,Purchase,Debit Card,1274.42,Success,Other,0
TX008933,113,2025-03-03 12:28:00,Withdrawal,UPI,1117.67,Success,Education,0
TX008934,36,2025-06-16 04:03:00,Bill Payment,Net Banking,474.06,Success,Travel,0
TX008935,374,2025-07-31 14:34:00,Transfer,ATM,1868.41,Success,Education,0
TX008936,59,2025-06-18 08:57:00,Purchase,UPI,1052.11,Success,Groceries,0
TX008937,21,2025-10-07 23:15:00,Purchase,UPI,473.31,Success,Other,0
TX008938,80,2025-06-28 04:12:00,Purchase,UPI,7367.16,Success,Healthcare,0
TX008939,135,2025-02-12 13:47:00,Purchase,Net Banking,1644.13,Success,Groceries,0
TX008940,468,2025-11-07 21:14:00,Bill Payment,ATM,962.69,Success,Groceries,0
TX008941,467,2025-12-28 13:58:00,Transfer,Debit Card,3651.61,Success,Shopping,0
TX008942,23,2025-08-03 23:32:00,Purchase,UPI,5247.69,Success,Groceries,0
TX008943,130,2025-09-01 01:46:00,Purchase,Credit Card,969.18,Reversed,Education,0
TX008944,498,2025-01-06 20:27:00,Transfer,Debit Card,1473.34,Success,Other,0
TX008945,97,2025-10-08 21:50:00,Purchase,UPI,473.52,Success,Other,0
TX008946,346,2025-09-07 01:59:00,Refund,Debit Card,967.67,Success,Other,0
TX008947,320,2025-09-20 09:21:00,Purchase,UPI,925.93,Success,Utilities,0
TX008948,243,2025-07-06 19:36:00,Purchase,ATM,1283.19,Success,Other,0
TX008949,418,2025-06-02 15:03:00,Withdrawal,UPI,1455.12,Success,Travel,0
TX008950,69,2025-07-12 22:19:00,Bill Payment,ATM,1764.91,Success,Healthcare,0
TX008951,477,2025-04-26 18:15:00,Withdrawal,UPI,1342.11,Success,Healthcare,0
TX008952,109,2025-01-29 19:02:00,Purchase,UPI,391.85,Success,Healthcare,0
TX008953,315,2025-06-11 12:31:00,Withdrawal,UPI,493.89,Reversed,Utilities,0
TX008954,312,2025-02-23 16:03:00,Transfer,Credit Card,689.22,Success,Utilities,0
TX008955,436,2025-03-19 08:12:00,Transfer,Credit Card,862.72,Success,Education,0
TX008956,164,2025-09-08 19:43:00,Bill Payment,UPI,2678.89,Success,Healthcare,0
TX008957,166,2025-04-06 02:36:00,Transfer,Net Banking,408.1,Success,Groceries,0
TX008958,199,2025-07-28 21:22:00,Purchase,UPI,809.32,Success,Dining,0
TX008959,319,2025-08-22 04:41:00,Bill Payment,Net Banking,2465.27,Success,Groceries,0
TX008960,203,2025-01-15 02:49:00,Purchase,UPI,849.89,Success,Healthcare,0
TX008961,306,2025-04-22 22:44:00,Purchase,Credit Card,1621.9,Failed,Groceries,0
TX008962,96,2025-11-30 01:19:00,Purchase,Net Banking,973.98,Success,Travel,0
TX008963,169,2025-03-25 16:17:00,Purchase,ATM,1364.12,Success,Education,0
TX008964,409,2025-11-27 00:17:00,Transfer,UPI,903.07,Success,Utilities,0
TX008965,181,2025-03-27 05:20:00,Transfer,UPI,1933.34,Failed,Other,0
TX008966,302,2025-08-19 03:20:00,Purchase,UPI,294.92,Success,Utilities,0
TX008967,360,2025-05-11 03:47:00,Transfer,Debit Card,805.28,Success,Groceries,0
TX008968,156,2025-10-03 22:43:00,Purchase,UPI,1411.05,Success,Utilities,0
TX008969,344,2025-10-29 00:44:00,Purchase,Credit Card,1726.14,Success,Dining,0
TX008970,334,2025-04-09 20:54:00,Purchase,ATM,3901.08,Success,Dining,0
TX008971,388,2025-05-29 09:59:00,Transfer,UPI,786.53,Success,Travel,0
TX008972,451,2025-01-02 06:51:00,Transfer,UPI,3856.67,Success,Other,0
TX008973,119,2025-01-06 09:11:00,Bill Payment,Debit Card,626.3,Success,Dining,0
TX008974,325,2025-12-12 20:11:00,Withdrawal,UPI,3392.59,Success,Groceries,0
TX008975,158,2025-01-15 11:07:00,Purchase,UPI,2197.0,Success,Dining,0
TX008976,156,2025-12-03 12:56:00,Purchase,UPI,504.5,Success,Education,0
TX008977,493,2025-09-15 16:02:00,Refund,Net Banking,1423.66,Success,Dining,0
TX008978,103,2025-05-26 14:40:00,Purchase,UPI,1049.9,Success,Groceries,0
TX008979,129,2025-03-28 22:52:00,Purchase,UPI,1866.36,Success,Education,0
TX008980,220,2025-06-16 11:16:00,Purchase,UPI,907.07,Success,Shopping,0
TX008981,196,2025-03-30 03:18:00,Purchase,ATM,844.58,Success,Travel,0
TX008982,209,2025-07-04 17:46:00,Bill Payment,UPI,3511.26,Success,Groceries,0
TX008983,353,2025-07-11 04:41:00,Transfer,ATM,1008.37,Success,Education,0
TX008984,58,2025-12-04 21:19:00,Transfer,Net Banking,2213.78,Success,Utilities,0
TX008985,244,2025-09-11 22:24:00,Bill Payment,Net Banking,905.47,Success,Other,0
TX008986,276,2025-10-12 03:26:00,Purchase,UPI,4521.79,Success,Utilities,0
TX008987,171,2025-10-08 22:42:00,Purchase,Net Banking,616.1,Success,Dining,0
TX008988,324,2025-03-14 05:21:00,Transfer,Net Banking,650.65,Success,Dining,0
TX008989,499,2025-09-19 15:24:00,Transfer,Credit Card,4007.17,Failed,Shopping,0
TX008990,252,2025-02-27 03:43:00,Purchase,Net Banking,751.29,Success,Utilities,0
TX008991,333,2025-02-01 13:58:00,Purchase,UPI,4276.6,Success,Travel,0
TX008992,265,2025-05-27 16:35:00,Transfer,Debit Card,2340.37,Success,Utilities,0
TX008993,467,2025-06-13 00:58:00,Purchase,UPI,961.55,Success,Education,0
TX008994,317,2025-05-11 12:49:00,Transfer,UPI,234.79,Success,Education,0
TX008995,378,2025-08-01 06:18:00,Purchase,UPI,1078.77,Success,Travel,0
TX008996,80,2025-10-06 11:24:00,Purchase,ATM,1195.58,Success,Utilities,0
TX008997,43,2025-08-07 07:01:00,Purchase,Debit Card,2957.6,Success,Groceries,0
TX008998,153,2025-02-23 13:42:00,Purchase,UPI,4230.94,Success,Education,0
TX008999,80,2025-06-03 19:00:00,Purchase,UPI,612.63,Success,Groceries,0
TX009000,450,2025-09-19 20:08:00,Purchase,UPI,2166.8,Success,Education,0
TX009001,498,2025-09-09 01:06:00,Purchase,Net Banking,2101.89,Success,Shopping,0
TX009002,316,2025-09-14 00:03:00,Transfer,Debit Card,2730.94,Success,Education,0
TX009003,407,2025-09-20 18:58:00,Transfer,UPI,1675.53,Success,Utilities,0
TX009004,157,2025-10-09 00:32:00,Withdrawal,Net Banking,210.37,Success,Travel,0
TX009005,91,2025-11-05 05:19:00,Transfer,Debit Card,960.92,Success,Travel,0
TX009006,69,2025-10-02 13:08:00,Withdrawal,UPI,410.61,Success,Other,0
TX009007,230,2025-08-10 19:50:00,Transfer,Net Banking,923.14,Success,Travel,0
TX009008,299,2025-04-24 11:04:00,Transfer,UPI,2522.49,Success,Other,0
TX009009,178,2025-05-27 06:01:00,Bill Payment,Credit Card,1421.37,Success,Education,0
TX009010,242,2025-10-31 09:07:00,Refund,UPI,2909.91,Failed,Dining,0
TX009011,267,2025-01-27 02:43:00,Purchase,Net Banking,1466.29,Success,Education,0
TX009012,178,2025-11-30 12:15:00,Purchase,UPI,363.73,Success,Education,0
TX009013,457,2025-04-26 09:23:00,Purchase,UPI,128.67,Success,Utilities,0
TX009014,258,2025-01-10 14:07:00,Withdrawal,Debit Card,1244.5,Success,Other,0
TX009015,4,2025-02-11 08:31:00,Purchase,Debit Card,914.3,Success,Utilities,0
TX009016,340,2025-03-29 03:53:00,Purchase,UPI,477.99,Success,Shopping,0
TX009017,345,2025-07-23 19:39:00,Purchase,Net Banking,258.39,Success,Education,0
TX009018,354,2025-02-20 02:21:00,Bill Payment,UPI,587.26,Success,Travel,0
TX009019,84,2025-08-03 05:23:00,Refund,UPI,929.53,Success,Education,0
TX009020,113,2025-09-15 17:42:00,Transfer,Net Banking,1931.39,Success,Groceries,0
TX009021,174,2025-11-06 09:08:00,Purchase,UPI,1287.34,Success,Groceries,0
TX009022,376,2025-05-26 07:52:00,Transfer,Credit Card,133423.14,Success,Healthcare,1
TX009023,292,2025-02-26 22:31:00,Transfer,UPI,454.74,Success,Travel,0
TX009024,173,2025-12-29 01:44:00,Transfer,Debit Card,2319.02,Failed,Other,0
TX009025,29,2025-03-03 08:54:00,Purchase,UPI,1141.62,Success,Groceries,0
TX009026,83,2025-10-25 20:03:00,Transfer,Credit Card,1979.24,Success,Travel,0
TX009027,132,2025-08-12 18:04:00,Transfer,UPI,756.7,Success,Travel,0
TX009028,424,2025-09-17 20:41:00,Transfer,UPI,2726.92,Success,Healthcare,0
TX009029,133,2025-09-04 00:47:00,Withdrawal,Credit Card,1409.43,Success,Travel,0
TX009030,162,2025-03-29 20:31:00,Transfer,UPI,615.52,Success,Dining,0
TX009031,146,2025-08-03 22:11:00,Purchase,Debit Card,1085.48,Success,Dining,0
TX009032,330,2025-02-21 14:14:00,Purchase,ATM,894.6,Success,Healthcare,0
TX009033,411,2025-05-25 01:56:00,Purchase,ATM,1662.04,Success,Healthcare,0
TX009034,205,2025-07-24 17:09:00,Transfer,Net Banking,402.3,Success,Education,0
TX009035,158,2025-09-02 13:56:00,Purchase,UPI,1069.61,Success,Groceries,0
TX009036,391,2025-10-09 10:31:00,Withdrawal,UPI,1534.58,Success,Education,0
TX009037,437,2025-02-04 22:14:00,Bill Payment,UPI,1127.85,Success,Other,0
TX009038,150,2025-12-02 07:21:00,Transfer,UPI,3445.76,Success,Utilities,0
TX009039,484,2025-12-17 03:21:00,Bill Payment,UPI,2117.35,Success,Education,0
TX009040,320,2025-10-15 15:12:00,Bill Payment,UPI,1089.68,Success,Utilities,0
TX009041,55,2025-06-23 00:31:00,Purchase,UPI,1318.42,Success,Dining,0
TX009042,101,2025-10-20 09:05:00,Transfer,Debit Card,1409.96,Success,Groceries,0
TX009043,342,2025-05-23 15:16:00,Bill Payment,UPI,1545.04,Success,Healthcare,0
TX009044,178,2025-12-11 21:46:00,Withdrawal,Net Banking,232.34,Success,Travel,0
TX009045,176,2025-08-19 13:30:00,Purchase,Debit Card,848.7,Reversed,Utilities,0
TX009046,272,2025-01-30 06:40:00,Purchase,UPI,310.51,Success,Shopping,0
TX009047,439,2025-02-28 16:03:00,Withdrawal,Net Banking,3250.42,Success,Travel,0
TX009048,202,2025-09-16 22:41:00,Transfer,Debit Card,1041.35,Success,Other,0
TX009049,202,2025-07-10 13:45:00,Transfer,Credit Card,930.44,Success,Dining,0
TX009050,440,2025-07-01 20:50:00,Purchase,Net Banking,2350.25,Failed,Healthcare,0
TX009051,497,2025-03-24 15:24:00,Purchase,Debit Card,1570.23,Success,Other,0
TX009052,396,2025-08-18 15:26:00,Bill Payment,UPI,420.17,Success,Shopping,0
TX009053,421,2025-10-19 12:20:00,Purchase,UPI,1032.49,Success,Groceries,0
TX009054,302,2025-02-06 21:11:00,Bill Payment,Net Banking,824.77,Success,Education,0
TX009055,318,2025-12-17 00:49:00,Purchase,Debit Card,248.92,Success,Shopping,0
TX009056,110,2025-03-05 18:03:00,Withdrawal,UPI,609.88,Failed,Shopping,0
TX009057,34,2025-07-25 12:34:00,Purchase,Debit Card,938.23,Success,Travel,0
TX009058,387,2025-02-15 23:50:00,Bill Payment,UPI,994.55,Success,Other,0
TX009059,81,2025-06-03 16:23:00,Transfer,ATM,311.1,Success,Dining,0
TX009060,371,2025-09-17 18:52:00,Transfer,ATM,2918.76,Success,Shopping,0
TX009061,488,2025-09-03 22:45:00,Withdrawal,Credit Card,1005.47,Success,Travel,0
TX009062,450,2025-10-12 23:51:00,Purchase,UPI,1132.2,Success,Groceries,0
TX009063,1,2025-06-07 02:43:00,Transfer,Credit Card,1541.55,Success,Healthcare,0
TX009064,464,2025-03-14 21:27:00,Purchase,UPI,561.23,Success,Education,0
TX009065,274,2025-11-11 01:57:00,Withdrawal,Debit Card,1616.31,Success,Groceries,0
TX009066,10,2025-10-08 01:55:00,Purchase,Net Banking,802.7,Success,Other,0
TX009067,332,2025-06-14 11:43:00,Purchase,UPI,511.78,Success,Travel,0
TX009068,260,2025-08-28 16:11:00,Bill Payment,UPI,1785.46,Success,Education,0
TX009069,376,2025-12-05 15:01:00,Transfer,Net Banking,3896.85,Success,Groceries,0
TX009070,144,2025-10-31 20:50:00,Withdrawal,UPI,2030.64,Success,Groceries,0
TX009071,492,2025-08-30 00:09:00,Withdrawal,Net Banking,2403.14,Success,Education,0
TX009072,73,2025-02-15 06:49:00,Purchase,UPI,704.48,Success,Dining,0
TX009073,200,2025-09-11 13:50:00,Purchase,UPI,282.03,Success,Groceries,0
TX009074,383,2025-09-28 12:51:00,Transfer,Credit Card,3891.76,Success,Travel,0
TX009075,426,2025-03-23 19:03:00,Purchase,UPI,6287.62,Success,Utilities,0
TX009076,492,2025-12-24 02:26:00,Bill Payment,UPI,4069.95,Success,Groceries,0
TX009077,72,2025-02-06 13:57:00,Purchase,UPI,824.34,Success,Education,0
TX009078,426,2025-03-28 00:08:00,Transfer,UPI,410.99,Success,Travel,0
TX009079,356,2025-04-07 21:13:00,Purchase,Credit Card,443.27,Success,Dining,0
TX009080,357,2025-06-11 15:02:00,Purchase,ATM,262.13,Success,Dining,0
TX009081,474,2025-03-17 14:19:00,Purchase,UPI,1000.97,Failed,Healthcare,0
TX009082,193,2025-06-06 06:47:00,Bill Payment,UPI,4293.37,Success,Travel,0
TX009083,114,2025-03-03 23:38:00,Refund,UPI,972.22,Success,Groceries,0
TX009084,59,2025-11-30 20:43:00,Transfer,Net Banking,1417.96,Success,Groceries,0
TX009085,392,2025-03-12 17:58:00,Purchase,UPI,3530.72,Success,Groceries,0
TX009086,499,2025-07-22 12:16:00,Transfer,UPI,777.84,Success,Healthcare,0
TX009087,338,2025-01-28 13:25:00,Withdrawal,Debit Card,6186.98,Success,Groceries,0
TX009088,309,2025-01-07 17:55:00,Purchase,Debit Card,5962.71,Success,Other,0
TX009089,429,2025-03-09 22:44:00,Transfer,UPI,980.98,Success,Utilities,0
TX009090,400,2025-12-25 16:22:00,Purchase,ATM,671.22,Success,Healthcare,0
TX009091,82,2025-06-24 01:57:00,Purchase,UPI,1983.57,Success,Healthcare,0
TX009092,445,2025-05-30 16:31:00,Transfer,UPI,816.15,Success,Education,0
TX009093,474,2025-05-03 02:18:00,Withdrawal,Credit Card,410.32,Success,Travel,0
TX009094,28,2025-02-04 22:18:00,Bill Payment,Debit Card,3258.6,Success,Utilities,0
TX009095,82,2025-03-08 00:17:00,Purchase,UPI,3083.99,Success,Dining,0
TX009096,15,2025-09-19 01:39:00,Withdrawal,UPI,1251.61,Success,Healthcare,0
TX009097,294,2025-08-18 05:05:00,Purchase,UPI,374.86,Success,Education,0
TX009098,359,2025-09-03 20:32:00,Purchase,Debit Card,385.64,Success,Utilities,0
TX009099,179,2025-10-20 14:23:00,Bill Payment,Credit Card,1201.28,Success,Travel,0
TX009100,408,2025-02-11 15:21:00,Withdrawal,UPI,717.02,Success,Healthcare,0
TX009101,40,2025-07-06 07:42:00,Purchase,Debit Card,820.63,Success,Other,0
TX009102,482,2025-07-06 21:27:00,Purchase,Debit Card,2614.08,Success,Dining,0
TX009103,227,2025-11-10 21:03:00,Purchase,ATM,2045.1,Success,Healthcare,0
TX009104,238,2025-01-22 13:06:00,Withdrawal,UPI,3538.37,Success,Utilities,0
TX009105,162,2025-06-24 02:22:00,Purchase,Credit Card,472.47,Success,Utilities,0
TX009106,308,2025-01-01 16:02:00,Transfer,Credit Card,819.17,Failed,Travel,0
TX009107,460,2025-11-19 10:16:00,Bill Payment,UPI,2090.45,Success,Shopping,0
TX009108,246,2025-01-19 15:20:00,Purchase,UPI,1604.98,Success,Education,0
TX009109,467,2025-09-09 08:13:00,Transfer,Net Banking,4034.04,Success,Dining,0
TX009110,41,2025-01-14 18:48:00,Withdrawal,UPI,1567.84,Success,Groceries,0
TX009111,282,2025-03-17 04:25:00,Bill Payment,UPI,5275.84,Success,Travel,0
TX009112,156,2025-09-16 07:05:00,Purchase,UPI,1735.44,Success,Dining,0
TX009113,432,2025-01-25 04:59:00,Withdrawal,Net Banking,2704.96,Success,Travel,0
TX009114,362,2025-11-17 20:00:00,Transfer,UPI,832.98,Success,Travel,0
TX009115,118,2025-08-03 03:05:00,Transfer,Debit Card,1110.03,Success,Other,0
TX009116,477,2025-06-17 23:01:00,Purchase,Net Banking,2378.68,Success,Utilities,0
TX009117,437,2025-03-26 14:49:00,Transfer,Credit Card,4320.09,Success,Groceries,0
TX009118,8,2025-09-27 21:01:00,Bill Payment,Net Banking,2038.26,Success,Dining,0
TX009119,81,2025-09-19 10:10:00,Transfer,Debit Card,1021.78,Success,Healthcare,0
TX009120,77,2025-05-16 20:10:00,Purchase,ATM,3535.94,Reversed,Shopping,0
TX009121,469,2025-07-10 14:09:00,Purchase,UPI,170.17,Success,Other,0
TX009122,322,2025-08-25 04:14:00,Purchase,Debit Card,327.37,Success,Travel,0
TX009123,408,2025-08-01 01:14:00,Purchase,UPI,1957.43,Success,Dining,0
TX009124,131,2025-01-16 02:11:00,Purchase,Credit Card,1109.86,Failed,Healthcare,0
TX009125,469,2025-01-24 03:26:00,Purchase,Debit Card,1834.79,Success,Other,0
TX009126,50,2025-12-29 20:42:00,Purchase,Debit Card,1158.34,Success,Shopping,0
TX009127,42,2025-05-04 15:01:00,Transfer,Debit Card,1781.67,Success,Education,0
TX009128,148,2025-09-03 11:26:00,Bill Payment,Credit Card,548.81,Success,Utilities,0
TX009129,423,2025-10-26 12:40:00,Purchase,Debit Card,1780.97,Success,Shopping,0
TX009130,485,2025-07-06 04:53:00,Withdrawal,Debit Card,2553.58,Success,Shopping,0
TX009131,189,2025-03-11 03:09:00,Purchase,Debit Card,3094.77,Success,Travel,0
TX009132,6,2025-11-05 10:26:00,Bill Payment,ATM,6072.47,Success,Other,0
TX009133,131,2025-10-12 07:49:00,Refund,UPI,1349.49,Success,Education,0
TX009134,287,2025-09-10 02:25:00,Purchase,ATM,1384.13,Success,Travel,0
TX009135,199,2025-04-15 15:59:00,Transfer,Credit Card,300.46,Success,Dining,0
TX009136,463,2025-04-12 06:28:00,Purchase,Debit Card,698.06,Success,Utilities,0
TX009137,123,2025-09-30 22:30:00,Purchase,Credit Card,930.65,Success,Groceries,0
TX009138,59,2025-06-24 07:44:00,Transfer,Net Banking,2677.86,Success,Dining,0
TX009139,84,2025-12-20 06:37:00,Purchase,UPI,652.39,Success,Other,0
TX009140,62,2025-08-07 06:25:00,Purchase,UPI,2157.9,Success,Dining,0
TX009141,423,2025-12-30 12:41:00,Transfer,UPI,1095.12,Success,Other,0
TX009142,181,2025-03-12 03:11:00,Purchase,Credit Card,943.32,Success,Dining,0
TX009143,494,2025-03-17 21:47:00,Purchase,Debit Card,1355.0,Success,Healthcare,0
TX009144,469,2025-12-07 23:27:00,Refund,UPI,786.44,Success,Education,0
TX009145,381,2025-08-06 13:57:00,Purchase,UPI,761.52,Success,Education,0
TX009146,291,2025-03-21 21:02:00,Purchase,UPI,257.48,Success,Shopping,0
TX009147,337,2025-12-05 03:32:00,Transfer,Net Banking,888.24,Success,Groceries,0
TX009148,158,2025-03-25 17:39:00,Bill Payment,ATM,729.26,Success,Dining,0
TX009149,73,2025-06-19 10:31:00,Bill Payment,Credit Card,707.27,Success,Education,0
TX009150,145,2025-12-05 07:23:00,Purchase,Credit Card,1562.97,Success,Utilities,0
TX009151,267,2025-04-05 23:07:00,Purchase,UPI,1919.53,Success,Education,0
TX009152,154,2025-09-27 20:30:00,Purchase,UPI,1335.91,Success,Education,0
TX009153,266,2025-12-14 19:44:00,Transfer,Credit Card,2555.75,Success,Shopping,0
TX009154,204,2025-07-31 20:28:00,Purchase,Net Banking,1788.67,Success,Travel,0
TX009155,332,2025-09-01 09:57:00,Bill Payment,Debit Card,853.38,Success,Shopping,0
TX009156,374,2025-01-07 05:17:00,Bill Payment,UPI,739.94,Success,Education,0
TX009157,322,2025-08-24 11:27:00,Purchase,Net Banking,1430.67,Success,Education,0
TX009158,342,2025-02-14 19:34:00,Purchase,UPI,1785.94,Success,Travel,0
TX009159,453,2025-11-07 08:05:00,Purchase,Net Banking,3598.12,Success,Education,0
TX009160,347,2025-04-09 13:25:00,Refund,Credit Card,3018.45,Failed,Groceries,0
TX009161,401,2025-12-18 12:33:00,Purchase,Net Banking,692.11,Success,Dining,0
TX009162,330,2025-06-29 20:33:00,Bill Payment,UPI,1005.55,Success,Dining,0
TX009163,301,2025-06-17 11:22:00,Bill Payment,UPI,1939.85,Success,Healthcare,0
TX009164,182,2025-05-28 23:11:00,Bill Payment,Net Banking,2718.4,Success,Education,0
TX009165,423,2025-11-05 21:11:00,Bill Payment,UPI,2436.03,Success,Healthcare,0
TX009166,76,2025-11-14 06:58:00,Bill Payment,Net Banking,1038.68,Success,Utilities,0
TX009167,456,2025-02-08 10:53:00,Purchase,Debit Card,377.69,Success,Shopping,0
TX009168,15,2025-10-23 21:22:00,Withdrawal,UPI,469.14,Success,Groceries,0
TX009169,181,2025-11-24 19:38:00,Transfer,UPI,1382.62,Success,Education,0
TX009170,342,2025-01-19 16:05:00,Withdrawal,UPI,1466.88,Success,Groceries,0
TX009171,303,2025-04-04 01:19:00,Transfer,Credit Card,431.01,Success,Healthcare,0
TX009172,372,2025-04-07 19:37:00,Purchase,Net Banking,1138.98,Success,Dining,0
TX009173,167,2025-07-04 05:28:00,Purchase,UPI,1875.33,Success,Other,0
TX009174,107,2025-04-01 09:38:00,Purchase,UPI,412.18,Success,Other,0
TX009175,51,2025-05-19 18:29:00,Transfer,Net Banking,2805.25,Success,Utilities,0
TX009176,188,2025-04-01 02:15:00,Withdrawal,Net Banking,795.6,Success,Travel,0
TX009177,304,2025-04-15 21:40:00,Purchase,UPI,3193.81,Success,Utilities,0
TX009178,27,2025-06-27 17:06:00,Transfer,Debit Card,696.85,Success,Dining,0
TX009179,51,2025-04-21 10:45:00,Purchase,UPI,458.23,Success,Groceries,0
TX009180,253,2025-01-14 13:13:00,Transfer,Credit Card,742.92,Success,Shopping,0
TX009181,392,2025-12-03 21:05:00,Transfer,UPI,1011.43,Success,Shopping,0
TX009182,441,2025-04-27 22:25:00,Purchase,UPI,788.23,Success,Dining,0
TX009183,235,2025-10-05 18:47:00,Bill Payment,UPI,912.69,Success,Groceries,0
TX009184,295,2025-12-12 19:16:00,Bill Payment,UPI,1456.61,Success,Shopping,0
TX009185,192,2025-07-22 00:38:00,Purchase,UPI,948.14,Success,Healthcare,0
TX009186,319,2025-10-28 08:44:00,Bill Payment,UPI,1036.71,Success,Education,0
TX009187,172,2025-06-08 06:44:00,Purchase,UPI,256.51,Success,Dining,0
TX009188,306,2025-11-09 14:53:00,Purchase,UPI,1529.88,Success,Other,0
TX009189,491,2025-06-18 08:22:00,Purchase,UPI,1016.56,Success,Shopping,0
TX009190,150,2025-01-07 06:57:00,Purchase,UPI,4310.24,Success,Groceries,0
TX009191,452,2025-04-17 22:44:00,Purchase,UPI,493.42,Success,Dining,0
TX009192,88,2025-01-09 11:07:00,Purchase,Credit Card,235.79,Success,Groceries,0
TX009193,304,2025-04-20 10:19:00,Purchase,UPI,1854.48,Success,Dining,0
TX009194,495,2025-11-11 20:51:00,Refund,Credit Card,1472.25,Success,Other,0
TX009195,373,2025-07-06 10:32:00,Transfer,UPI,465.37,Success,Other,0
TX009196,77,2025-03-17 16:52:00,Purchase,Credit Card,298.78,Success,Shopping,0
TX009197,200,2025-09-25 19:01:00,Purchase,UPI,4051.28,Success,Healthcare,0
TX009198,107,2025-09-28 21:51:00,Bill Payment,Credit Card,3648.22,Success,Healthcare,0
TX009199,445,2025-03-31 21:00:00,Withdrawal,UPI,132.38,Success,Travel,0
TX009200,162,2025-04-09 09:30:00,Purchase,UPI,742.86,Success,Shopping,0
TX009201,281,2025-06-29 12:33:00,Purchase,UPI,131085.33,Success,Education,1
TX009202,375,2025-01-12 20:40:00,Purchase,UPI,731.68,Failed,Dining,0
TX009203,378,2025-02-26 03:29:00,Purchase,Net Banking,722.69,Success,Education,0
TX009204,297,2025-03-11 22:38:00,Purchase,Debit Card,862.34,Success,Groceries,0
TX009205,52,2025-04-29 20:07:00,Bill Payment,ATM,422.94,Success,Education,0
TX009206,104,2025-07-28 13:18:00,Purchase,UPI,257.48,Success,Healthcare,0
TX009207,460,2025-09-15 05:29:00,Transfer,UPI,2682.93,Success,Shopping,0
TX009208,248,2025-01-17 17:12:00,Bill Payment,ATM,228.95,Success,Groceries,0
TX009209,312,2025-07-21 06:14:00,Purchase,Net Banking,1353.14,Success,Groceries,0
TX009210,182,2025-02-05 14:19:00,Bill Payment,UPI,2329.93,Success,Other,0
TX009211,186,2025-05-13 02:04:00,Purchase,Debit Card,319.4,Success,Utilities,0
TX009212,454,2025-12-01 12:49:00,Transfer,UPI,499.88,Success,Shopping,0
TX009213,195,2025-07-18 00:57:00,Purchase,UPI,3075.44,Success,Dining,0
TX009214,178,2025-04-19 12:40:00,Withdrawal,Debit Card,1724.96,Success,Dining,0
TX009215,200,2025-01-10 13:52:00,Purchase,UPI,648.92,Success,Groceries,0
TX009216,318,2025-06-04 00:06:00,Purchase,UPI,3047.0,Success,Travel,0
TX009217,213,2025-05-17 21:07:00,Bill Payment,UPI,3058.12,Success,Shopping,0
TX009218,436,2025-09-20 16:21:00,Transfer,UPI,1378.42,Success,Education,0
TX009219,96,2025-10-21 06:06:00,Purchase,UPI,510.23,Reversed,Shopping,0
TX009220,38,2025-09-12 03:43:00,Purchase,UPI,771.68,Success,Groceries,0
TX009221,112,2025-07-17 14:13:00,Transfer,UPI,1398.88,Failed,Groceries,0
TX009222,455,2025-01-13 05:42:00,Bill Payment,Credit Card,934.2,Success,Travel,0
TX009223,440,2025-07-28 00:40:00,Transfer,Debit Card,2436.0,Success,Education,0
TX009224,442,2025-05-21 09:08:00,Bill Payment,Debit Card,298.78,Failed,Shopping,0
TX009225,481,2025-02-02 04:37:00,Purchase,UPI,307.93,Success,Travel,0
TX009226,340,2025-03-07 12:14:00,Transfer,Net Banking,1278.88,Success,Dining,0
TX009227,28,2025-05-12 01:09:00,Purchase,ATM,722.12,Success,Dining,0
TX009228,245,2025-08-27 23:50:00,Purchase,Net Banking,643.56,Success,Shopping,0
TX009229,439,2025-06-27 08:44:00,Purchase,UPI,244.0,Success,Healthcare,0
TX009230,395,2025-03-26 12:45:00,Transfer,UPI,1115.0,Success,Groceries,0
TX009231,19,2025-03-16 10:41:00,Purchase,UPI,1048.54,Success,Utilities,0
TX009232,195,2025-08-27 23:40:00,Transfer,Net Banking,1911.14,Success,Other,0
TX009233,118,2025-07-04 18:33:00,Purchase,Credit Card,1162.78,Success,Travel,0
TX009234,321,2025-07-18 00:33:00,Purchase,Credit Card,979.74,Success,Education,0
TX009235,480,2025-11-13 23:05:00,Purchase,UPI,2982.3,Success,Dining,0
TX009236,117,2025-05-30 23:13:00,Transfer,Credit Card,88577.5,Success,Travel,1
TX009237,45,2025-01-06 18:40:00,Transfer,UPI,1730.09,Success,Education,0
TX009238,458,2025-04-11 07:39:00,Transfer,UPI,264.95,Success,Dining,0
TX009239,433,2025-12-14 02:55:00,Refund,Debit Card,537.75,Success,Healthcare,0
TX009240,77,2025-06-29 00:09:00,Purchase,UPI,391.21,Success,Travel,0
TX009241,4,2025-05-13 01:41:00,Withdrawal,UPI,2131.65,Success,Education,0
TX009242,115,2025-11-22 14:25:00,Purchase,UPI,1037.33,Success,Travel,0
TX009243,317,2025-01-23 00:53:00,Purchase,Net Banking,1084.12,Success,Utilities,0
TX009244,129,2025-03-06 10:22:00,Purchase,Net Banking,428.07,Success,Education,0
TX009245,406,2025-01-11 05:20:00,Purchase,UPI,850.02,Success,Healthcare,0
TX009246,500,2025-10-04 07:00:00,Transfer,Debit Card,573.1,Success,Dining,0
TX009247,257,2025-04-15 12:10:00,Purchase,Debit Card,1519.2,Reversed,Other,0
TX009248,130,2025-10-08 02:56:00,Bill Payment,Debit Card,472.28,Success,Dining,0
TX009249,29,2025-08-29 01:40:00,Withdrawal,UPI,3395.9,Success,Travel,0
TX009250,104,2025-06-07 11:37:00,Transfer,UPI,263.95,Success,Dining,0
TX009251,389,2025-08-03 03:35:00,Transfer,Debit Card,552.5,Success,Travel,0
TX009252,325,2025-02-25 14:45:00,Purchase,UPI,4562.47,Success,Other,0
TX009253,451,2025-08-05 10:16:00,Purchase,UPI,757.58,Success,Groceries,0
TX009254,303,2025-06-19 12:31:00,Purchase,Credit Card,358.65,Success,Other,0
TX009255,24,2025-03-22 18:03:00,Bill Payment,Debit Card,1321.09,Success,Healthcare,0
TX009256,384,2025-02-26 17:53:00,Transfer,UPI,732.1,Success,Dining,0
TX009257,157,2025-11-28 04:01:00,Purchase,Net Banking,538.89,Success,Dining,0
TX009258,197,2025-04-05 23:40:00,Transfer,Debit Card,432.04,Success,Shopping,0
TX009259,51,2025-01-31 05:54:00,Purchase,ATM,11534.73,Success,Travel,0
TX009260,443,2025-08-16 13:34:00,Transfer,UPI,885.53,Success,Travel,0
TX009261,84,2025-03-13 03:30:00,Purchase,ATM,213.42,Success,Groceries,0
TX009262,261,2025-08-28 06:28:00,Transfer,UPI,3903.6,Failed,Travel,0
TX009263,37,2025-03-31 17:04:00,Transfer,UPI,1843.48,Success,Dining,0
TX009264,295,2025-09-06 10:29:00,Withdrawal,UPI,571.64,Success,Education,0
TX009265,280,2025-08-28 23:05:00,Purchase,Net Banking,496.14,Reversed,Shopping,0
TX009266,426,2025-02-27 15:39:00,Purchase,UPI,1943.9,Success,Travel,0
TX009267,150,2025-01-29 16:02:00,Purchase,ATM,889.02,Success,Dining,0
TX009268,363,2025-05-06 00:02:00,Transfer,ATM,213.35,Success,Travel,0
TX009269,481,2025-06-10 18:41:00,Withdrawal,UPI,5009.81,Success,Education,0
TX009270,174,2025-09-12 02:14:00,Refund,Net Banking,758.32,Success,Travel,0
TX009271,491,2025-10-31 18:39:00,Purchase,Debit Card,3909.78,Failed,Healthcare,0
TX009272,172,2025-08-20 13:20:00,Transfer,UPI,3250.84,Success,Education,0
TX009273,129,2025-02-26 03:10:00,Purchase,UPI,468.32,Success,Travel,0
TX009274,156,2025-12-08 14:58:00,Transfer,Net Banking,2639.15,Success,Utilities,0
TX009275,311,2025-12-17 12:59:00,Refund,Credit Card,630.35,Success,Travel,0
TX009276,289,2025-05-28 14:51:00,Withdrawal,UPI,224.37,Success,Travel,0
TX009277,281,2025-08-29 23:04:00,Purchase,UPI,764.4,Success,Healthcare,0
TX009278,372,2025-03-23 19:49:00,Transfer,Net Banking,149465.94,Success,Utilities,1
TX009279,10,2025-10-12 10:11:00,Refund,Debit Card,740.02,Success,Groceries,0
TX009280,441,2025-08-18 04:09:00,Transfer,Debit Card,844.72,Success,Travel,0
TX009281,116,2025-02-06 15:57:00,Purchase,Net Banking,2898.74,Success,Other,0
TX009282,266,2025-09-27 19:49:00,Purchase,UPI,1200.53,Success,Travel,0
TX009283,217,2025-11-05 14:20:00,Transfer,UPI,535.5,Success,Education,0
TX009284,221,2025-06-29 05:26:00,Withdrawal,Debit Card,1991.66,Success,Utilities,0
TX009285,12,2025-03-15 07:02:00,Bill Payment,ATM,1297.28,Success,Healthcare,0
TX009286,240,2025-08-11 19:24:00,Purchase,UPI,128.59,Success,Dining,0
TX009287,478,2025-09-12 16:37:00,Purchase,UPI,1578.29,Success,Healthcare,0
TX009288,46,2025-02-08 11:29:00,Transfer,Debit Card,1530.05,Success,Other,0
TX009289,433,2025-07-14 19:40:00,Transfer,UPI,1115.55,Success,Healthcare,0
TX009290,60,2025-09-12 00:28:00,Purchase,Net Banking,2340.09,Success,Other,0
TX009291,338,2025-02-06 10:56:00,Transfer,UPI,619.22,Success,Shopping,0
TX009292,49,2025-12-26 14:58:00,Withdrawal,UPI,1459.76,Failed,Education,0
TX009293,287,2025-03-13 11:56:00,Transfer,Net Banking,289.48,Success,Other,0
TX009294,49,2025-12-18 13:51:00,Purchase,Net Banking,1550.03,Success,Other,0
TX009295,12,2025-01-17 13:01:00,Purchase,Debit Card,5768.12,Success,Utilities,0
TX009296,87,2025-09-24 15:15:00,Purchase,Debit Card,470.77,Success,Other,0
TX009297,414,2025-12-07 03:08:00,Transfer,Credit Card,574.88,Success,Travel,0
TX009298,462,2025-04-18 14:03:00,Withdrawal,UPI,599.73,Success,Education,0
TX009299,448,2025-09-12 13:02:00,Bill Payment,Credit Card,1224.76,Success,Utilities,0
TX009300,78,2025-05-08 06:21:00,Withdrawal,Debit Card,444.26,Success,Other,0
TX009301,219,2025-03-03 05:19:00,Purchase,UPI,1568.79,Success,Shopping,0
TX009302,93,2025-09-18 14:06:00,Purchase,UPI,2252.54,Failed,Education,0
TX009303,204,2025-06-18 13:46:00,Purchase,UPI,1727.09,Success,Other,0
TX009304,110,2025-12-17 16:58:00,Purchase,Debit Card,243.92,Success,Dining,0
TX009305,192,2025-12-24 19:20:00,Withdrawal,Credit Card,2555.22,Success,Shopping,0
TX009306,3,2025-09-19 10:10:00,Purchase,Net Banking,2432.71,Success,Other,0
TX009307,473,2025-11-19 21:38:00,Purchase,ATM,2220.83,Success,Dining,0
TX009308,70,2025-06-12 08:43:00,Withdrawal,Credit Card,1505.55,Failed,Education,0
TX009309,465,2025-12-11 22:12:00,Bill Payment,UPI,1322.34,Success,Groceries,0
TX009310,19,2025-04-09 02:03:00,Withdrawal,UPI,153921.34,Success,Utilities,1
TX009311,110,2025-07-30 13:14:00,Purchase,Net Banking,5625.06,Success,Other,0
TX009312,244,2025-01-15 04:58:00,Bill Payment,UPI,487.8,Success,Utilities,0
TX009313,137,2025-04-14 06:31:00,Purchase,UPI,2741.9,Success,Shopping,0
TX009314,416,2025-02-21 22:46:00,Purchase,Net Banking,1019.14,Success,Dining,0
TX009315,419,2025-01-13 19:47:00,Purchase,UPI,982.18,Success,Dining,0
TX009316,76,2025-06-30 22:04:00,Purchase,Debit Card,297.06,Success,Travel,0
TX009317,484,2025-07-18 11:36:00,Purchase,Net Banking,860.86,Success,Travel,0
TX009318,155,2025-10-27 14:57:00,Transfer,Debit Card,469.81,Success,Healthcare,0
TX009319,383,2025-12-27 17:15:00,Purchase,UPI,739.31,Success,Other,0
TX009320,327,2025-05-11 09:23:00,Transfer,Debit Card,431.19,Success,Healthcare,0
TX009321,284,2025-02-05 05:59:00,Transfer,Debit Card,748.77,Success,Dining,0
TX009322,214,2025-08-27 15:43:00,Purchase,Debit Card,776.51,Success,Education,0
TX009323,497,2025-12-29 03:05:00,Purchase,Net Banking,111134.49,Failed,Travel,1
TX009324,478,2025-09-11 14:31:00,Refund,Credit Card,277.96,Success,Education,0
TX009325,186,2025-10-24 17:10:00,Withdrawal,Debit Card,320.96,Success,Education,0
TX009326,223,2025-10-16 22:58:00,Purchase,UPI,1491.63,Success,Education,0
TX009327,343,2025-01-14 18:16:00,Withdrawal,UPI,556.78,Success,Travel,0
TX009328,427,2025-07-21 21:49:00,Purchase,Credit Card,2733.53,Success,Travel,0
TX009329,12,2025-08-01 19:10:00,Bill Payment,UPI,1328.07,Success,Education,0
TX009330,376,2025-03-07 22:54:00,Purchase,Debit Card,1836.74,Success,Utilities,0
TX009331,25,2025-05-19 05:41:00,Purchase,Net Banking,3637.63,Success,Utilities,0
TX009332,144,2025-04-04 12:31:00,Purchase,Debit Card,842.81,Reversed,Groceries,0
TX009333,341,2025-05-06 06:14:00,Withdrawal,Net Banking,672.96,Success,Education,0
TX009334,382,2025-02-14 22:20:00,Withdrawal,Debit Card,2300.65,Success,Other,0
TX009335,465,2025-10-12 11:25:00,Purchase,Debit Card,1691.02,Success,Other,0
TX009336,19,2025-06-08 01:20:00,Bill Payment,UPI,935.21,Success,Other,0
TX009337,145,2025-12-06 00:03:00,Purchase,UPI,3578.64,Success,Education,0
TX009338,349,2025-06-23 15:03:00,Purchase,Credit Card,915.61,Success,Utilities,0
TX009339,488,2025-02-03 07:37:00,Purchase,UPI,1127.61,Success,Shopping,0
TX009340,495,2025-06-09 00:26:00,Transfer,Net Banking,1116.6,Success,Groceries,0
TX009341,254,2025-01-21 20:44:00,Purchase,Net Banking,495.51,Success,Other,0
TX009342,59,2025-11-06 16:09:00,Withdrawal,Credit Card,1171.39,Success,Education,0
TX009343,342,2025-11-24 13:34:00,Purchase,Credit Card,3594.81,Success,Healthcare,0
TX009344,356,2025-06-12 01:18:00,Withdrawal,Credit Card,1600.74,Success,Groceries,0
TX009345,407,2025-01-11 07:07:00,Purchase,Debit Card,1125.97,Success,Utilities,0
TX009346,135,2025-02-12 16:07:00,Purchase,Debit Card,955.75,Success,Healthcare,0
TX009347,220,2025-04-23 01:07:00,Purchase,UPI,1452.78,Success,Groceries,0
TX009348,431,2025-02-02 18:25:00,Purchase,ATM,2074.14,Success,Other,0
TX009349,183,2025-08-20 19:12:00,Transfer,Credit Card,1840.61,Success,Healthcare,0
TX009350,459,2025-05-28 08:51:00,Transfer,UPI,827.09,Success,Education,0
TX009351,204,2025-12-07 14:34:00,Purchase,UPI,1445.29,Success,Dining,0
TX009352,360,2025-07-05 20:00:00,Purchase,Net Banking,1649.04,Success,Dining,0
TX009353,466,2025-01-05 09:43:00,Purchase,UPI,465.86,Success,Dining,0
TX009354,381,2025-05-09 13:48:00,Purchase,UPI,1265.21,Success,Dining,0
TX009355,354,2025-08-20 02:00:00,Purchase,UPI,174.67,Success,Shopping,0
TX009356,162,2025-12-10 19:46:00,Transfer,Net Banking,1652.68,Success,Shopping,0
TX009357,217,2025-05-14 03:44:00,Purchase,UPI,1922.33,Success,Travel,0
TX009358,275,2025-11-27 02:35:00,Purchase,UPI,2070.23,Success,Groceries,0
TX009359,19,2025-04-27 19:15:00,Transfer,Debit Card,783.84,Success,Groceries,0
TX009360,255,2025-05-11 07:35:00,Purchase,Net Banking,1426.09,Success,Shopping,0
TX009361,166,2025-04-10 04:08:00,Bill Payment,UPI,3678.87,Success,Dining,0
TX009362,20,2025-02-15 19:08:00,Withdrawal,Debit Card,3647.16,Failed,Utilities,0
TX009363,353,2025-10-25 19:53:00,Purchase,Credit Card,1069.77,Success,Shopping,0
TX009364,406,2025-02-06 06:34:00,Purchase,Credit Card,1234.5,Success,Healthcare,0
TX009365,295,2025-08-12 15:05:00,Bill Payment,Credit Card,2819.39,Success,Dining,0
TX009366,36,2025-08-10 05:10:00,Transfer,UPI,306.22,Success,Shopping,0
TX009367,195,2025-10-22 22:56:00,Purchase,Debit Card,833.29,Success,Groceries,0
TX009368,105,2025-02-17 06:31:00,Transfer,Credit Card,3412.62,Success,Shopping,0
TX009369,204,2025-01-26 18:40:00,Bill Payment,UPI,2512.22,Success,Travel,0
TX009370,241,2025-07-31 00:08:00,Purchase,UPI,1500.98,Success,Travel,0
TX009371,448,2025-01-24 00:14:00,Purchase,ATM,304.92,Reversed,Other,0
TX009372,487,2025-03-06 17:05:00,Purchase,UPI,1051.08,Success,Travel,0
TX009373,192,2025-03-18 02:05:00,Transfer,Credit Card,664.19,Success,Shopping,0
TX009374,186,2025-04-29 14:33:00,Transfer,Debit Card,1453.0,Success,Shopping,0
TX009375,341,2025-02-09 01:15:00,Purchase,UPI,551.18,Success,Utilities,0
TX009376,159,2025-03-14 01:02:00,Purchase,Credit Card,458.58,Success,Travel,0
TX009377,492,2025-03-15 07:14:00,Bill Payment,Net Banking,189.59,Success,Shopping,0
TX009378,304,2025-04-11 11:34:00,Bill Payment,UPI,3098.07,Success,Dining,0
TX009379,215,2025-09-22 23:56:00,Purchase,UPI,780.7,Reversed,Dining,0
TX009380,306,2025-07-23 02:53:00,Purchase,ATM,1253.35,Success,Education,0
TX009381,465,2025-01-23 10:46:00,Purchase,UPI,1094.55,Success,Shopping,0
TX009382,190,2025-03-27 18:24:00,Purchase,Credit Card,442.61,Success,Dining,0
TX009383,33,2025-11-14 03:09:00,Purchase,UPI,376.08,Success,Healthcare,0
TX009384,198,2025-05-14 19:26:00,Transfer,UPI,466.6,Success,Shopping,0
TX009385,260,2025-06-05 00:36:00,Transfer,ATM,593.07,Success,Travel,0
TX009386,73,2025-03-14 08:28:00,Bill Payment,Credit Card,1497.59,Success,Groceries,0
TX009387,473,2025-05-04 02:07:00,Purchase,Net Banking,557.6,Success,Groceries,0
TX009388,247,2025-11-12 04:50:00,Purchase,UPI,4839.26,Success,Education,0
TX009389,408,2025-04-01 09:53:00,Purchase,UPI,2625.64,Success,Shopping,0
TX009390,388,2025-08-08 03:02:00,Withdrawal,Credit Card,2180.06,Success,Shopping,0
TX009391,279,2025-07-30 04:59:00,Transfer,UPI,990.58,Success,Utilities,0
TX009392,43,2025-04-15 14:50:00,Purchase,Credit Card,3972.45,Success,Shopping,0
TX009393,459,2025-08-14 00:08:00,Purchase,UPI,911.14,Reversed,Utilities,0
TX009394,467,2025-10-17 09:54:00,Transfer,Debit Card,1067.88,Success,Healthcare,0
TX009395,381,2025-08-16 12:38:00,Withdrawal,UPI,1267.09,Success,Other,0
TX009396,145,2025-04-22 01:23:00,Transfer,Net Banking,1991.31,Success,Shopping,0
TX009397,123,2025-05-03 18:39:00,Transfer,ATM,1884.41,Success,Utilities,0
TX009398,138,2025-11-11 22:55:00,Withdrawal,ATM,732.27,Success,Groceries,0
TX009399,208,2025-07-18 21:39:00,Transfer,UPI,697.12,Success,Shopping,0
TX009400,342,2025-10-29 18:07:00,Withdrawal,Net Banking,1889.22,Success,Utilities,0
TX009401,447,2025-06-03 17:54:00,Purchase,Credit Card,2014.15,Success,Utilities,0
TX009402,300,2025-04-18 15:36:00,Transfer,Credit Card,784.97,Success,Dining,0
TX009403,182,2025-10-15 17:53:00,Purchase,UPI,284.54,Success,Groceries,0
TX009404,441,2025-03-11 22:37:00,Transfer,Debit Card,919.46,Success,Education,0
TX009405,185,2025-08-01 01:56:00,Purchase,Debit Card,1863.1,Success,Travel,0
TX009406,420,2025-08-18 19:44:00,Purchase,Debit Card,5087.82,Failed,Dining,0
TX009407,267,2025-10-31 17:26:00,Refund,UPI,396.13,Success,Healthcare,0
TX009408,310,2025-01-30 08:48:00,Bill Payment,UPI,763.12,Success,Shopping,0
TX009409,205,2025-04-19 07:33:00,Purchase,UPI,787.61,Success,Dining,0
TX009410,442,2025-04-24 01:10:00,Purchase,Net Banking,3471.82,Success,Groceries,0
TX009411,285,2025-03-06 09:17:00,Bill Payment,UPI,1064.54,Success,Other,0
TX009412,333,2025-02-22 03:01:00,Purchase,Net Banking,507.13,Success,Dining,0
TX009413,353,2025-04-06 12:38:00,Bill Payment,UPI,1763.21,Success,Groceries,0
TX009414,136,2025-05-12 11:13:00,Purchase,ATM,777.48,Success,Healthcare,0
TX009415,60,2025-02-28 16:24:00,Purchase,Net Banking,387.33,Success,Dining,0
TX009416,416,2025-06-11 11:56:00,Bill Payment,ATM,513.44,Success,Education,0
TX009417,176,2025-02-15 04:43:00,Bill Payment,UPI,4788.32,Success,Other,0
TX009418,22,2025-09-16 04:23:00,Purchase,Net Banking,1520.17,Success,Utilities,0
TX009419,186,2025-01-09 05:40:00,Purchase,Debit Card,1201.82,Failed,Groceries,0
TX009420,476,2025-12-05 07:23:00,Purchase,Net Banking,886.77,Success,Shopping,0
TX009421,499,2025-10-08 13:08:00,Bill Payment,Debit Card,1405.75,Reversed,Healthcare,0
TX009422,43,2025-08-15 15:01:00,Withdrawal,ATM,1391.59,Success,Utilities,0
TX009423,360,2025-04-07 02:31:00,Purchase,UPI,1405.77,Success,Other,0
TX009424,89,2025-03-26 19:40:00,Bill Payment,UPI,1209.08,Success,Healthcare,0
TX009425,398,2025-12-05 22:19:00,Purchase,Net Banking,2294.98,Success,Other,0
TX009426,403,2025-01-13 02:49:00,Purchase,Debit Card,1118.38,Success,Healthcare,0
TX009427,468,2025-04-25 10:47:00,Bill Payment,UPI,477.59,Success,Other,0
TX009428,478,2025-03-06 17:32:00,Bill Payment,Net Banking,651.61,Success,Education,0
TX009429,230,2025-03-28 18:25:00,Purchase,UPI,203.94,Success,Groceries,0
TX009430,433,2025-08-19 01:24:00,Purchase,UPI,6141.32,Success,Travel,0
TX009431,226,2025-02-01 03:12:00,Transfer,Net Banking,2283.22,Reversed,Other,0
TX009432,407,2025-06-06 14:53:00,Purchase,Debit Card,541.55,Success,Education,0
TX009433,438,2025-05-31 17:28:00,Purchase,Net Banking,863.01,Success,Other,0
TX009434,139,2025-10-17 18:41:00,Transfer,UPI,638.2,Success,Groceries,0
TX009435,122,2025-08-23 02:10:00,Purchase,UPI,4069.05,Success,Education,0
TX009436,342,2025-09-14 22:34:00,Purchase,UPI,328.03,Success,Other,0
TX009437,171,2025-12-07 09:44:00,Transfer,Net Banking,1208.7,Success,Travel,0
TX009438,273,2025-08-17 05:06:00,Transfer,UPI,1000.0,Success,Other,0
TX009439,200,2025-09-25 04:13:00,Purchase,UPI,2214.57,Success,Groceries,0
TX009440,126,2025-11-16 12:33:00,Purchase,UPI,1003.84,Success,Utilities,0
TX009441,412,2025-07-12 06:56:00,Transfer,Net Banking,246.05,Success,Dining,0
TX009442,344,2025-09-30 19:04:00,Transfer,UPI,885.85,Success,Groceries,0
TX009443,310,2025-06-23 13:49:00,Purchase,UPI,479.94,Success,Other,0
TX009444,338,2025-12-29 02:34:00,Purchase,UPI,1173.38,Success,Education,0
TX009445,55,2025-02-05 07:17:00,Purchase,Net Banking,3710.98,Success,Dining,0
TX009446,323,2025-01-11 23:01:00,Withdrawal,ATM,250.01,Success,Utilities,0
TX009447,28,2025-02-11 08:11:00,Purchase,UPI,555.47,Success,Shopping,0
TX009448,305,2025-05-08 16:53:00,Purchase,UPI,685.54,Success,Travel,0
TX009449,181,2025-10-20 15:53:00,Purchase,Net Banking,792.83,Success,Healthcare,0
TX009450,406,2025-10-08 09:34:00,Purchase,Net Banking,2057.21,Success,Other,0
TX009451,402,2025-01-28 07:00:00,Bill Payment,Net Banking,946.23,Failed,Education,0
TX009452,197,2025-10-22 02:33:00,Transfer,Credit Card,1561.55,Success,Groceries,0
TX009453,220,2025-01-20 07:06:00,Bill Payment,Credit Card,644.25,Success,Groceries,0
TX009454,182,2025-02-04 18:24:00,Purchase,UPI,1333.33,Success,Travel,0
TX009455,338,2025-04-18 00:17:00,Withdrawal,UPI,2124.15,Success,Shopping,0
TX009456,165,2025-03-23 23:08:00,Purchase,UPI,588.48,Success,Travel,0
TX009457,180,2025-11-25 11:53:00,Transfer,UPI,2130.59,Success,Travel,0
TX009458,128,2025-12-06 03:58:00,Purchase,UPI,1146.55,Failed,Utilities,0
TX009459,213,2025-09-24 12:24:00,Transfer,UPI,2666.82,Success,Shopping,0
TX009460,168,2025-12-11 11:51:00,Transfer,Debit Card,924.07,Success,Education,0
TX009461,404,2025-07-02 06:19:00,Transfer,UPI,1516.34,Success,Dining,0
TX009462,167,2025-10-03 00:51:00,Purchase,Debit Card,1059.43,Success,Shopping,0
TX009463,450,2025-01-30 08:29:00,Transfer,Debit Card,1010.52,Success,Travel,0
TX009464,93,2025-12-18 14:36:00,Transfer,Debit Card,1366.61,Success,Dining,0
TX009465,316,2025-03-21 05:59:00,Purchase,Credit Card,1730.71,Success,Dining,0
TX009466,129,2025-08-06 00:41:00,Transfer,UPI,379.13,Success,Shopping,0
TX009467,30,2025-06-24 21:02:00,Withdrawal,Debit Card,3709.26,Success,Education,0
TX009468,422,2025-05-01 02:20:00,Bill Payment,UPI,225.72,Failed,Education,0
TX009469,7,2025-11-02 15:56:00,Purchase,UPI,612.72,Success,Travel,0
TX009470,17,2025-07-05 22:25:00,Purchase,Net Banking,1012.19,Success,Travel,0
TX009471,356,2025-08-24 22:04:00,Withdrawal,Debit Card,1556.98,Success,Dining,0
TX009472,236,2025-01-02 04:33:00,Transfer,Debit Card,4187.03,Success,Dining,0
TX009473,162,2025-11-09 02:27:00,Bill Payment,Net Banking,225.98,Success,Education,0
TX009474,241,2025-02-18 17:48:00,Purchase,Net Banking,712.27,Success,Healthcare,0
TX009475,39,2025-12-15 20:35:00,Bill Payment,UPI,179.86,Success,Utilities,0
TX009476,206,2025-05-09 17:48:00,Bill Payment,Debit Card,1126.51,Success,Healthcare,0
TX009477,183,2025-02-02 05:23:00,Purchase,UPI,1381.51,Success,Groceries,0
TX009478,4,2025-07-14 02:26:00,Refund,Debit Card,4239.4,Failed,Other,0
TX009479,329,2025-06-03 09:50:00,Purchase,Net Banking,1215.05,Success,Other,0
TX009480,85,2025-02-28 06:59:00,Purchase,UPI,2663.57,Success,Shopping,0
TX009481,41,2025-11-03 00:51:00,Withdrawal,Debit Card,1801.3,Success,Travel,0
TX009482,370,2025-01-17 08:22:00,Withdrawal,Debit Card,757.51,Success,Travel,0
TX009483,303,2025-09-03 20:33:00,Refund,Credit Card,331.09,Failed,Other,0
TX009484,127,2025-02-02 04:29:00,Purchase,Net Banking,1385.41,Success,Shopping,0
TX009485,401,2025-06-15 12:19:00,Refund,UPI,308.5,Success,Healthcare,0
TX009486,481,2025-07-17 23:46:00,Purchase,Credit Card,3297.52,Success,Dining,0
TX009487,295,2025-04-10 18:57:00,Purchase,UPI,955.51,Success,Other,0
TX009488,69,2025-03-24 18:17:00,Transfer,Net Banking,3028.74,Failed,Travel,0
TX009489,54,2025-07-11 01:38:00,Bill Payment,UPI,729.1,Success,Groceries,0
TX009490,225,2025-05-18 13:06:00,Bill Payment,Credit Card,1378.19,Success,Healthcare,0
TX009491,457,2025-04-26 19:49:00,Transfer,Debit Card,1310.22,Reversed,Groceries,0
TX009492,129,2025-02-22 11:08:00,Purchase,Credit Card,1055.44,Success,Education,0
TX009493,245,2025-09-18 10:04:00,Purchase,Net Banking,759.18,Success,Education,0
TX009494,16,2025-11-24 12:13:00,Withdrawal,Debit Card,132175.0,Success,Other,1
TX009495,430,2025-02-16 06:19:00,Purchase,UPI,499.08,Failed,Travel,0
TX009496,207,2025-11-07 08:12:00,Bill Payment,ATM,392.28,Success,Education,0
TX009497,345,2025-11-23 13:25:00,Purchase,Debit Card,3153.92,Success,Dining,0
TX009498,87,2025-07-10 14:49:00,Transfer,UPI,2034.68,Success,Healthcare,0
TX009499,379,2025-09-07 20:14:00,Purchase,UPI,148151.94,Success,Education,1
TX009500,260,2025-07-11 21:49:00,Transfer,ATM,4515.95,Success,Shopping,0
TX009501,75,2025-01-26 14:25:00,Transfer,Credit Card,873.4,Success,Groceries,0
TX009502,472,2025-04-12 04:28:00,Purchase,UPI,3375.5,Reversed,Dining,0
TX009503,491,2025-09-09 15:06:00,Transfer,UPI,1273.14,Success,Groceries,0
TX009504,146,2025-04-24 15:58:00,Purchase,UPI,458.96,Success,Dining,0
TX009505,461,2025-02-05 03:34:00,Purchase,UPI,5275.53,Success,Education,0
TX009506,394,2025-10-02 10:55:00,Purchase,UPI,2545.56,Success,Shopping,0
TX009507,226,2025-08-02 10:14:00,Purchase,ATM,989.43,Success,Utilities,0
TX009508,60,2025-02-18 07:24:00,Withdrawal,UPI,2034.68,Success,Groceries,0
TX009509,192,2025-11-14 12:47:00,Transfer,Debit Card,778.1,Success,Healthcare,0
TX009510,215,2025-08-05 02:00:00,Bill Payment,Credit Card,2218.92,Success,Travel,0
TX009511,322,2025-07-01 06:41:00,Purchase,Net Banking,143.68,Success,Utilities,0
TX009512,142,2025-02-24 17:55:00,Bill Payment,Debit Card,460.89,Failed,Other,0
TX009513,447,2025-06-18 04:25:00,Purchase,UPI,2520.9,Success,Education,0
TX009514,477,2025-06-12 00:24:00,Purchase,Debit Card,886.95,Success,Education,0
TX009515,499,2025-01-23 14:08:00,Purchase,UPI,1308.2,Success,Healthcare,0
TX009516,389,2025-04-09 16:19:00,Transfer,Credit Card,349.06,Success,Education,0
TX009517,460,2025-06-30 17:06:00,Withdrawal,Debit Card,5274.75,Success,Travel,0
TX009518,369,2025-08-08 11:33:00,Bill Payment,UPI,3016.79,Success,Education,0
TX009519,241,2025-01-22 21:23:00,Transfer,UPI,924.65,Success,Other,0
TX009520,72,2025-11-18 03:15:00,Purchase,UPI,777.44,Success,Healthcare,0
TX009521,482,2025-04-05 12:34:00,Transfer,UPI,2631.12,Success,Travel,0
TX009522,359,2025-08-02 00:00:00,Withdrawal,UPI,5914.13,Success,Groceries,0
TX009523,432,2025-01-13 22:12:00,Purchase,ATM,2466.85,Success,Utilities,0
TX009524,191,2025-08-22 16:34:00,Bill Payment,Debit Card,6946.77,Success,Shopping,0
TX009525,4,2025-05-06 02:24:00,Transfer,ATM,500.7,Success,Education,0
TX009526,85,2025-12-01 07:12:00,Purchase,UPI,546.49,Success,Travel,0
TX009527,18,2025-06-08 06:58:00,Bill Payment,Net Banking,399.18,Success,Travel,0
TX009528,406,2025-05-17 19:18:00,Purchase,Debit Card,1596.38,Success,Education,0
TX009529,167,2025-03-12 06:15:00,Refund,ATM,1273.17,Success,Groceries,0
TX009530,344,2025-01-28 23:32:00,Transfer,Debit Card,963.76,Success,Shopping,0
TX009531,418,2025-06-18 21:31:00,Purchase,Credit Card,2181.72,Success,Healthcare,0
TX009532,34,2025-04-14 17:33:00,Purchase,Credit Card,3125.91,Success,Travel,0
TX009533,494,2025-12-10 09:09:00,Bill Payment,ATM,299.82,Success,Travel,0
TX009534,168,2025-10-24 13:15:00,Withdrawal,UPI,660.22,Success,Shopping,0
TX009535,405,2025-10-21 01:52:00,Purchase,Debit Card,152430.72,Success,Shopping,1
TX009536,333,2025-02-28 03:39:00,Withdrawal,Net Banking,736.88,Success,Healthcare,0
TX009537,485,2025-06-17 20:53:00,Purchase,Credit Card,556.42,Success,Dining,0
TX009538,330,2025-02-07 10:49:00,Purchase,Debit Card,2606.48,Success,Other,0
TX009539,65,2025-12-19 14:18:00,Withdrawal,Debit Card,366.47,Success,Other,0
TX009540,198,2025-04-06 11:02:00,Transfer,Credit Card,848.66,Success,Groceries,0
TX009541,479,2025-08-04 23:39:00,Transfer,Net Banking,1450.04,Success,Utilities,0
TX009542,366,2025-12-01 00:15:00,Purchase,UPI,673.34,Success,Dining,0
TX009543,415,2025-02-15 14:36:00,Purchase,UPI,2133.85,Success,Travel,0
TX009544,458,2025-03-27 13:55:00,Withdrawal,Credit Card,676.18,Success,Education,0
TX009545,439,2025-02-09 12:29:00,Purchase,Credit Card,3631.23,Success,Healthcare,0
TX009546,219,2025-02-06 05:47:00,Withdrawal,Debit Card,985.47,Success,Shopping,0
TX009547,253,2025-02-20 20:32:00,Bill Payment,Credit Card,1940.26,Success,Groceries,0
TX009548,262,2025-03-07 16:26:00,Withdrawal,UPI,2067.55,Success,Utilities,0
TX009549,379,2025-12-03 12:33:00,Purchase,Net Banking,643.29,Success,Groceries,0
TX009550,484,2025-07-28 09:40:00,Transfer,Credit Card,191.43,Success,Shopping,0
TX009551,454,2025-03-21 17:09:00,Purchase,Debit Card,1490.17,Success,Travel,0
TX009552,323,2025-08-23 18:38:00,Transfer,ATM,1166.13,Success,Groceries,0
TX009553,83,2025-01-07 12:14:00,Bill Payment,Net Banking,1758.91,Success,Education,0
TX009554,337,2025-12-01 22:07:00,Transfer,Debit Card,904.56,Success,Shopping,0
TX009555,105,2025-10-06 07:40:00,Purchase,ATM,760.62,Success,Education,0
TX009556,92,2025-12-25 08:42:00,Transfer,Net Banking,6046.3,Success,Groceries,0
TX009557,186,2025-12-23 07:48:00,Transfer,ATM,313.72,Success,Education,0
TX009558,257,2025-01-14 04:19:00,Transfer,Debit Card,2046.44,Success,Dining,0
TX009559,215,2025-04-06 02:59:00,Purchase,ATM,672.89,Failed,Education,0
TX009560,140,2025-07-07 05:47:00,Purchase,Credit Card,824.34,Success,Other,0
TX009561,15,2025-11-17 15:45:00,Purchase,UPI,837.53,Success,Utilities,0
TX009562,408,2025-10-29 14:10:00,Bill Payment,ATM,553.95,Success,Groceries,0
TX009563,47,2025-04-20 15:41:00,Transfer,Debit Card,1782.09,Success,Shopping,0
TX009564,423,2025-05-27 05:46:00,Purchase,Credit Card,3576.17,Success,Education,0
TX009565,183,2025-10-06 09:26:00,Transfer,UPI,1635.19,Failed,Dining,0
TX009566,28,2025-10-12 01:43:00,Purchase,UPI,1197.36,Success,Dining,0
TX009567,167,2025-03-29 23:45:00,Purchase,Debit Card,474.15,Success,Utilities,0
TX009568,465,2025-06-01 16:14:00,Purchase,UPI,1701.56,Success,Travel,0
TX009569,37,2025-12-02 11:42:00,Transfer,ATM,6856.12,Success,Travel,0
TX009570,488,2025-09-14 05:16:00,Purchase,Credit Card,793.47,Success,Dining,0
TX009571,479,2025-08-02 02:30:00,Purchase,Credit Card,796.65,Success,Other,0
TX009572,63,2025-01-18 21:21:00,Transfer,UPI,680.67,Success,Utilities,0
TX009573,86,2025-08-28 19:50:00,Purchase,Debit Card,723.43,Success,Education,0
TX009574,6,2025-05-18 06:23:00,Bill Payment,Debit Card,106.32,Success,Healthcare,0
TX009575,12,2025-08-05 20:01:00,Transfer,UPI,1547.32,Success,Dining,0
TX009576,274,2025-07-07 04:45:00,Withdrawal,UPI,534.47,Success,Education,0
TX009577,369,2025-10-05 13:50:00,Purchase,UPI,279.02,Success,Healthcare,0
TX009578,226,2025-05-27 14:27:00,Transfer,UPI,2080.18,Success,Groceries,0
TX009579,326,2025-01-14 05:12:00,Bill Payment,Debit Card,437.15,Failed,Shopping,0
TX009580,332,2025-10-14 07:15:00,Purchase,UPI,822.32,Success,Groceries,0
TX009581,239,2025-06-20 12:53:00,Purchase,UPI,3814.16,Success,Dining,0
TX009582,478,2025-01-03 08:41:00,Transfer,Credit Card,331.02,Success,Groceries,0
TX009583,57,2025-09-11 00:33:00,Refund,Net Banking,298.06,Success,Dining,0
TX009584,443,2025-11-20 06:46:00,Refund,Credit Card,1378.72,Success,Utilities,0
TX009585,500,2025-09-07 03:23:00,Transfer,UPI,2913.37,Success,Travel,0
TX009586,257,2025-12-23 14:53:00,Transfer,UPI,287.67,Success,Education,0
TX009587,458,2025-02-15 05:26:00,Bill Payment,UPI,1550.82,Success,Healthcare,0
TX009588,496,2025-11-13 19:38:00,Purchase,UPI,1796.96,Success,Groceries,0
TX009589,228,2025-09-13 20:17:00,Bill Payment,Debit Card,190.51,Success,Other,0
TX009590,243,2025-07-07 06:23:00,Transfer,UPI,2161.86,Success,Dining,0
TX009591,69,2025-01-07 17:44:00,Withdrawal,UPI,2310.26,Success,Utilities,0
TX009592,241,2025-03-01 23:14:00,Purchase,Credit Card,841.33,Success,Travel,0
TX009593,145,2025-07-25 19:00:00,Purchase,Credit Card,3179.55,Success,Travel,0
TX009594,421,2025-07-03 04:00:00,Transfer,UPI,2881.27,Success,Travel,0
TX009595,397,2025-03-12 11:22:00,Withdrawal,Debit Card,1197.09,Success,Utilities,0
TX009596,240,2025-06-01 01:54:00,Transfer,UPI,747.15,Success,Shopping,0
TX009597,191,2025-06-12 15:16:00,Withdrawal,Debit Card,479.67,Success,Shopping,0
TX009598,163,2025-12-27 17:42:00,Purchase,ATM,1062.17,Success,Other,0
TX009599,57,2025-04-24 07:33:00,Bill Payment,ATM,1779.87,Success,Other,0
TX009600,305,2025-12-03 04:37:00,Purchase,Net Banking,832.51,Success,Groceries,0
TX009601,227,2025-01-27 23:32:00,Purchase,UPI,169.38,Success,Utilities,0
TX009602,371,2025-02-09 03:02:00,Purchase,UPI,3224.09,Success,Shopping,0
TX009603,225,2025-03-31 06:24:00,Transfer,Debit Card,1289.09,Success,Groceries,0
TX009604,139,2025-09-04 20:28:00,Purchase,Net Banking,794.19,Failed,Education,0
TX009605,43,2025-03-20 20:27:00,Purchase,UPI,2272.38,Success,Groceries,0
TX009606,205,2025-03-30 05:22:00,Purchase,Debit Card,4007.58,Success,Dining,0
TX009607,369,2025-12-28 18:08:00,Transfer,UPI,72492.37,Success,Other,1
TX009608,303,2025-09-11 10:13:00,Transfer,UPI,1586.24,Success,Education,0
TX009609,367,2025-06-02 02:15:00,Bill Payment,ATM,326.15,Success,Utilities,0
TX009610,253,2025-12-03 06:04:00,Transfer,ATM,1676.13,Success,Other,0
TX009611,298,2025-07-08 23:30:00,Transfer,Credit Card,1222.6,Success,Utilities,0
TX009612,417,2025-01-06 23:06:00,Transfer,Net Banking,1882.52,Reversed,Shopping,0
TX009613,267,2025-01-26 14:34:00,Bill Payment,UPI,717.4,Success,Utilities,0
TX009614,144,2025-01-02 23:43:00,Transfer,UPI,223.13,Success,Utilities,0
TX009615,367,2025-12-19 00:26:00,Withdrawal,UPI,747.84,Success,Dining,0
TX009616,475,2025-04-28 00:37:00,Purchase,Net Banking,1549.71,Success,Utilities,0
TX009617,480,2025-08-23 14:54:00,Bill Payment,UPI,2599.52,Success,Other,0
TX009618,378,2025-07-10 04:35:00,Bill Payment,Net Banking,405.02,Success,Groceries,0
TX009619,386,2025-10-30 04:02:00,Bill Payment,Debit Card,2625.43,Success,Groceries,0
TX009620,15,2025-02-16 11:03:00,Transfer,Debit Card,632.26,Success,Shopping,0
TX009621,339,2025-06-14 20:17:00,Bill Payment,UPI,1492.31,Success,Dining,0
TX009622,99,2025-09-04 04:42:00,Transfer,Debit Card,710.94,Success,Other,0
TX009623,444,2025-12-01 13:02:00,Purchase,UPI,1280.29,Success,Dining,0
TX009624,424,2025-01-12 14:14:00,Withdrawal,Net Banking,2340.44,Success,Healthcare,0
TX009625,252,2025-03-23 03:36:00,Transfer,Net Banking,386.46,Success,Travel,0
TX009626,91,2025-12-07 13:05:00,Purchase,Debit Card,615.28,Success,Groceries,0
TX009627,169,2025-05-20 21:21:00,Purchase,Net Banking,1283.34,Success,Groceries,0
TX009628,119,2025-03-03 10:37:00,Transfer,ATM,8445.14,Success,Shopping,0
TX009629,238,2025-07-14 14:18:00,Bill Payment,UPI,526.52,Success,Education,0
TX009630,143,2025-12-25 19:44:00,Refund,Debit Card,6211.23,Failed,Healthcare,0
TX009631,168,2025-05-14 08:04:00,Purchase,Debit Card,6025.52,Success,Groceries,0
TX009632,20,2025-09-08 19:02:00,Withdrawal,Debit Card,1009.58,Success,Dining,0
TX009633,137,2025-09-06 02:14:00,Withdrawal,Debit Card,851.13,Success,Travel,0
TX009634,1,2025-07-06 07:55:00,Purchase,Credit Card,608.96,Success,Shopping,0
TX009635,209,2025-04-03 17:06:00,Purchase,Credit Card,1034.87,Failed,Healthcare,0
TX009636,431,2025-02-09 17:16:00,Bill Payment,UPI,331.72,Success,Travel,0
TX009637,115,2025-09-02 04:34:00,Withdrawal,UPI,1027.82,Success,Travel,0
TX009638,14,2025-02-16 07:01:00,Purchase,UPI,3914.13,Success,Travel,0
TX009639,112,2025-07-27 04:46:00,Transfer,Credit Card,652.35,Success,Travel,0
TX009640,145,2025-12-24 04:32:00,Purchase,UPI,893.71,Success,Dining,0
TX009641,401,2025-12-07 23:25:00,Withdrawal,UPI,258.28,Success,Travel,0
TX009642,308,2025-10-27 14:30:00,Bill Payment,UPI,1507.12,Failed,Groceries,0
TX009643,169,2025-08-11 08:14:00,Transfer,Debit Card,1373.08,Success,Travel,0
TX009644,409,2025-04-17 18:52:00,Bill Payment,Net Banking,1157.65,Success,Dining,0
TX009645,353,2025-09-15 04:17:00,Purchase,Net Banking,912.05,Success,Travel,0
TX009646,249,2025-05-29 00:38:00,Purchase,Credit Card,855.05,Success,Travel,0
TX009647,56,2025-05-07 15:03:00,Purchase,ATM,1680.11,Success,Other,0
TX009648,27,2025-01-29 12:40:00,Transfer,UPI,1070.1,Failed,Dining,0
TX009649,346,2025-12-23 02:34:00,Bill Payment,Debit Card,1433.29,Success,Dining,0
TX009650,341,2025-05-07 16:18:00,Purchase,UPI,1316.5,Success,Shopping,0
TX009651,324,2025-03-06 05:42:00,Withdrawal,UPI,2849.54,Success,Shopping,0
TX009652,313,2025-06-15 21:11:00,Purchase,ATM,1949.73,Success,Healthcare,0
TX009653,194,2025-05-08 17:05:00,Purchase,Credit Card,1291.98,Success,Education,0
TX009654,228,2025-12-11 11:21:00,Bill Payment,Net Banking,3986.46,Success,Dining,0
TX009655,412,2025-04-09 16:31:00,Withdrawal,UPI,1567.49,Failed,Other,0
TX009656,67,2025-04-27 22:28:00,Withdrawal,UPI,3324.98,Success,Other,0
TX009657,413,2025-01-16 20:11:00,Transfer,UPI,1837.02,Success,Other,0
TX009658,494,2025-07-20 15:33:00,Bill Payment,Net Banking,229.15,Failed,Groceries,0
TX009659,365,2025-09-02 17:49:00,Bill Payment,UPI,3324.62,Success,Healthcare,0
TX009660,148,2025-01-17 10:05:00,Purchase,UPI,1230.16,Success,Education,0
TX009661,403,2025-12-24 03:36:00,Transfer,UPI,1049.26,Success,Education,0
TX009662,384,2025-08-26 13:26:00,Purchase,UPI,1392.9,Success,Groceries,0
TX009663,209,2025-01-05 18:52:00,Purchase,Net Banking,817.92,Success,Other,0
TX009664,282,2025-01-24 15:49:00,Purchase,Debit Card,1330.05,Success,Education,0
TX009665,155,2025-08-12 00:45:00,Withdrawal,Credit Card,663.09,Success,Travel,0
TX009666,88,2025-05-26 17:06:00,Transfer,UPI,3239.36,Success,Healthcare,0
TX009667,116,2025-03-11 21:05:00,Transfer,Net Banking,995.7,Success,Education,0
TX009668,308,2025-06-15 04:32:00,Transfer,Credit Card,792.19,Success,Utilities,0
TX009669,466,2025-10-07 21:26:00,Bill Payment,Debit Card,499.6,Success,Healthcare,0
TX009670,205,2025-04-05 05:12:00,Purchase,Debit Card,1378.1,Success,Groceries,0
TX009671,175,2025-07-15 13:21:00,Withdrawal,UPI,1285.68,Success,Travel,0
TX009672,299,2025-10-24 20:51:00,Transfer,UPI,1525.63,Success,Healthcare,0
TX009673,483,2025-01-13 15:31:00,Purchase,Net Banking,457.98,Reversed,Dining,0
TX009674,444,2025-11-13 21:57:00,Withdrawal,Credit Card,281.18,Success,Groceries,0
TX009675,304,2025-05-16 10:50:00,Purchase,UPI,1866.37,Success,Shopping,0
TX009676,38,2025-10-31 21:49:00,Purchase,Debit Card,3873.62,Success,Dining,0
TX009677,463,2025-04-09 06:16:00,Bill Payment,UPI,458.33,Success,Healthcare,0
TX009678,342,2025-07-02 09:14:00,Bill Payment,ATM,4234.52,Success,Education,0
TX009679,380,2025-03-21 22:27:00,Purchase,UPI,1395.94,Success,Healthcare,0
TX009680,12,2025-07-26 15:33:00,Bill Payment,Net Banking,1090.07,Success,Education,0
TX009681,364,2025-04-14 18:52:00,Purchase,UPI,782.18,Success,Travel,0
TX009682,7,2025-12-30 04:25:00,Withdrawal,UPI,338.04,Success,Healthcare,0
TX009683,53,2025-03-01 18:23:00,Purchase,Net Banking,2539.11,Success,Dining,0
TX009684,196,2025-02-27 23:25:00,Purchase,UPI,567.21,Failed,Education,0
TX009685,190,2025-10-29 18:07:00,Bill Payment,UPI,565.19,Success,Shopping,0
TX009686,1,2025-01-18 14:35:00,Bill Payment,UPI,2548.19,Success,Healthcare,0
TX009687,298,2025-11-07 12:53:00,Bill Payment,UPI,221.29,Success,Other,0
TX009688,342,2025-11-23 01:45:00,Transfer,Net Banking,300.35,Success,Dining,0
TX009689,435,2025-02-03 09:50:00,Purchase,UPI,1079.86,Success,Shopping,0
TX009690,175,2025-08-14 09:09:00,Bill Payment,UPI,1407.11,Success,Education,0
TX009691,416,2025-02-24 03:02:00,Purchase,Debit Card,1655.77,Success,Education,0
TX009692,63,2025-10-21 22:47:00,Withdrawal,UPI,848.5,Success,Education,0
TX009693,385,2025-04-25 20:25:00,Bill Payment,UPI,81894.01,Success,Healthcare,1
TX009694,261,2025-05-23 17:36:00,Purchase,UPI,903.51,Success,Education,0
TX009695,236,2025-07-27 19:41:00,Purchase,UPI,901.29,Success,Education,0
TX009696,476,2025-02-26 04:27:00,Purchase,UPI,557.0,Success,Healthcare,0
TX009697,43,2025-05-06 11:41:00,Purchase,Credit Card,1218.43,Success,Dining,0
TX009698,228,2025-06-12 20:53:00,Transfer,UPI,1849.59,Success,Shopping,0
TX009699,213,2025-09-27 05:17:00,Bill Payment,UPI,3050.44,Failed,Education,0
TX009700,245,2025-05-20 11:35:00,Withdrawal,UPI,309.24,Success,Healthcare,0
TX009701,19,2025-03-16 14:30:00,Purchase,Debit Card,889.72,Failed,Education,0
TX009702,345,2025-09-27 06:30:00,Withdrawal,Credit Card,1603.11,Success,Groceries,0
TX009703,322,2025-09-04 18:57:00,Purchase,Debit Card,1806.23,Success,Other,0
TX009704,193,2025-01-03 06:20:00,Bill Payment,Credit Card,1102.75,Success,Education,0
TX009705,157,2025-06-06 05:31:00,Withdrawal,UPI,1738.99,Success,Shopping,0
TX009706,339,2025-03-03 12:16:00,Bill Payment,UPI,551.36,Success,Utilities,0
TX009707,256,2025-02-05 20:37:00,Bill Payment,ATM,4122.52,Success,Education,0
TX009708,199,2025-09-30 06:13:00,Bill Payment,ATM,2549.71,Success,Groceries,0
TX009709,194,2025-11-29 09:20:00,Transfer,Net Banking,349.61,Success,Other,0
TX009710,349,2025-06-30 03:46:00,Withdrawal,ATM,439.73,Success,Other,0
TX009711,212,2025-01-28 08:55:00,Bill Payment,Debit Card,450.39,Success,Other,0
TX009712,322,2025-02-13 00:52:00,Purchase,UPI,1951.35,Success,Utilities,0
TX009713,419,2025-03-13 06:42:00,Purchase,Net Banking,367.96,Success,Healthcare,0
TX009714,373,2025-06-13 07:47:00,Purchase,Credit Card,827.68,Success,Education,0
TX009715,139,2025-07-15 21:16:00,Withdrawal,UPI,1614.05,Success,Travel,0
TX009716,14,2025-07-30 13:08:00,Transfer,ATM,1036.66,Success,Travel,0
TX009717,494,2025-07-24 14:13:00,Purchase,Debit Card,1366.56,Success,Groceries,0
TX009718,114,2025-08-19 02:31:00,Purchase,UPI,443.22,Success,Other,0
TX009719,5,2025-05-04 20:33:00,Purchase,UPI,1818.24,Success,Healthcare,0
TX009720,45,2025-08-07 05:28:00,Transfer,Debit Card,651.17,Success,Education,0
TX009721,354,2025-03-08 12:56:00,Purchase,Debit Card,832.2,Success,Travel,0
TX009722,33,2025-01-16 14:57:00,Bill Payment,UPI,1342.21,Success,Other,0
TX009723,448,2025-05-11 12:25:00,Transfer,UPI,1197.05,Success,Dining,0
TX009724,29,2025-10-21 18:47:00,Purchase,UPI,1119.22,Success,Education,0
TX009725,326,2025-08-22 20:37:00,Refund,UPI,579.39,Success,Healthcare,0
TX009726,146,2025-07-11 13:45:00,Purchase,Debit Card,850.12,Success,Groceries,0
TX009727,149,2025-10-13 20:04:00,Transfer,UPI,1098.67,Success,Other,0
TX009728,459,2025-04-06 09:50:00,Refund,Credit Card,340.76,Success,Healthcare,0
TX009729,272,2025-09-15 22:13:00,Refund,Net Banking,740.15,Success,Shopping,0
TX009730,257,2025-06-17 09:48:00,Purchase,UPI,1524.66,Success,Other,0
TX009731,291,2025-09-08 15:45:00,Purchase,Credit Card,370.25,Success,Dining,0
TX009732,173,2025-10-14 16:45:00,Bill Payment,Net Banking,2930.99,Success,Healthcare,0
TX009733,441,2025-09-25 11:00:00,Purchase,Net Banking,3226.56,Failed,Healthcare,0
TX009734,68,2025-05-25 02:39:00,Purchase,UPI,380.55,Success,Utilities,0
TX009735,425,2025-04-18 10:16:00,Purchase,Debit Card,3477.18,Success,Groceries,0
TX009736,184,2025-02-10 05:39:00,Purchase,Net Banking,970.64,Success,Education,0
TX009737,118,2025-11-17 01:50:00,Purchase,Debit Card,1565.15,Success,Healthcare,0
TX009738,203,2025-07-20 13:57:00,Transfer,UPI,718.99,Success,Groceries,0
TX009739,375,2025-09-23 08:33:00,Transfer,UPI,2403.28,Success,Shopping,0
TX009740,139,2025-03-16 08:48:00,Purchase,Net Banking,1548.71,Success,Healthcare,0
TX009741,208,2025-03-09 01:27:00,Purchase,UPI,548.93,Success,Other,0
TX009742,46,2025-10-09 22:55:00,Withdrawal,UPI,407.31,Success,Utilities,0
TX009743,420,2025-01-26 01:42:00,Purchase,Debit Card,125632.84,Success,Other,1
TX009744,393,2025-02-18 11:11:00,Withdrawal,Credit Card,1286.59,Success,Dining,0
TX009745,190,2025-05-27 03:18:00,Purchase,Credit Card,1783.98,Success,Travel,0
TX009746,346,2025-11-03 20:01:00,Purchase,UPI,1907.07,Success,Groceries,0
TX009747,8,2025-10-06 18:25:00,Bill Payment,Debit Card,991.99,Success,Other,0
TX009748,157,2025-04-07 01:53:00,Purchase,Net Banking,410.16,Success,Shopping,0
TX009749,143,2025-05-13 12:26:00,Bill Payment,ATM,614.15,Success,Travel,0
TX009750,482,2025-11-10 08:37:00,Purchase,Credit Card,2920.46,Success,Education,0
TX009751,10,2025-05-29 11:24:00,Transfer,UPI,726.37,Success,Shopping,0
TX009752,351,2025-03-01 13:50:00,Purchase,UPI,1238.81,Success,Other,0
TX009753,82,2025-06-05 13:34:00,Transfer,UPI,439.53,Success,Travel,0
TX009754,211,2025-08-05 12:05:00,Refund,UPI,1459.86,Success,Dining,0
TX009755,497,2025-02-16 13:54:00,Purchase,UPI,743.2,Success,Groceries,0
TX009756,141,2025-02-19 17:56:00,Purchase,ATM,2669.66,Failed,Travel,0
TX009757,322,2025-01-28 22:43:00,Transfer,Debit Card,2116.51,Success,Utilities,0
TX009758,38,2025-10-24 02:54:00,Purchase,UPI,719.57,Success,Healthcare,0
TX009759,271,2025-06-14 10:03:00,Purchase,ATM,984.7,Failed,Education,0
TX009760,194,2025-12-08 00:28:00,Bill Payment,Debit Card,686.46,Success,Utilities,0
TX009761,316,2025-03-17 15:13:00,Purchase,UPI,328.15,Success,Shopping,0
TX009762,462,2025-07-03 21:21:00,Bill Payment,Net Banking,529.1,Success,Dining,0
TX009763,119,2025-07-04 19:14:00,Transfer,UPI,1297.88,Success,Other,0
TX009764,16,2025-04-13 20:19:00,Purchase,Credit Card,1445.88,Success,Utilities,0
TX009765,286,2025-03-31 11:15:00,Purchase,Debit Card,1244.22,Success,Utilities,0
TX009766,50,2025-01-18 02:36:00,Transfer,UPI,848.55,Success,Dining,0
TX009767,352,2025-10-14 03:19:00,Transfer,Net Banking,2423.84,Success,Shopping,0
TX009768,4,2025-11-16 08:49:00,Purchase,Credit Card,1157.49,Success,Groceries,0
TX009769,396,2025-09-18 12:04:00,Transfer,Net Banking,1993.74,Reversed,Shopping,0
TX009770,338,2025-09-14 00:15:00,Withdrawal,Debit Card,242.81,Success,Education,0
TX009771,402,2025-01-04 06:07:00,Bill Payment,Net Banking,39.09,Success,Groceries,0
TX009772,303,2025-07-07 10:09:00,Purchase,ATM,1395.8,Success,Dining,0
TX009773,324,2025-03-13 18:04:00,Transfer,UPI,326.67,Success,Groceries,0
TX009774,469,2025-09-24 05:07:00,Purchase,ATM,915.45,Success,Travel,0
TX009775,480,2025-12-30 11:16:00,Transfer,Debit Card,848.29,Success,Other,0
TX009776,334,2025-08-31 05:04:00,Withdrawal,Debit Card,4227.18,Success,Dining,0
TX009777,129,2025-05-07 17:06:00,Withdrawal,Debit Card,1540.71,Success,Dining,0
TX009778,298,2025-02-09 03:47:00,Purchase,UPI,1262.67,Success,Utilities,0
TX009779,50,2025-08-25 22:58:00,Transfer,UPI,2233.76,Success,Other,0
TX009780,200,2025-10-06 22:38:00,Transfer,Net Banking,1500.0,Success,Travel,0
TX009781,282,2025-12-06 20:11:00,Purchase,UPI,743.21,Success,Dining,0
TX009782,54,2025-08-29 23:51:00,Transfer,Debit Card,2726.45,Success,Travel,0
TX009783,16,2025-04-30 00:29:00,Purchase,UPI,426.97,Success,Dining,0
TX009784,217,2025-03-21 09:54:00,Bill Payment,UPI,1443.4,Success,Other,0
TX009785,278,2025-09-26 05:17:00,Purchase,Net Banking,294.29,Success,Education,0
TX009786,201,2025-06-17 13:33:00,Bill Payment,UPI,1304.21,Success,Utilities,0
TX009787,444,2025-02-05 02:51:00,Purchase,Credit Card,1292.12,Success,Education,0
TX009788,43,2025-05-11 07:45:00,Bill Payment,Debit Card,4559.58,Success,Dining,0
TX009789,461,2025-04-07 15:59:00,Transfer,UPI,289.97,Success,Education,0
TX009790,263,2025-03-16 01:43:00,Transfer,Debit Card,658.03,Success,Groceries,0
TX009791,262,2025-02-22 08:31:00,Bill Payment,Debit Card,2206.76,Success,Groceries,0
TX009792,499,2025-03-01 20:35:00,Purchase,Credit Card,1458.29,Success,Shopping,0
TX009793,78,2025-12-03 09:49:00,Transfer,ATM,1278.27,Success,Other,0
TX009794,473,2025-04-25 22:03:00,Bill Payment,Credit Card,486.52,Success,Utilities,0
TX009795,177,2025-07-28 17:56:00,Purchase,Credit Card,663.68,Success,Other,0
TX009796,482,2025-01-24 12:51:00,Transfer,UPI,3159.87,Success,Other,0
TX009797,227,2025-06-19 13:25:00,Bill Payment,UPI,1049.66,Success,Shopping,0
TX009798,269,2025-01-19 08:51:00,Transfer,UPI,1508.78,Success,Education,0
TX009799,451,2025-10-12 07:23:00,Purchase,Debit Card,994.35,Success,Shopping,0
TX009800,352,2025-09-18 07:04:00,Purchase,Net Banking,401.17,Success,Utilities,0
TX009801,223,2025-08-22 10:12:00,Withdrawal,UPI,2425.37,Success,Healthcare,0
TX009802,339,2025-07-22 03:43:00,Bill Payment,Debit Card,1682.01,Success,Shopping,0
TX009803,192,2025-08-24 01:03:00,Purchase,Net Banking,7783.73,Success,Healthcare,0
TX009804,397,2025-12-06 07:30:00,Transfer,UPI,141647.03,Success,Dining,1
TX009805,473,2025-08-13 13:09:00,Purchase,Debit Card,2206.55,Success,Education,0
TX009806,232,2025-04-25 23:47:00,Purchase,Debit Card,359.67,Success,Dining,0
TX009807,497,2025-05-05 16:59:00,Refund,UPI,1253.56,Success,Dining,0
TX009808,418,2025-02-01 17:22:00,Refund,ATM,2515.01,Success,Other,0
TX009809,105,2025-03-10 11:38:00,Withdrawal,ATM,188.42,Success,Travel,0
TX009810,308,2025-08-20 10:08:00,Purchase,UPI,921.32,Success,Utilities,0
TX009811,13,2025-07-09 15:49:00,Purchase,Net Banking,679.44,Success,Travel,0
TX009812,293,2025-12-14 12:51:00,Purchase,UPI,603.86,Success,Dining,0
TX009813,361,2025-04-11 12:20:00,Withdrawal,Net Banking,1521.47,Failed,Travel,0
TX009814,413,2025-03-03 01:37:00,Purchase,ATM,2842.91,Success,Other,0
TX009815,15,2025-01-13 22:59:00,Purchase,UPI,979.18,Success,Healthcare,0
TX009816,78,2025-11-26 05:54:00,Refund,Debit Card,1305.92,Success,Healthcare,0
TX009817,208,2025-02-25 21:59:00,Purchase,UPI,1208.53,Success,Utilities,0
TX009818,371,2025-12-27 21:24:00,Bill Payment,UPI,1098.32,Success,Education,0
TX009819,452,2025-08-23 00:33:00,Bill Payment,UPI,434.44,Success,Other,0
TX009820,498,2025-01-18 11:17:00,Purchase,UPI,2813.48,Success,Healthcare,0
TX009821,498,2025-09-18 15:15:00,Bill Payment,Debit Card,1409.4,Success,Utilities,0
TX009822,176,2025-10-10 06:02:00,Withdrawal,Debit Card,1534.02,Success,Travel,0
TX009823,244,2025-08-24 13:51:00,Withdrawal,Net Banking,552.51,Failed,Healthcare,0
TX009824,438,2025-12-06 17:10:00,Transfer,UPI,742.23,Success,Other,0
TX009825,432,2025-10-26 18:07:00,Transfer,Debit Card,944.15,Success,Travel,0
TX009826,185,2025-07-20 04:42:00,Transfer,UPI,297.67,Success,Shopping,0
TX009827,309,2025-03-16 18:40:00,Transfer,UPI,261.17,Success,Healthcare,0
TX009828,245,2025-01-29 18:37:00,Purchase,UPI,658.1,Success,Travel,0
TX009829,5,2025-12-13 22:22:00,Purchase,UPI,1709.82,Success,Travel,0
TX009830,404,2025-07-27 23:53:00,Withdrawal,UPI,629.44,Success,Healthcare,0
TX009831,412,2025-08-04 10:30:00,Purchase,UPI,461.28,Success,Education,0
TX009832,481,2025-11-15 21:31:00,Purchase,ATM,548.68,Success,Travel,0
TX009833,28,2025-02-21 14:27:00,Withdrawal,Debit Card,744.68,Success,Shopping,0
TX009834,229,2025-12-25 18:33:00,Transfer,UPI,811.77,Success,Dining,0
TX009835,242,2025-01-02 12:04:00,Refund,ATM,6909.78,Success,Healthcare,0
TX009836,453,2025-05-29 03:30:00,Bill Payment,Credit Card,2687.66,Reversed,Utilities,0
TX009837,207,2025-05-22 03:48:00,Transfer,Net Banking,2620.34,Success,Travel,0
TX009838,119,2025-04-16 06:13:00,Purchase,UPI,2961.03,Success,Education,0
TX009839,118,2025-01-12 08:02:00,Purchase,Debit Card,469.19,Success,Travel,0
TX009840,42,2025-07-20 14:32:00,Purchase,UPI,387.99,Success,Healthcare,0
TX009841,99,2025-05-13 18:56:00,Transfer,UPI,428.02,Success,Education,0
TX009842,128,2025-07-01 06:27:00,Bill Payment,Credit Card,3409.53,Success,Utilities,0
TX009843,153,2025-05-01 14:43:00,Transfer,Net Banking,688.76,Success,Travel,0
TX009844,371,2025-03-20 20:22:00,Purchase,UPI,378.55,Success,Utilities,0
TX009845,284,2025-07-08 21:18:00,Purchase,Credit Card,760.25,Success,Other,0
TX009846,164,2025-04-22 11:30:00,Purchase,UPI,895.32,Success,Healthcare,0
TX009847,147,2025-10-21 09:07:00,Purchase,Net Banking,1377.67,Success,Healthcare,0
TX009848,181,2025-03-11 23:07:00,Purchase,ATM,1357.38,Success,Groceries,0
TX009849,416,2025-06-23 14:26:00,Purchase,Net Banking,542.42,Success,Travel,0
TX009850,143,2025-09-03 13:35:00,Purchase,Credit Card,1964.14,Success,Other,0
TX009851,264,2025-07-25 16:44:00,Purchase,Credit Card,636.95,Success,Groceries,0
TX009852,1,2025-04-11 11:19:00,Bill Payment,ATM,960.22,Success,Other,0
TX009853,311,2025-04-13 15:49:00,Purchase,Net Banking,1966.0,Success,Shopping,0
TX009854,86,2025-11-25 16:25:00,Purchase,Net Banking,635.53,Success,Other,0
TX009855,76,2025-04-04 02:22:00,Purchase,Debit Card,675.9,Failed,Utilities,0
TX009856,470,2025-02-27 21:25:00,Purchase,Debit Card,1813.33,Success,Shopping,0
TX009857,214,2025-08-06 12:42:00,Purchase,Net Banking,528.97,Success,Utilities,0
TX009858,178,2025-09-19 14:13:00,Withdrawal,UPI,790.71,Success,Groceries,0
TX009859,69,2025-08-08 00:01:00,Transfer,UPI,1758.79,Success,Other,0
TX009860,12,2025-12-08 20:39:00,Purchase,UPI,6285.36,Reversed,Other,0
TX009861,138,2025-07-21 20:46:00,Transfer,Net Banking,1834.62,Success,Shopping,0
TX009862,464,2025-06-28 12:03:00,Purchase,UPI,1638.84,Success,Shopping,0
TX009863,58,2025-07-18 17:00:00,Bill Payment,UPI,1721.9,Success,Dining,0
TX009864,14,2025-04-30 06:34:00,Purchase,Credit Card,440.45,Success,Healthcare,0
TX009865,300,2025-04-10 11:17:00,Transfer,UPI,1209.86,Failed,Education,0
TX009866,325,2025-10-13 07:39:00,Refund,Debit Card,107786.74,Success,Healthcare,1
TX009867,21,2025-01-22 04:32:00,Refund,Debit Card,1441.37,Success,Healthcare,0
TX009868,126,2025-06-10 12:04:00,Purchase,Net Banking,1210.79,Reversed,Dining,0
TX009869,4,2025-07-23 03:49:00,Transfer,Debit Card,1514.35,Success,Shopping,0
TX009870,39,2025-10-13 07:03:00,Transfer,UPI,841.56,Success,Travel,0
TX009871,216,2025-04-19 20:23:00,Purchase,UPI,1152.65,Success,Shopping,0
TX009872,198,2025-11-04 09:16:00,Withdrawal,Debit Card,138967.06,Success,Travel,1
TX009873,436,2025-10-25 05:30:00,Transfer,UPI,835.54,Success,Other,0
TX009874,374,2025-05-09 08:50:00,Transfer,UPI,3576.75,Success,Other,0
TX009875,422,2025-03-10 02:59:00,Transfer,Credit Card,1437.97,Success,Healthcare,0
TX009876,425,2025-06-22 08:18:00,Bill Payment,UPI,1077.3,Success,Dining,0
TX009877,52,2025-09-28 14:52:00,Withdrawal,Net Banking,5495.61,Success,Shopping,0
TX009878,478,2025-02-28 14:46:00,Purchase,UPI,344.91,Success,Education,0
TX009879,250,2025-03-04 14:49:00,Transfer,Debit Card,427.08,Success,Dining,0
TX009880,366,2025-01-30 23:49:00,Withdrawal,UPI,4702.29,Success,Utilities,0
TX009881,306,2025-05-27 20:12:00,Purchase,Credit Card,1140.32,Success,Dining,0
TX009882,388,2025-08-06 02:31:00,Bill Payment,Credit Card,892.3,Success,Groceries,0
TX009883,119,2025-01-28 03:14:00,Purchase,Debit Card,395.71,Success,Healthcare,0
TX009884,329,2025-10-13 03:25:00,Transfer,Credit Card,1604.46,Success,Utilities,0
TX009885,177,2025-06-20 11:27:00,Transfer,UPI,1742.0,Success,Utilities,0
TX009886,114,2025-01-07 07:36:00,Purchase,UPI,432.54,Success,Groceries,0
TX009887,21,2025-01-25 22:21:00,Transfer,Debit Card,973.37,Success,Shopping,0
TX009888,470,2025-01-07 00:49:00,Transfer,Debit Card,824.53,Failed,Groceries,0
TX009889,479,2025-10-28 06:44:00,Purchase,UPI,1363.19,Success,Shopping,0
TX009890,383,2025-10-10 02:36:00,Withdrawal,Net Banking,423.54,Failed,Travel,0
TX009891,31,2025-01-29 04:37:00,Purchase,Net Banking,3178.47,Success,Groceries,0
TX009892,372,2025-05-07 17:01:00,Withdrawal,UPI,2388.57,Success,Other,0
TX009893,60,2025-04-28 01:49:00,Transfer,Debit Card,805.37,Success,Travel,0
TX009894,429,2025-11-16 07:14:00,Bill Payment,Net Banking,912.37,Success,Travel,0
TX009895,85,2025-10-28 20:09:00,Purchase,Net Banking,976.56,Success,Utilities,0
TX009896,464,2025-07-03 09:04:00,Transfer,Credit Card,565.91,Reversed,Utilities,0
TX009897,203,2025-06-20 05:18:00,Withdrawal,UPI,752.26,Success,Groceries,0
TX009898,225,2025-08-13 10:49:00,Transfer,UPI,871.55,Success,Travel,0
TX009899,308,2025-02-03 22:48:00,Purchase,UPI,4319.69,Success,Travel,0
TX009900,404,2025-06-30 03:47:00,Purchase,UPI,2451.92,Success,Shopping,0
TX009901,407,2025-12-19 21:59:00,Purchase,Credit Card,2427.11,Success,Utilities,0
TX009902,240,2025-05-03 05:16:00,Bill Payment,ATM,1501.83,Success,Other,0
TX009903,315,2025-12-24 00:10:00,Transfer,UPI,424.23,Success,Shopping,0
TX009904,482,2025-09-24 12:11:00,Transfer,UPI,1058.63,Success,Travel,0
TX009905,458,2025-06-26 05:29:00,Transfer,UPI,2502.17,Success,Education,0
TX009906,477,2025-11-03 06:35:00,Purchase,UPI,376.33,Success,Healthcare,0
TX009907,271,2025-12-09 02:59:00,Purchase,Debit Card,1883.85,Success,Other,0
TX009908,244,2025-01-31 21:33:00,Transfer,UPI,7896.84,Success,Education,0
TX009909,460,2025-06-07 19:11:00,Bill Payment,ATM,2704.15,Success,Education,0
TX009910,53,2025-12-11 06:00:00,Purchase,UPI,3647.97,Success,Other,0
TX009911,106,2025-12-02 07:57:00,Withdrawal,UPI,1320.27,Success,Travel,0
TX009912,165,2025-08-15 16:18:00,Bill Payment,Debit Card,2496.74,Success,Education,0
TX009913,456,2025-02-12 09:24:00,Bill Payment,UPI,173224.17,Success,Dining,1
TX009914,366,2025-06-19 19:01:00,Purchase,UPI,2157.02,Failed,Travel,0
TX009915,133,2025-04-19 21:59:00,Bill Payment,UPI,1912.62,Success,Utilities,0
TX009916,205,2025-05-26 05:15:00,Purchase,Net Banking,1403.08,Success,Travel,0
TX009917,366,2025-10-28 04:15:00,Purchase,Net Banking,3356.34,Success,Dining,0
TX009918,487,2025-01-29 22:10:00,Purchase,UPI,693.7,Success,Utilities,0
TX009919,237,2025-06-17 21:36:00,Transfer,Credit Card,935.43,Success,Education,0
TX009920,61,2025-11-30 23:46:00,Withdrawal,UPI,1189.33,Success,Shopping,0
TX009921,421,2025-12-19 11:24:00,Refund,Net Banking,457.07,Success,Travel,0
TX009922,411,2025-12-10 11:11:00,Transfer,Credit Card,1329.94,Success,Utilities,0
TX009923,293,2025-11-07 21:16:00,Purchase,Debit Card,254.4,Success,Other,0
TX009924,73,2025-10-26 06:03:00,Purchase,UPI,2670.21,Success,Groceries,0
TX009925,439,2025-05-31 23:13:00,Bill Payment,Debit Card,1140.98,Reversed,Dining,0
TX009926,210,2025-09-14 14:32:00,Purchase,UPI,704.33,Success,Groceries,0
TX009927,214,2025-07-08 04:44:00,Transfer,ATM,539.58,Success,Healthcare,0
TX009928,376,2025-02-26 22:53:00,Bill Payment,Debit Card,898.39,Success,Other,0
TX009929,327,2025-07-23 09:59:00,Purchase,UPI,182533.4,Success,Utilities,1
TX009930,138,2025-10-27 07:42:00,Purchase,ATM,1746.87,Success,Other,0
TX009931,70,2025-03-11 11:35:00,Bill Payment,Debit Card,602.02,Success,Groceries,0
TX009932,169,2025-11-24 21:49:00,Purchase,Net Banking,534.25,Success,Utilities,0
TX009933,169,2025-02-15 06:17:00,Bill Payment,Debit Card,1916.71,Success,Dining,0
TX009934,271,2025-05-16 16:49:00,Withdrawal,UPI,593.48,Success,Other,0
TX009935,497,2025-11-30 02:36:00,Withdrawal,Credit Card,1153.92,Success,Travel,0
TX009936,438,2025-05-06 10:22:00,Bill Payment,UPI,1218.28,Success,Healthcare,0
TX009937,495,2025-09-26 05:37:00,Withdrawal,UPI,1429.75,Success,Shopping,0
TX009938,457,2025-07-05 22:04:00,Purchase,Debit Card,2274.53,Success,Groceries,0
TX009939,74,2025-09-19 05:24:00,Refund,Net Banking,374.83,Success,Education,0
TX009940,480,2025-11-08 17:15:00,Purchase,Debit Card,216.05,Success,Other,0
TX009941,294,2025-05-13 20:54:00,Withdrawal,Debit Card,677.0,Success,Education,0
TX009942,454,2025-08-07 08:51:00,Withdrawal,UPI,5071.03,Success,Education,0
TX009943,435,2025-08-05 17:45:00,Transfer,UPI,6117.13,Success,Dining,0
TX009944,302,2025-09-11 12:23:00,Purchase,Net Banking,5200.45,Success,Travel,0
TX009945,57,2025-01-03 21:48:00,Bill Payment,ATM,930.73,Success,Shopping,0
TX009946,41,2025-12-29 14:48:00,Purchase,Net Banking,241.1,Success,Shopping,0
TX009947,355,2025-10-08 16:04:00,Purchase,Credit Card,149.67,Success,Travel,0
TX009948,270,2025-10-12 22:09:00,Transfer,Net Banking,650.71,Success,Education,0
TX009949,12,2025-06-03 06:21:00,Purchase,Credit Card,926.71,Failed,Healthcare,0
TX009950,353,2025-01-21 03:25:00,Bill Payment,UPI,3312.74,Success,Travel,0
TX009951,412,2025-09-01 23:13:00,Transfer,Debit Card,2293.04,Success,Dining,0
TX009952,487,2025-01-22 05:26:00,Withdrawal,ATM,1330.48,Success,Dining,0
TX009953,107,2025-04-10 23:20:00,Purchase,Net Banking,514.72,Success,Healthcare,0
TX009954,304,2025-08-05 09:36:00,Bill Payment,UPI,484.61,Success,Healthcare,0
TX009955,425,2025-06-09 00:02:00,Purchase,Credit Card,1361.05,Success,Shopping,0
TX009956,425,2025-09-27 15:00:00,Transfer,Debit Card,1983.25,Success,Groceries,0
TX009957,5,2025-06-20 06:43:00,Bill Payment,UPI,1530.12,Success,Dining,0
TX009958,120,2025-06-11 23:45:00,Purchase,UPI,455.13,Success,Utilities,0
TX009959,269,2025-08-10 19:20:00,Transfer,UPI,1906.58,Success,Education,0
TX009960,47,2025-12-14 01:03:00,Transfer,Credit Card,1575.02,Success,Other,0
TX009961,330,2025-09-05 22:16:00,Purchase,UPI,441.39,Success,Education,0
TX009962,68,2025-04-06 01:15:00,Purchase,UPI,563.03,Success,Other,0
TX009963,55,2025-07-18 10:10:00,Bill Payment,Net Banking,1968.88,Success,Other,0
TX009964,60,2025-09-09 21:23:00,Purchase,Debit Card,898.45,Success,Education,0
TX009965,183,2025-11-09 17:17:00,Purchase,Debit Card,4233.46,Success,Travel,0
TX009966,331,2025-01-23 15:13:00,Purchase,UPI,1679.01,Success,Education,0
TX009967,154,2025-05-13 05:00:00,Purchase,ATM,725.14,Success,Utilities,0
TX009968,154,2025-08-10 10:16:00,Transfer,Net Banking,1087.16,Success,Travel,0
TX009969,165,2025-05-09 01:43:00,Transfer,Net Banking,1157.34,Success,Travel,0
TX009970,348,2025-04-01 07:22:00,Bill Payment,ATM,590.44,Success,Shopping,0
TX009971,299,2025-12-24 13:46:00,Purchase,Net Banking,504.87,Success,Groceries,0
TX009972,87,2025-10-14 17:15:00,Withdrawal,UPI,1990.58,Success,Utilities,0
TX009973,92,2025-10-09 21:52:00,Purchase,Net Banking,2249.54,Success,Travel,0
TX009974,111,2025-12-11 16:30:00,Purchase,Net Banking,1832.09,Success,Education,0
TX009975,266,2025-10-01 13:28:00,Bill Payment,UPI,3975.96,Success,Other,0
TX009976,287,2025-03-16 20:19:00,Purchase,Debit Card,691.94,Success,Dining,0
TX009977,170,2025-06-14 09:41:00,Purchase,ATM,4551.13,Failed,Healthcare,0
TX009978,139,2025-07-25 22:35:00,Withdrawal,UPI,509.9,Success,Other,0
TX009979,352,2025-05-27 07:34:00,Purchase,UPI,463.69,Success,Travel,0
TX009980,245,2025-07-02 00:17:00,Purchase,UPI,245.68,Success,Dining,0
TX009981,140,2025-04-23 20:35:00,Purchase,ATM,750.75,Success,Utilities,0
TX009982,140,2025-06-29 12:09:00,Purchase,UPI,714.68,Success,Healthcare,0
TX009983,496,2025-04-28 07:30:00,Bill Payment,Credit Card,1714.79,Failed,Travel,0
TX009984,85,2025-01-19 01:50:00,Purchase,UPI,1349.25,Success,Groceries,0
TX009985,275,2025-01-16 21:55:00,Purchase,Debit Card,397.81,Success,Other,0
TX009986,327,2025-06-09 10:01:00,Purchase,Debit Card,785.39,Success,Shopping,0
TX009987,296,2025-02-06 19:43:00,Transfer,Credit Card,799.72,Success,Healthcare,0
TX009988,258,2025-07-12 18:13:00,Purchase,UPI,242.36,Success,Dining,0
TX009989,263,2025-03-08 18:33:00,Purchase,Net Banking,476.37,Success,Travel,0
TX009990,35,2025-11-12 19:17:00,Transfer,UPI,569.53,Success,Other,0
TX009991,24,2025-09-13 15:43:00,Purchase,UPI,3709.24,Success,Dining,0
TX009992,252,2025-03-28 20:21:00,Transfer,UPI,1290.43,Success,Groceries,0
TX009993,477,2025-09-07 07:12:00,Purchase,UPI,1925.31,Success,Utilities,0
TX009994,202,2025-01-24 14:52:00,Purchase,UPI,306.79,Success,Healthcare,0
TX009995,315,2025-01-08 09:13:00,Withdrawal,Debit Card,3026.26,Success,Groceries,0
TX009996,358,2025-12-25 02:30:00,Purchase,Debit Card,3314.08,Success,Shopping,0
TX009997,167,2025-06-13 19:14:00,Transfer,UPI,200.62,Success,Other,0
TX009998,13,2025-01-28 13:29:00,Bill Payment,Credit Card,602.13,Failed,Other,0
TX009999,306,2025-12-04 07:13:00,Purchase,Debit Card,1671.37,Success,Travel,0
TX010000,466,2025-02-26 02:26:00,Bill Payment,Debit Card,1896.43,Success,Other,0
